ticker,setup,eligible,conviction,earnings_flag,earnings_date,veto,liquid,why,entry,stop,stop_pct,t1,t2,units,pos_native,pos_aed,risk_aed,risk_pct,cost_aed,hold_days,entry_note,exit_rule,plan_flags,close,atr,atr_pct,rsi14,rsi2,adx,dist21_atr,pct_52w_high,mom_1m,mom_3m,mom_6m,mom_12_1,rvol,adv20,squeeze_on,breakout20,breakout55,uptrend,composite,comp_rank,composite_final,g_trend,g_momentum,g_timing,g_volatility,g_volume,g_fundamentals,g_sentiment,social_buzz,social_bull,sector,shortName,shortPercentOfFloat,date,selected,skip_reason
PANW,Momentum continuation,True,73.72369888300172,,2026-11-19,False,True,momentum leader; strong trend structure; volume accumulation,403.239990234375,353.2769536640306,12.390397227542936,478.18454508989157,553.1290999454081,0.5449,219.72547067871096,806.941791067566,99.983293308321,0.5,2.4208253732026983,15,Half-size starter at market; add on a 2–3 day tight consolidation.,Stop 353.3; to breakeven at +1.0R; trail 2.5×ATR from +1.0R; scale 1/2 at T1 (+1.5R); time-stop 15 bars if < +0.5R,55-day high sits before T1 (resistance),403.239990234375,17.252170695440082,4.278387836834489,62.60249596625163,87.26354823593549,15.676943574032792,1.4892225458353243,0.9847130408653846,0.22759369443384037,0.1278493877748561,1.4706817820387577,0.588394613824625,0.8856297902609557,2327199734.7947693,0.0,0.0,0.0,1.0,0.8962441694976737,0.9646017699115044,0.6447855447256824,1.658553733537937,1.4336479453530298,-0.14313615103613947,-0.6068564373030644,1.0902866893802126,-0.4255744368776819,-0.29652347184688427,2.2626562123224025,0.8181818181818182,Technology,"Palo Alto Networks, Inc.",0.0269,2026-10-02,True,
ANET,Momentum continuation,True,73.10288483464984,,2026-11-03,False,True,momentum leader; strong trend structure; volatility compression,207.35000610351562,193.6299203764551,6.616872593778001,227.9301346941064,248.51026328469723,1.9846,411.5068221130371,1511.2588042101288,99.99806963683713,0.5,4.533776412630387,15,Half-size starter at market; add on a 2–3 day tight consolidation.,Stop 193.6; to breakeven at +1.0R; trail 2.5×ATR from +1.0R; scale 1/2 at T1 (+1.5R); time-stop 15 bars if < +0.5R,55-day high sits before T1 (resistance),207.35000610351562,6.860042863530268,3.3084362968890004,60.17701825557926,90.49943570957879,17.013239465064384,0.9834859282800672,0.9649123118453691,0.11418591780260323,0.1966182338656004,0.6368014335649153,0.24673411118706268,0.6911166842790228,955404383.8394928,0.0,0.0,0.0,1.0,0.7642712788559104,0.9380530973451328,0.6249054951664146,1.3016536853600995,0.8835492583855977,0.036060687894230115,0.9129832985745797,0.3349153837471646,-0.12309218615068311,0.25797690696754566,2.1357795214344106,1.0,Technology,"Arista Networks, Inc.",0.0127,2026-10-02,True,
MU,No clean setup,False,72.80225862416891,,2026-12-23,False,True,momentum leader; strong trend structure; volume accumulation; quality/growth fundamentals,1074.8900146484375,981.920815051505,8.649182551699468,1214.3438140438363,1353.7976134392352,0.5857,629.5630815795898,2312.0704171010434,199.9751910989086,1.0,6.936211251303131,0,No actionable pattern today.,Stop 981.9; to breakeven at +1.0R; trail 2.5×ATR from +1.0R; scale 1/2 at T1 (+1.5R); time-stop 15 bars if < +0.5R,55-day high sits before T1 (resistance); Ex-dividend 2026-10-14,1074.8900146484375,46.48459979846627,4.324591275849735,59.26429437456983,42.45357366619975,15.075832590479838,0.9716741684088516,0.8566178152483285,0.12426783892025339,0.09153593769833712,1.9353850195172875,4.25728605167939,0.9310667042970141,27127676201.046143,0.0,0.0,0.0,1.0,0.960979288149039,0.9734513274336283,0.9822982995316958,0.9177359254148588,1.680971797719137,0.32086039573821695,0.1403062184967733,1.0283361479606528,1.8244443122403948,0.31070437788425026,5.743085399550932,0.7857142857142857,Technology,"Micron Technology, Inc.",0.024500001,2026-10-02,False,not actionable today
MRK,Squeeze (pre-breakout),True,71.6350987162841,,2026-10-29,False,True,strong trend structure; favourable entry timing; volatility compression; Bollinger/Keltner squeeze on,153.90589798278293,142.14972493303634,7.63854615309267,171.54015755740284,189.1744171320227,4.6323,712.9382912256453,2618.2658745261824,199.99744723635783,1.0,7.854797623578548,15,Buy-stop just above the 20-day high (+0.1 ATR). Let price trigger it; don't anticipate.,Stop 142.1; to breakeven at +1.0R; trail 2.5×ATR from +1.0R; scale 1/2 at T1 (+1.5R); time-stop 15 bars if < +0.5R,55-day high sits before T1 (resistance),144.3000030517578,3.3589065856418796,2.3277245423460595,46.94693845663261,25.319146266471066,25.888301480586104,-0.5891110939852334,0.9250049733246484,-0.04278701829089182,0.1449106965310405,0.2095274260394535,0.7216993577497857,0.866075946855062,1442704312.9659271,1.0,0.0,0.0,1.0,0.759003679953683,0.9292035398230089,0.5790204055198944,1.2120491310215722,0.6690585872888648,0.8212237033925415,1.0907128096587047,-0.3472636553833593,-0.17631997329537347,-0.10550541113514726,2.092771213722813,0.8888888888888888,Healthcare,"Merck & Company, Inc.",0.0139999995,2026-10-02,True,
MSFT,Momentum continuation,True,70.77460344612466,,2026-10-28,False,True,momentum leader; strong trend structure,517.530029296875,488.3244948839056,5.6432540644353635,561.3383309163291,605.1466325357833,0.9323,482.49324631347656,1771.9564470862426,99.99600422021885,0.5,5.315869341258729,15,Half-size starter at market; add on a 2–3 day tight consolidation.,Stop 488.3; to breakeven at +1.0R; trail 2.5×ATR from +1.0R; scale 1/2 at T1 (+1.5R); time-stop 15 bars if < +0.5R,55-day high sits before T1 (resistance); crowd euphoric on social (contrarian caution),517.530029296875,11.58202534719027,2.237942668356038,62.700696024367126,91.61115529424146,36.37915331359026,1.2756628999328905,0.9423320985128818,0.04168516095838526,0.3407051562809811,0.39138679429888623,-0.036178563990071355,0.7612152810976881,10681883933.50296,0.0,0.0,0.0,1.0,0.6392028119027345,0.911504424778761,0.5527888448121295,1.513599977142317,0.8035128813123408,-0.4159236816195599,0.476715282569652,0.22481057751607736,-0.08282195964779865,0.497087912547217,4.869402661086551,0.9,Technology,Microsoft Corporation,0.0091,2026-10-02,False,sector cap (Technology)
XOM,Pullback in uptrend,True,70.59473613958431,,2026-10-30,False,True,strong trend structure; favourable entry timing; volatility compression; volume accumulation,162.2469813661174,154.96849953315635,4.486050693625449,173.164704115559,184.0824268650006,7.4821,1213.948139279427,4458.224541503696,199.99821296750653,1.0,13.37467362451109,15,"Limit near the 21-EMA, or at market on the first up-close / reclaim day.",Stop 155; to breakeven at +1.0R; trail 2.5×ATR from +1.0R; scale 1/2 at T1 (+1.5R); time-stop 15 bars if < +0.5R,55-day high sits before T1 (resistance),164.00999450683594,3.526026281437063,2.1498850067275006,55.12638426167659,85.6460773100496,13.498631546261096,0.5194075131578859,0.9420804412195998,-0.0008528747782757806,0.2098504030467554,0.034242340937941984,0.5082375035093887,0.8251149881441237,2297554136.5920258,0.0,0.0,0.0,1.0,0.7589219523696421,0.9203539823008849,0.5473636760003032,0.8019867825458125,0.6068201968383585,0.6619918949349007,0.6480711022614292,1.309292617105835,-0.04428665531097449,-0.5534522036431312,2.070375059190157,0.75,Energy,ExxonMobil Holdings Corporation,0.0108,2026-10-02,True,
NVDA,Momentum continuation,True,70.22875287747256,,2026-11-17,False,True,volatility compression; quality/growth fundamentals,233.9499969482422,219.6144106708739,6.127628324158439,255.45337636429463,276.95675578034707,1.8994,444.3646242034912,1631.9290823873214,99.99854868254441,0.5,4.895787247161965,15,Half-size starter at market; add on a 2–3 day tight consolidation.,Stop 219.6; to breakeven at +1.0R; trail 2.5×ATR from +1.0R; scale 1/2 at T1 (+1.5R); time-stop 15 bars if < +0.5R,55-day high sits before T1 (resistance); crowd euphoric on social (contrarian caution),233.9499969482422,5.902342668066933,2.5229077773284754,63.011079683792,95.186943693792,16.015164817520294,1.5806103183477243,0.9834790320585945,0.04367796703392446,0.1977078628548592,0.32186010798593445,0.200043817683474,0.9815798149035357,24630934462.001266,0.0,0.0,0.0,1.0,0.44967465895194114,0.8407079646017699,0.5363842164070528,0.6933052707131557,0.702711345734689,-0.552019996572816,0.7983632530158331,0.48367510769588645,0.8533610809486727,0.9130838115063252,6.320012930792184,0.9375,Technology,NVIDIA Corporation,0.0127,2026-10-02,False,sector cap (Technology)
AAPL,Pullback in uptrend,True,69.65811767005728,,2026-10-29,False,True,favourable entry timing,331.0239878134042,316.95720944015784,4.249474023367659,352.12415537327365,373.2243229331432,3.8714,1281.5262664208128,4706.405213430435,199.9974669791476,1.0,14.119215640291307,15,"Limit near the 21-EMA, or at market on the first up-close / reclaim day.",Stop 317; to breakeven at +1.0R; trail 2.5×ATR from +1.0R; scale 1/2 at T1 (+1.5R); time-stop 15 bars if < +0.5R,55-day high sits before T1 (resistance); crowd euphoric on social (contrarian caution),333.69000244140625,7.033389186623159,2.107761435812922,54.73837266257525,62.385708386206694,17.18980161632729,0.37905120238086376,0.9662651473329904,0.026864879418655896,0.06818197581868257,0.306210883034,0.2768071717971887,0.8356896502573355,13988005526.706696,0.0,0.0,0.0,1.0,0.5779472826478942,0.8938053097345132,0.5194188935644443,0.7115797361675821,0.46278658746457546,0.776008204252771,0.4465838703797123,0.4328561434276826,-0.25447048833739405,0.825081162798682,4.912316596648023,1.0,Technology,Apple Inc.,0.0088,2026-10-02,False,sector cap (Technology)
AMD,Extended (wait),False,68.9670113816636,,2026-11-03,False,True,momentum leader; strong trend structure; volume accumulation,633.9099731445312,576.2180287156938,9.100968098459578,720.4478897877875,806.9858064310437,0.9439,598.3476236511231,2197.4316478587493,199.9875532570794,1.0,6.592294943576248,15,Too far above the 21-EMA. Set an alert for a pullback toward it.,Stop 576.2; to breakeven at +1.0R; trail 2.5×ATR from +1.0R; scale 1/2 at T1 (+1.5R); time-stop 15 bars if < +0.5R,55-day high sits before T1 (resistance); crowd euphoric on social (contrarian caution),633.9099731445312,24.207963262225014,3.8188330027591486,70.0723975533013,93.38921485283393,25.827877615885022,2.4758613976851342,0.9821057099821214,0.38692945462431516,0.1482836467016857,1.9145286121587644,1.7867813722751116,0.8034101853164892,12885467729.176636,0.0,0.0,0.0,1.0,0.9752923585185048,0.9823008849557522,0.8268363100317613,1.0743204393313097,2.0408363453267016,-0.768193980468986,-0.5245647621513334,2.228462859023477,-0.1583440883729569,0.6243683205425313,4.797927261177521,0.9444444444444444,Technology,"Advanced Micro Devices, Inc.",0.024600001,2026-10-02,False,not actionable today
ABBV,Pullback in uptrend,True,68.13476390900281,,2026-10-30,False,True,strong trend structure; favourable entry timing,261.6535857869471,251.34567692652473,3.9395251662309025,277.1154490775806,292.5773123682141,5.2033,1361.4621029252216,4999.969572992876,196.97505963194217,1.0,14.99990871897863,15,"Limit near the 21-EMA, or at market on the first up-close / reclaim day.",Stop 251.3; to breakeven at +1.0R; trail 2.5×ATR from +1.0R; scale 1/2 at T1 (+1.5R); time-stop 15 bars if < +0.5R,size capped at 25% of capital; 55-day high sits before T1 (resistance); Ex-dividend 2026-10-15,262.82000732421875,5.153954430211176,1.9610205793249138,53.7830263777835,64.58549484299907,17.221919402013086,0.2263158421491673,0.9756115410112999,0.004202988301944988,0.038980752205142855,0.27794793170970866,0.10417910997357627,0.9712056803527493,1115368080.0350952,0.0,0.0,0.0,1.0,0.548984916577734,0.8849557522123894,0.4749824551930459,0.913551505490837,0.3286015480114635,0.5677559438936648,0.44412951675220874,0.4475090190188326,0.15579655777485032,0.20214866153373648,1.8624449595840185,1.0,Healthcare,AbbVie Inc.,0.0123000005,2026-10-02,True,
TMO,Pullback in uptrend,True,66.9248915585881,Earnings in 15d — binary gap risk,2026-10-21,False,True,strong trend structure; favourable entry timing; volume accumulation,649.1475703183095,618.0064773609334,4.797228608913378,695.8592097543735,742.5708491904376,1.7487,1135.1643562156278,4168.891098201892,199.9912364373843,1.0,12.50667329460568,15,"Limit near the 21-EMA, or at market on the first up-close / reclaim day.",Stop 618; to breakeven at +1.0R; trail 2.5×ATR from +1.0R; scale 1/2 at T1 (+1.5R); time-stop 15 bars if < +0.5R,55-day high sits before T1 (resistance),654.7999877929688,15.570546478688021,2.377908791838743,56.663828326718026,18.92563520255392,42.110691790386504,0.3630198517692327,0.9578280401914399,0.07684275410549546,0.26603923145795494,0.3347145059578076,0.14975747343055934,1.0029975276590053,1499171467.3980713,0.0,0.0,0.0,1.0,1.0023987491876076,0.9911504424778761,0.7525468947541569,1.93536580878404,0.7559469858706718,0.7039692274177601,-0.028306813390992665,1.2309438835204536,-0.508090791903756,0.01436974594446346,0.9430811640982885,1.0,Healthcare,Thermo Fisher Scientific Inc,0.0136,2026-10-02,False,sector cap (Healthcare)
PLTR,No clean setup,False,66.67709706142172,,2026-11-02,False,True,strong trend structure; volume accumulation,188.75,175.1916768366589,7.18321756998204,209.08748474501164,229.4249694900233,4.0166,758.1332500000001,2784.2443606250004,199.99833010364912,1.0,8.352733081875002,0,No actionable pattern today.,Stop 175.2; to breakeven at +1.0R; trail 2.5×ATR from +1.0R; scale 1/2 at T1 (+1.5R); time-stop 15 bars if < +0.5R,55-day high sits before T1 (resistance),188.75,6.273270680708159,3.323587115606972,61.17985788011922,50.31067997119574,27.517550762378455,1.0399671234778505,0.9095508679355216,0.11383212865501613,0.4240984575313709,0.2713861744852626,-0.08375231408470818,0.5060756695436076,4140820168.4645844,0.0,0.0,0.0,1.0,0.8656845166793047,0.9557522123893806,0.7438545144420136,1.7834445538853179,0.7866040649243118,0.009653217949815628,0.3192081970661072,1.0583888393621896,0.2139659109754136,0.29910310001028445,4.741652845863168,0.8461538461538461,Technology,Palantir Technologies Inc.,0.027999999,2026-10-02,False,not actionable today
CRWD,Extended (wait),False,65.58984063976138,,2026-12-01,False,True,momentum leader; strong trend structure; volume accumulation; new 55-day high,270.0400085449219,229.98943233066552,14.831349039745653,330.1158728663064,390.19173718769093,1.3597,367.17339961853025,1348.4443100990522,199.9924822373807,1.0,4.045332930297157,15,Too far above the 21-EMA. Set an alert for a pullback toward it.,Stop 230; to breakeven at +1.0R; trail 2.5×ATR from +1.0R; scale 1/2 at T1 (+1.5R); time-stop 15 bars if < +0.5R,,270.0400085449219,11.443021775501817,4.237528297070188,68.74572609292407,95.51452047200755,25.260903150936112,2.144801532376257,0.9872228597057188,0.32749980815871904,0.35439864545915967,1.7063540975002685,0.6274902123821064,0.7622174910189922,2567842016.8593597,0.0,1.0,1.0,1.0,1.0321310539091477,1.0,0.7064515488862889,2.041465861556337,1.8629592911216744,-0.7428333607835145,-0.7207973173908466,1.3517658389224383,-0.47220025067245247,-0.7203326917378409,4.183838361260664,0.5625,Technology,"CrowdStrike Holdings, Inc.",0.0277,2026-10-02,False,not actionable today
CVX,Pullback in uptrend,True,65.57802101351268,,2026-10-30,False,True,favourable entry timing; quality/growth fundamentals,206.36325525801385,198.18418274381736,3.9634345290639468,218.6318640293086,230.90047280060332,6.5974,1361.4609402392207,4999.965303028538,198.17035126144987,1.0,14.999895909085616,15,"Limit near the 21-EMA, or at market on the first up-close / reclaim day.",Stop 198.2; to breakeven at +1.0R; trail 2.5×ATR from +1.0R; scale 1/2 at T1 (+1.5R); time-stop 15 bars if < +0.5R,size capped at 25% of capital; 55-day high sits before T1 (resistance),206.69000244140625,4.089536257098241,1.978584454396902,51.93026759008344,67.72555893851603,17.601507072143004,0.07989834613283142,0.9490770667643842,-0.024034358141606593,0.24029633861933886,0.05746318491239122,0.42402075330244293,0.7939793488795033,2052372150.7943726,0.0,0.0,0.0,1.0,0.4573288972511385,0.8584070796460177,0.40284081868996174,0.50872160817714,0.6496427633199624,0.7927590988488779,0.4399216088426679,-0.6119792037610629,0.5204967074276674,-0.1507196985371584,1.871402490053018,0.8888888888888888,Energy,Chevron Corporation,0.0106,2026-10-02,False,correlated with XOM (0.85)
CRM,Pullback in uptrend,True,65.18227268552523,,2026-12-02,False,True,strong trend structure; favourable entry timing; distribution in volume,234.69000244140625,217.11855612551247,7.487087704249672,261.0471719152469,287.40434138908756,3.0992,727.3512555664063,2671.197486067627,199.9948985355956,1.0,8.013592458202881,15,"Limit near the 21-EMA, or at market on the first up-close / reclaim day.",Stop 217.1; to breakeven at +1.0R; trail 2.5×ATR from +1.0R; scale 1/2 at T1 (+1.5R); time-stop 15 bars if < +0.5R,,234.69000244140625,8.785723157946888,3.743543852124835,51.49425233734682,62.318079730265396,19.771263941654684,-0.03057371021846214,0.8763666994100537,-0.08495345713668345,0.4192749211426474,0.262416822895835,0.09743377467229286,0.7485836259176508,2912990248.0052185,0.0,0.0,0.0,1.0,0.43899488104974743,0.831858407079646,0.3919130487320979,0.9011302463746605,0.7915191919859702,0.7365561366428381,-0.01915512103844532,-1.3547785082420802,0.16630158488990057,0.24086985403309893,2.0520235519953864,1.0,Technology,"Salesforce, Inc.",0.0454,2026-10-02,False,sector cap (Technology)
PFE,Pullback in uptrend,True,65.032270345835,,2026-11-03,False,True,favourable entry timing; volume accumulation,27.799999237060547,26.770946736384744,3.701627801859648,29.34357798807425,30.887156739087956,48.9737,1361.4688226360322,4999.994251130828,185.08117729124282,1.0,14.999982753392487,15,"Limit near the 21-EMA, or at market on the first up-close / reclaim day.",Stop 26.77; to breakeven at +1.0R; trail 2.5×ATR from +1.0R; scale 1/2 at T1 (+1.5R); time-stop 15 bars if < +0.5R,size capped at 25% of capital; 55-day high sits before T1 (resistance); crowd euphoric on social (contrarian caution),27.799999237060547,0.5145262503379008,1.850813900929821,47.88571951383334,3.028834035327634,29.469936049479468,-0.48740042804399814,0.9517288636903234,-0.04204001383386402,0.19250975369192114,0.015298150017080347,0.14131711723105633,0.8734387527538037,906464677.5559807,0.0,0.0,0.0,1.0,0.4095707716584209,0.8053097345132744,0.38778624203742834,-0.012774617011774934,0.40650084182741764,0.824186670017854,0.1433729972250064,0.9062103004705854,0.003420067322935575,0.5978761797839804,3.7999231477767084,1.0,Healthcare,"Pfizer, Inc.",0.0272,2026-10-02,False,sector cap (Healthcare)
DE,Squeeze (pre-breakout),True,64.07995673665437,,2026-11-25,False,True,strong trend structure; favourable entry timing; volatility compression; Bollinger/Keltner squeeze on,721.2701539779652,659.4217955361128,8.574922738830235,814.0426916407437,906.8152293035223,0.8805,635.0783705775983,2332.3253159462297,199.99509386056735,1.0,6.99697594783869,15,Buy-stop just above the 20-day high (+0.1 ATR). Let price trigger it; don't anticipate.,Stop 659.4; to breakeven at +1.0R; trail 2.5×ATR from +1.0R; scale 1/2 at T1 (+1.5R); time-stop 15 bars if < +0.5R,,687.0,17.67095955481497,2.572192074936677,56.574910043272226,78.20818162799776,18.75178184318637,0.6032932940020753,0.9548256846721171,-0.013933335114637901,0.08406177600971598,0.19925703608625556,0.559907743574694,1.0094737326443153,866130007.1170044,1.0,0.0,0.0,1.0,0.6145669578326536,0.9026548672566371,0.361772612340396,1.037125983201231,0.5369850545333607,0.6037518255916184,0.710247763918034,-0.11605444238009739,-0.7405188044367393,-0.5582907348205295,0.9810461675197499,0.8181818181818182,Industrials,Deere & Company,0.0208,2026-10-02,True,
MRVL,No clean setup,False,63.5673197576064,,2026-12-01,False,True,momentum leader; strong trend structure; volume accumulation; new 55-day high,272.2900085449219,241.73862577983746,11.220162990315565,318.1170826925485,363.9441568401751,1.7825,485.3569402313232,1782.4733629995344,199.99641658750699,1.0,5.347420088998604,0,No actionable pattern today.,Stop 241.7; to breakeven at +1.0R; trail 2.5×ATR from +1.0R; scale 1/2 at T1 (+1.5R); time-stop 15 bars if < +0.5R,Ex-dividend 2026-10-09,272.2900085449219,13.005518853306361,4.77634817480302,64.99195427302118,92.2225952312931,22.49993980630744,1.7678009670416988,0.825625004996225,0.31872343170823436,0.0926191501047322,1.5440529967380296,1.466562112032769,0.7465962062122121,4334792136.428375,0.0,1.0,1.0,1.0,0.8095495336048626,0.9469026548672567,0.6397498559524236,1.0213772854307164,1.4672626102539272,-0.32547214153972165,-0.35170944019830164,1.6054028248505325,-0.3054639171768325,0.22656620786216752,4.214761488225811,0.8571428571428571,Technology,"Marvell Technology, Inc.",0.0418,2026-10-02,False,max 6 positions in RISK_ON
AMGN,Pullback in uptrend,True,63.464998463169344,,2026-11-03,False,True,strong trend structure; favourable entry timing,403.0400085449219,379.31700375269287,5.886017340530325,438.6245157332654,474.2090229216089,2.2956,925.2186436157226,3397.8654686787413,199.9989506943227,1.0,10.193596406036226,15,"Limit near the 21-EMA, or at market on the first up-close / reclaim day.",Stop 379.3; to breakeven at +1.0R; trail 2.5×ATR from +1.0R; scale 1/2 at T1 (+1.5R); time-stop 15 bars if < +0.5R,,403.0400085449219,10.33196057516601,2.5635074325417584,47.83912144460855,9.60189754925986,27.05154534692396,-0.3982635355592534,0.9015949928315811,-0.0898744199306718,0.10630771768293523,0.1739285718412662,0.5247050667431035,1.0995274981066512,1322948525.081787,0.0,0.0,0.0,1.0,0.5299782355879878,0.8761061946902655,0.34513612582308867,0.8782437829243758,0.43422531734274855,0.707351926726392,-0.05297541619582517,0.3897225516045167,-0.22066585004897193,-0.5677987764240444,1.2186654160551618,0.8,Healthcare,Amgen Inc.,0.025999999,2026-10-02,False,max 6 positions in RISK_ON
EEM,Pullback in uptrend,True,63.119376876838274,,,False,True,favourable entry timing,67.2676976223541,65.20110227207607,3.0721957541642895,70.36759064777115,73.46748367318821,20.2395,1361.464566027636,4999.978618736493,153.60913083394482,1.0,14.999935856209483,15,"Limit near the 21-EMA, or at market on the first up-close / reclaim day.",Stop 65.2; to breakeven at +1.0R; trail 2.5×ATR from +1.0R; scale 1/2 at T1 (+1.5R); time-stop 15 bars if < +0.5R,size capped at 25% of capital; 55-day high sits before T1 (resistance),67.66999816894531,1.033297675139016,1.526965720553559,52.87016512899398,80.79146159411957,9.424409881179544,0.38933654480262175,0.9455078728167028,0.007743806868954595,0.0014799241464071855,0.20200975469609062,0.27211048207671107,0.9652369526430757,1325869766.1748505,0.0,0.0,0.0,1.0,0.33583844371189103,0.7610619469026548,0.33583844371189103,0.22471930742340557,0.23280175793624805,0.7366825410098776,0.05545459564119884,0.4947861328516813,,,,,ETF,iShares MSCI Emerging Index Fun,,2026-10-02,False,max 6 positions in RISK_ON
META,Momentum continuation,True,63.021913762069744,,2026-10-28,False,True,strong trend structure; volume accumulation,728.0800170898438,673.2434722744662,7.531664587439275,810.3348343129101,892.5896515359765,0.4965,361.49172848510744,1327.578372861557,99.98875017931643,0.5,3.9827351185846713,15,Half-size starter at market; add on a 2–3 day tight consolidation.,Stop 673.2; to breakeven at +1.0R; trail 2.5×ATR from +1.0R; scale 1/2 at T1 (+1.5R); time-stop 15 bars if < +0.5R,55-day high sits before T1 (resistance),728.0800170898438,25.426013245885255,3.492200396807173,61.537806922729516,48.65340923975958,39.686077227774234,1.3223445543553338,0.9336513685870802,0.2290708842756044,0.21383774642211906,0.2695921368463412,-0.17139455110645996,0.9785252567674365,16626034997.92389,0.0,0.0,0.0,1.0,0.38100834230635167,0.7787610619469026,0.33322314378517176,0.9648828802635706,0.4166361289773608,-0.12120555389638994,-0.557102585399793,0.8156215717246479,-0.049058444384267264,,,,Communication Services,"Meta Platforms, Inc.",0.014099999,2026-10-02,False,max 6 positions in RISK_ON
LLY,Mean-reversion bounce,True,62.04883085000679,,,False,True,favourable entry timing; volatility compression,1142.8499755859375,1079.0249340734977,5.584726156179584,1238.5875378545973,1334.325100123257,0.8532,975.0795991699218,3580.979827951538,199.9879170991242,1.0,10.742939483854617,7,Buy at market; exit on a close above the 8-EMA or after 5–7 days.,Stop 1079; to breakeven at +1.0R; trail 2.5×ATR from +1.0R; scale 1/2 at T1 (+1.5R); time-stop 15 bars if < +0.5R,,1142.8499755859375,31.912520756219926,2.792363078089793,43.04863914323401,3.640632677162216,17.531826051868073,-0.6075074916085812,0.8841139937346716,-0.01485240769726548,-0.046308047663068286,0.2253979223582252,0.41430604223269984,0.8885077349356526,2597997029.538574,0.0,0.0,0.0,0.0,0.31965793559701267,0.7256637168141593,0.3072633490011318,0.03976727706402744,0.10434003159974992,0.6403725533521996,0.7736733920798003,0.48264662954057186,0.20810665623408436,,,,Healthcare,Eli Lilly and Company,0.0084,2026-10-02,False,max 6 positions in RISK_ON
XBI,Squeeze (pre-breakout),True,61.296971634985596,,,False,True,volatility compression; Bollinger/Keltner squeeze on,166.36668214628193,152.1330420117655,8.555583336091997,187.7171423480566,209.06760254983124,3.826,636.5189258916747,2337.6157553371754,199.9966640254884,1.0,7.012847266011528,15,Buy-stop just above the 20-day high (+0.1 ATR). Let price trigger it; don't anticipate.,Stop 152.1; to breakeven at +1.0R; trail 2.5×ATR from +1.0R; scale 1/2 at T1 (+1.5R); time-stop 15 bars if < +0.5R,55-day high sits before T1 (resistance),154.42999267578125,4.066754324147551,2.6333966956053136,43.54840709599652,17.592550431193132,11.488095795965341,-0.7356296212460097,0.9089999012925467,-0.06615470015375968,-0.03967418058375283,0.1986784686201437,0.6380309811087483,1.0099499229064812,1377620081.261673,1.0,0.0,0.0,1.0,0.28738286878502595,0.6814159292035398,0.28738286878502595,0.17577330300588878,0.25866556990713785,0.467651317442844,0.7879458999776671,-0.18857045664134806,,,,,ETF,State Street SPDR S&P Biotech E,,2026-10-02,False,max 6 positions in RISK_ON
COP,Pullback in uptrend,True,60.72622394209311,,,False,True,favourable entry timing,126.75,120.42919813590973,4.986825928276348,136.2312027961354,145.7124055922708,8.6158,1092.05265,4010.563357125,199.99981336305981,1.0,12.031690071375001,15,"Limit near the 21-EMA, or at market on the first up-close / reclaim day.",Stop 120.4; to breakeven at +1.0R; trail 2.5×ATR from +1.0R; scale 1/2 at T1 (+1.5R); time-stop 15 bars if < +0.5R,,126.75,3.160400932045139,2.4934129641381766,44.89787089204151,61.641120964703774,20.00153599650744,-0.7537004569772762,0.895000736973032,-0.07616616020905875,0.23185366683757858,-0.015142150546991862,0.4825627126748546,0.9287470982087592,902110895.7458496,0.0,0.0,0.0,1.0,0.28494819051664344,0.672566371681416,0.2723866311919735,0.20360013061699986,0.5057330474256249,0.6358989080019595,0.3525587131650746,-0.6983544308329289,0.17189415659461382,,,,Energy,ConocoPhillips,0.0134000005,2026-10-02,False,max 6 positions in RISK_ON
NOW,Squeeze (pre-breakout),True,59.825332966261676,,,False,True,strong trend structure; favourable entry timing; Bollinger/Keltner squeeze on,148.17394920319012,127.03598343919187,14.265642427476829,179.8808978491875,211.58784649518486,2.5763,381.74054533217867,1401.9421527324262,199.99605454887896,1.0,4.205826458197279,15,Buy-stop just above the 20-day high (+0.1 ATR). Let price trigger it; don't anticipate.,Stop 127; to breakeven at +1.0R; trail 2.5×ATR from +1.0R; scale 1/2 at T1 (+1.5R); time-stop 15 bars if < +0.5R,55-day high sits before T1 (resistance),134.3800048828125,6.039418789713787,4.494283799870766,50.348044298580824,42.558365459132624,19.030025656235196,-0.10947466224722457,0.696392123496191,-0.01711524515065821,0.2450662883614234,0.31745102826286775,-0.25079180380423705,0.580298435291449,1612095306.066742,1.0,0.0,0.0,1.0,0.30943777691555274,0.7168141592920354,0.24887035984850703,0.9735296200772232,-0.02415682487372539,0.8889621029420768,-0.05072952606332295,-0.6938785909955034,-0.23566897668785866,,,,Technology,"ServiceNow, Inc.",0.0279,2026-10-02,False,max 6 positions in RISK_ON
ETN,Pullback in uptrend,True,59.34065760713503,,,False,True,volume accumulation,429.12358963217196,401.1780067546097,6.512245784836973,471.04196394851533,512.9603382648586,1.9487,836.2331391162136,3071.0662034042944,199.99537938074903,1.0,9.213198610212885,15,"Limit near the 21-EMA, or at market on the first up-close / reclaim day.",Stop 401.2; to breakeven at +1.0R; trail 2.5×ATR from +1.0R; scale 1/2 at T1 (+1.5R); time-stop 15 bars if < +0.5R,,436.1099853515625,13.972791438781123,3.2039604476190107,56.306738188014734,60.98815910822413,11.305079953335367,0.6928270883511163,0.9123639860911349,0.11579884493096282,0.05747901129653776,0.2140435504171072,0.05715739176400403,0.9271879668505075,891145561.4924622,0.0,0.0,0.0,1.0,0.32589360498124154,0.7345132743362832,0.23629128879476738,0.5324134746567041,0.1684979985635588,0.4327846306671621,-0.136975685858779,0.6088756339856626,-0.48052724069702596,,,,Industrials,"Eaton Corporation, PLC",0.02,2026-10-02,False,max 6 positions in RISK_ON
GILD,Pullback in uptrend,True,59.098328695285005,,,False,True,volatility compression,144.74000549316406,137.85782397620605,4.754857852539637,155.0632777686011,165.3865500440381,7.913,1145.3276634674073,4206.215844084053,199.99958435719697,1.0,12.618647532252162,15,"Limit near the 21-EMA, or at market on the first up-close / reclaim day.",Stop 137.9; to breakeven at +1.0R; trail 2.5×ATR from +1.0R; scale 1/2 at T1 (+1.5R); time-stop 15 bars if < +0.5R,55-day high sits before T1 (resistance),144.74000549316406,3.4410907584790102,2.377428926269821,44.47660643682254,2.971389717737779,28.576166016723874,-0.9495823784955194,0.9367657548976168,-0.027102356766363522,0.12302457761442898,0.04868524101114091,0.37155884738395706,0.8288388702556909,880393569.9530792,0.0,0.0,0.0,1.0,0.28763365905776933,0.6902654867256637,0.23001982458421566,0.15323008040776184,0.3836449237132834,0.4439579059760306,0.5152674501388982,-0.14570750673952196,-0.2308908512042138,,,,Healthcare,"Gilead Sciences, Inc.",0.0148,2026-10-02,False,max 6 positions in RISK_ON
XLE,Pullback in uptrend,True,57.81145746969011,,,False,True,favourable entry timing,62.68973734110933,60.27663090461528,3.849284649836349,66.30939699585039,69.92905665059146,21.7175,1361.464370705542,4999.977901416103,192.46338185441965,1.0,14.999933704248313,15,"Limit near the 21-EMA, or at market on the first up-close / reclaim day.",Stop 60.28; to breakeven at +1.0R; trail 2.5×ATR from +1.0R; scale 1/2 at T1 (+1.5R); time-stop 15 bars if < +0.5R,size capped at 25% of capital; 55-day high sits before T1 (resistance); crowd bearish on social,62.81999969482422,1.2065532182470224,1.9206514232861913,51.64936413589117,87.59674416253682,18.716152252773206,0.1079623772452789,0.9550159741988189,-0.029287222624625575,0.18941096231654475,0.07424704500107349,0.49004905776315777,1.0792720242658578,2191601269.854107,0.0,0.0,0.0,1.0,0.4671969852070699,0.8672566371681416,0.1968989387477203,0.4542666608193274,0.6133124354490258,0.7685265217311,0.22365937280339757,-0.08068768400470767,,-1.9654854329270763,3.244149598690541,0.0,ETF,State Street Energy Select Sect,,2026-10-02,False,max 6 positions in RISK_ON
BRK-B,Pullback in uptrend,True,57.37635442266522,,,False,True,favourable entry timing; volume accumulation,502.6499938964844,491.1416277427239,2.2895387035716306,519.912543127125,537.1750923577657,2.7085,1361.4275084686278,4999.842524851036,114.47332972409748,1.0,14.99952757455311,15,"Limit near the 21-EMA, or at market on the first up-close / reclaim day.",Stop 491.1; to breakeven at +1.0R; trail 2.5×ATR from +1.0R; scale 1/2 at T1 (+1.5R); time-stop 15 bars if < +0.5R,size capped at 25% of capital,502.6499938964844,5.754183076880216,1.1447693517858137,46.50038243192086,71.35544578857062,10.307707042326987,-0.4106438402700977,0.934745421625428,-0.005126269471838807,-0.007757891705065689,0.05300091645433502,0.014130826685765374,1.0318402857438471,2368481074.551239,0.0,0.0,0.0,1.0,0.18576444675643367,0.6371681415929203,0.18576444675643367,-0.037744516237166,-0.024385137821286457,0.6679934501923791,-0.265082303509571,0.8856595793000196,,,,,,,,2026-10-02,False,max 6 positions in RISK_ON
VRTX,Pullback in uptrend,True,56.50188751916678,,,False,True,volatility compression,504.7300109863281,480.7316595022128,4.75469081721899,540.7275382125011,576.7250654386742,2.2692,1145.3333409301758,4206.236694566071,199.99354986702855,1.0,12.618710083698213,15,"Limit near the 21-EMA, or at market on the first up-close / reclaim day.",Stop 480.7; to breakeven at +1.0R; trail 2.5×ATR from +1.0R; scale 1/2 at T1 (+1.5R); time-stop 15 bars if < +0.5R,,504.7300109863281,11.999175742057686,2.377345408609498,39.03390027350097,2.9553126489803105,16.39118270169661,-1.2676355847285907,0.9009014029207106,-0.09343509477085199,-0.04694200156440109,0.15048670150474597,0.37737812466190457,0.8419582385340443,522942407.9766846,0.0,0.0,0.0,1.0,0.16347281194078964,0.6194690265486725,0.16347281194078964,0.17352081748440737,0.07272578730356108,0.18392662353798872,0.712847130602338,-0.20981067361072156,,,,,,,,2026-10-02,False,max 6 positions in RISK_ON
KO,Pullback in uptrend,True,56.34218643955631,,,False,True,no dominant factor,85.6500015258789,83.21899652125433,2.8383011807536973,89.29650903281578,92.94301653975265,15.8957,1361.4667292549134,4999.98656318867,141.9146776605102,1.0,14.99995968956601,15,"Limit near the 21-EMA, or at market on the first up-close / reclaim day.",Stop 83.22; to breakeven at +1.0R; trail 2.5×ATR from +1.0R; scale 1/2 at T1 (+1.5R); time-stop 15 bars if < +0.5R,size capped at 25% of capital,85.6500015258789,1.2155025023122916,1.41915059037685,38.374127026843375,2.167452484851921,15.389454680900668,-1.3895214564870506,0.9315719514398593,-0.023559760873702373,0.03858590151586139,0.13030978131348436,0.3484340148382785,1.051451075196829,1385694870.9542084,0.0,0.0,0.0,1.0,0.1594133115948393,0.6106194690265486,0.1594133115948393,0.12050304195026394,0.2621707726405817,0.18363737362005453,0.2337493676210328,-0.13033195079438237,,,,,,,,2026-10-02,False,max 6 positions in RISK_ON
QQQ,Momentum continuation,True,55.99923885407793,,,False,True,volume accumulation; new 55-day high,749.5800170898438,725.4378537427056,3.220758664414148,785.793262110551,822.0065071312583,1.1278,845.3763432739257,3104.644620673492,99.99311061960925,0.5,9.313933862020479,15,Half-size starter at market; add on a 2–3 day tight consolidation.,Stop 725.4; to breakeven at +1.0R; trail 2.5×ATR from +1.0R; scale 1/2 at T1 (+1.5R); time-stop 15 bars if < +0.5R,,749.5800170898438,9.48857526355268,1.2658522168708495,65.59189801650197,94.5277181045528,14.08843374817656,1.9722057209478743,0.9934265100830479,0.05797912352865575,0.038102234624215914,0.28412209550049283,0.17999269524439665,0.951581919550708,24662063354.744568,0.0,1.0,1.0,1.0,0.15070697888232357,0.584070796460177,0.15070697888232357,0.5469213862045498,0.4042164318788536,-0.7061715118801294,-0.8895053820064299,1.0500346287789788,,,,,,,,2026-10-02,False,max 6 positions in RISK_ON
SMH,Extended (wait),False,54.65460677102257,,,False,True,volume accumulation; new 55-day high,630.5999755859375,577.034456784017,8.494373751307037,710.9482537888182,791.2965319916989,1.0166,641.067935180664,2354.3219919509884,199.98490930553376,1.0,7.062965975852966,15,Too far above the 21-EMA. Set an alert for a pullback toward it.,Stop 577; to breakeven at +1.0R; trail 2.5×ATR from +1.0R; scale 1/2 at T1 (+1.5R); time-stop 15 bars if < +0.5R,,630.5999755859375,15.304433943405861,2.42696392894487,68.60750947533504,97.55892744128518,17.970256833476554,2.6044989117926445,0.9386302480462219,0.1455457018599713,0.04352141043229518,0.6073612454457384,0.654807936122922,0.6803655444719534,3769767338.3502197,0.0,1.0,1.0,1.0,0.43461685972385844,0.8230088495575221,0.37743205922627987,0.6823285595555506,0.734126164711733,-0.8971459301133167,0.2491491634114504,1.3735320786589578,,-0.0800463447543487,3.0857174047367097,0.8333333333333334,ETF,VanEck Semiconductor ETF,,2026-10-02,False,max 6 positions in RISK_ON
XLV,Pullback in uptrend,True,54.51843332400587,,,False,True,no dominant factor,166.17999267578125,161.41933300433527,2.8647610309708407,173.32098218295022,180.46197169011919,8.1927,1361.4628259948731,4999.972228466171,143.23725596046322,1.0,14.999916685398516,15,"Limit near the 21-EMA, or at market on the first up-close / reclaim day.",Stop 161.4; to breakeven at +1.0R; trail 2.5×ATR from +1.0R; scale 1/2 at T1 (+1.5R); time-stop 15 bars if < +0.5R,size capped at 25% of capital,166.17999267578125,2.3803298357229905,1.4323805154854212,42.55154813031854,4.511980426074956,15.04296071241128,-0.9936446571039673,0.9445978323243092,-0.035466970052353886,0.029982568142372212,0.14128254507458315,0.22094971903934235,1.044227047698679,1362824265.5350494,0.0,0.0,0.0,1.0,0.11326984671370428,0.5663716814159292,0.11326984671370428,0.15154469182031488,0.21893655745274734,0.4625958930354713,-0.1524518589221451,-0.4857139841939255,,,,,,,,2026-10-02,False,max 6 positions in RISK_ON
SPY,Pullback in uptrend,True,54.30072611424559,,,False,True,no dominant factor,766.2683788953075,752.7818358827875,1.760028651053418,786.4981934140874,806.7280079328674,1.7767,1361.4290287832928,4999.848108206643,87.99875921358921,1.0,14.999544324619931,15,"Limit near the 21-EMA, or at market on the first up-close / reclaim day.",Stop 752.8; to breakeven at +1.0R; trail 2.5×ATR from +1.0R; scale 1/2 at T1 (+1.5R); time-stop 15 bars if < +0.5R,size capped at 25% of capital; costs > 15% of risk budget; 55-day high sits before T1 (resistance),769.6400146484375,6.743271506259999,0.8761591624547025,55.391302485473055,86.84498242687026,9.564164333853512,0.6982813325732682,0.9899677453473794,0.008352759719697067,0.02698216277875387,0.17948079498941172,0.15416136478562836,1.0702246464092486,35162410153.09601,0.0,0.0,0.0,1.0,0.1077844937878822,0.5575221238938053,0.1077844937878822,0.49373051479836194,0.29878715007650786,0.29999199634386664,-0.9325275552154628,-0.38961339378527304,,,,,,,,2026-10-02,False,max 6 positions in RISK_ON
V,Pullback in uptrend,True,53.80141222117858,,,False,True,no dominant factor,360.6600036621094,349.1923604025343,3.1796271122757336,377.861468551472,395.0629334408346,3.7749,1361.4554478240968,4999.945132133996,158.97961102024325,1.0,14.999835396401988,15,"Limit near the 21-EMA, or at market on the first up-close / reclaim day.",Stop 349.2; to breakeven at +1.0R; trail 2.5×ATR from +1.0R; scale 1/2 at T1 (+1.5R); time-stop 15 bars if < +0.5R,size capped at 25% of capital,360.6600036621094,5.733821629787554,1.5898135561378703,41.30592255908987,38.31879161150111,16.760540936787052,-1.045797188327328,0.9353943429495982,-0.04688158171384105,0.011420613743094554,0.20372045867262156,0.09658828105336204,0.8669289997057181,2252514686.101532,0.0,0.0,0.0,1.0,0.09521905389062219,0.5486725663716814,0.09521905389062219,0.14072414925567872,0.14606167019232258,0.34322974718276644,0.29705905482926115,-0.6967537184705974,,,,,,,,2026-10-02,False,max 6 positions in RISK_ON
MA,Pullback in uptrend,True,52.95608648765355,,,False,True,no dominant factor,552.260009765625,533.694786217662,3.361681675238796,580.1078450875696,607.955680409514,2.4652,1361.4313760742186,4999.856728632568,168.07926743463497,1.0,14.999570185897705,15,"Limit near the 21-EMA, or at market on the first up-close / reclaim day.",Stop 533.7; to breakeven at +1.0R; trail 2.5×ATR from +1.0R; scale 1/2 at T1 (+1.5R); time-stop 15 bars if < +0.5R,size capped at 25% of capital,552.260009765625,9.282611773981484,1.680840837619395,38.875496330820155,36.06561241115129,20.038743756867266,-1.3181331993643954,0.9185503512899582,-0.06100588973572885,0.037677358595078925,0.12300665291448443,0.031432396985324296,1.1392835959816636,1552468750.2749634,0.0,0.0,0.0,1.0,0.07398844857944155,0.5309734513274337,0.07398844857944155,0.15345869853422364,0.07602010810288828,0.10187392590608864,0.31933691217574167,-0.3772078797250103,,,,,,,,2026-10-02,False,max 6 positions in RISK_ON
DHR,Pullback in uptrend,True,52.88783509896889,Earnings in 15d — binary gap risk,2026-10-21,False,True,strong trend structure; favourable entry timing; volume accumulation,214.05999755859375,202.14871100292527,5.564461689021582,231.92692739209647,249.7938572255992,4.572,978.6823088378907,3594.2107792071533,199.9984818316661,1.0,10.782632337621463,15,"Limit near the 21-EMA, or at market on the first up-close / reclaim day.",Stop 202.1; to breakeven at +1.0R; trail 2.5×ATR from +1.0R; scale 1/2 at T1 (+1.5R); time-stop 15 bars if < +0.5R,55-day high sits before T1 (resistance),214.05999755859375,5.955643277834239,2.78223084451079,50.37645996374631,29.67511229995641,26.96944102694401,-0.1883773978844535,0.88691221585067,0.021577553576866748,0.10752692586316548,0.12434194955806177,-0.008428804935960654,1.1156173333132888,941810227.6176453,0.0,0.0,0.0,1.0,0.45629932426405273,0.8495575221238938,0.32962995848478266,0.8216407835835163,0.11742204535050342,0.7378078953261132,-0.2540193709377476,0.860865441517708,-0.28603701127302267,-0.0680579979915729,0.5395157090494613,1.0,Healthcare,Danaher Corporation,0.013300001,2026-10-02,False,max 6 positions in RISK_ON
ADI,Extended (wait),False,52.818003135910395,,2026-11-24,False,True,volume accumulation; new 55-day high,417.1499938964844,377.65411375954915,9.468028458544367,476.3938141018872,535.63763430729,1.3788,575.1664115844727,2112.298646543976,199.99303698423108,1.0,6.336895939631928,15,Too far above the 21-EMA. Set an alert for a pullback toward it.,Stop 377.7; to breakeven at +1.0R; trail 2.5×ATR from +1.0R; scale 1/2 at T1 (+1.5R); time-stop 15 bars if < +0.5R,,417.1499938964844,11.284537181981499,2.705150988155534,72.28148120243671,97.41981475309538,25.318588064898982,2.7992868204083714,0.9383529136918162,0.1727249836027318,0.07610254060624388,0.3179841699247854,0.5051774147424521,0.7661905046388182,1223242746.0656738,0.0,1.0,1.0,1.0,0.37099704408600626,0.7699115044247787,0.3277606360382052,0.6599934653934664,0.5372139857777749,-1.015372508673016,-0.12657200210750655,1.9545852225737106,-0.018130628344203557,,,,Technology,"Analog Devices, Inc.",0.0199,2026-10-02,False,max 6 positions in RISK_ON
CSCO,No clean setup,False,52.75507268880028,,,False,True,volatility compression; Bollinger/Keltner squeeze on,112.19999694824219,103.44629684634671,7.801871960775145,125.3305471010854,138.4610972539286,6.2212,698.0186210144043,2563.4733856753996,199.9989112989423,1.0,7.6904201570262,0,No actionable pattern today.,Stop 103.4; to breakeven at +1.0R; trail 2.5×ATR from +1.0R; scale 1/2 at T1 (+1.5R); time-stop 15 bars if < +0.5R,55-day high sits before T1 (resistance),112.19999694824219,2.6404685871614078,2.3533588760964537,58.15803173673633,99.3686901289306,26.740897442097356,1.3114985908498356,0.8671958951285795,0.029005713511640607,-0.01180064849272544,0.43073058984465096,0.6251129850768162,0.808511573559099,1988587216.3223648,1.0,1.0,0.0,0.0,0.388795070441798,0.7876106194690266,0.32607728651219897,0.35697824445340914,0.362449600494043,0.20782817460573172,0.7995969647545031,0.37894084672935735,-0.14791930137268908,0.29833160296029454,2.3333557315064524,1.0,Technology,"Cisco Systems, Inc.",0.0146,2026-10-02,False,max 6 positions in RISK_ON
QCOM,Pullback in uptrend,True,52.32755302783565,,,False,True,no dominant factor,183.66439759970365,166.98276712715733,9.08266963579077,208.68684330852312,233.7092890173426,3.2645,599.5724259642326,2201.929734353644,199.9940033835868,1.0,6.605789203060933,15,"Limit near the 21-EMA, or at market on the first up-close / reclaim day.",Stop 167; to breakeven at +1.0R; trail 2.5×ATR from +1.0R; scale 1/2 at T1 (+1.5R); time-stop 15 bars if < +0.5R,55-day high sits before T1 (resistance),184.8699951171875,8.340815236273151,4.511719292785171,52.5666784411882,56.30178648466518,17.15684146350605,0.14454192825670817,0.7177695982724016,0.09364639003824271,-0.003238091586844183,0.4713144957140134,0.036460016898530956,0.8771372262704059,2784792700.4730225,0.0,0.0,0.0,1.0,0.05823091218279857,0.5132743362831859,0.05823091218279857,0.47720120296251406,-0.18862014856189607,0.45476144659115675,-0.5360938499107546,-0.16305305703387987,,,,,,,,2026-10-02,False,max 6 positions in RISK_ON
ASML,Extended (wait),False,51.736944560380515,,,False,True,volume accumulation,1867.31005859375,1688.7849295536064,9.5605509228922,2135.0977521539653,2402.8854457141806,0.305,569.5295678710937,2091.5973380065916,199.96822860197784,1.0,6.274792014019775,15,Too far above the 21-EMA. Set an alert for a pullback toward it.,Stop 1689; to breakeven at +1.0R; trail 2.5×ATR from +1.0R; scale 1/2 at T1 (+1.5R); time-stop 15 bars if < +0.5R,55-day high sits before T1 (resistance),1867.31005859375,51.00717972575534,2.7315859779692007,64.7816208681453,90.0655104425905,16.906938363986374,2.338647688110503,0.9348812227342811,0.10997444236805509,0.02446760447698315,0.4225373868152198,0.6878613169845444,1.0070634994923784,2339889962.235718,0.0,1.0,0.0,1.0,0.432009571450467,0.8141592920353983,0.2989985676950168,0.6505765883689653,0.5918220058000397,-0.6097837666206527,0.305318996820805,1.2847250334758795,-0.1854928887960931,-0.28059800585747485,1.9034417119593594,0.8461538461538461,Technology,ASML Holding N.V. - New York Re,0.0038,2026-10-02,False,max 6 positions in RISK_ON
XLK,Extended (wait),False,51.71409680949547,,,False,True,volume accumulation; new 55-day high,199.80999755859375,190.16797977887927,4.825593262362652,214.27302422816547,228.7360508977372,5.648,1128.5268662109374,4144.514916159667,199.99743255181605,1.0,12.433544748479003,15,Too far above the 21-EMA. Set an alert for a pullback toward it.,Stop 190.2; to breakeven at +1.0R; trail 2.5×ATR from +1.0R; scale 1/2 at T1 (+1.5R); time-stop 15 bars if < +0.5R,,199.80999755859375,3.208085767295391,1.6055681930302954,68.95756561340407,96.33093900935735,16.7906040985084,2.396416195559083,0.9921545169281335,0.08955970373723265,0.08973778465318416,0.47276778037196343,0.295247333878373,1.1388901587315328,1406248558.990326,0.0,1.0,1.0,1.0,0.29839413293946876,0.7079646017699115,0.29839413293946876,0.6557401687644171,0.6685094743493878,-0.9317416259425695,-0.31711875986046856,1.119130238887769,,,,,ETF,State Street Technology Select ,,2026-10-02,False,max 6 positions in RISK_ON
TXN,Extended (wait),False,50.03083286653634,,,False,True,volume accumulation,293.79998779296875,265.2964937090353,9.701666190680351,336.5552289188689,379.3104700447691,1.9106,561.3342566772461,2061.500057647186,199.99985411361303,1.0,6.18450017294156,15,Too far above the 21-EMA. Set an alert for a pullback toward it.,Stop 265.3; to breakeven at +1.0R; trail 2.5×ATR from +1.0R; scale 1/2 at T1 (+1.5R); time-stop 15 bars if < +0.5R,55-day high sits before T1 (resistance),293.79998779296875,8.143855452552408,2.77190462590867,70.44351229391869,96.95690249100771,18.22606750747201,2.4987156234951295,0.8840650906712451,0.15306116277121395,-0.027004087553115785,0.5230908598455652,0.4490746867453266,0.725819670031911,1577921585.0704956,0.0,1.0,0.0,1.0,0.3285625635447147,0.7522123893805309,0.25421873507787734,0.5129675075403377,0.3431556128897259,-0.9804672531264192,0.3169218383662855,1.8984555023760699,-0.34053189265682143,,,,Technology,Texas Instruments Incorporated,0.0241,2026-10-02,False,max 6 positions in RISK_ON
SHOP,No clean setup,False,49.911037830713255,,,False,True,strong trend structure,151.38999938964844,128.85083265517795,14.88814771473712,185.19874949135416,219.0074995930599,2.4161,365.77337752532964,1343.302728961773,199.99289454392357,1.0,4.0299081868853195,0,No actionable pattern today.,Stop 128.9; to breakeven at +1.0R; trail 2.5×ATR from +1.0R; scale 1/2 at T1 (+1.5R); time-stop 15 bars if < +0.5R,55-day high sits before T1 (resistance),151.38999938964844,6.43976192413442,4.253756489924889,61.1387544182458,96.24553478757522,14.89680286705922,1.3834655247950638,0.8309457015257281,0.06710371889839872,0.26011320258665305,0.2802536946270482,-0.05148099104080506,0.6903588188936394,1448549444.651451,0.0,0.0,0.0,1.0,0.32668235529703293,0.7433628318584071,0.2510998251941686,1.1738068491273121,0.35260499393968253,-0.3697428602316889,-0.5055981770934719,0.44454512671343743,-0.3535604156287457,,,,Technology,Shopify Inc.,0.0136,2026-10-02,False,max 6 positions in RISK_ON
AMZN,No clean setup,False,49.81658270213975,,,False,True,favourable entry timing; volatility compression; Bollinger/Keltner squeeze on,251.52000427246094,240.2510534343316,4.480339792743549,268.423430529655,285.32685678684896,4.8326,1215.4955726470948,4463.907490546456,199.99822361021285,1.0,13.391722471639369,0,No actionable pattern today.,Stop 240.3; to breakeven at +1.0R; trail 2.5×ATR from +1.0R; scale 1/2 at T1 (+1.5R); time-stop 15 bars if < +0.5R,,251.52000427246094,5.634475419064669,2.2401698963717736,48.56366800923155,84.3953373186355,8.87956659807369,-0.06911765768427698,0.8757659943661493,-0.013569658455776734,0.03014416980652168,0.1990275022627772,0.15569047765271793,0.8799054710387317,8852990822.20787,1.0,0.0,0.0,0.0,0.271909240849155,0.6637168141592921,0.24864282483352693,-0.08705652129345907,0.0823831685741753,0.6209698794428926,1.0076967211409547,0.20427750763942631,0.06251149670850231,,,,Consumer Cyclical,"Amazon.com, Inc.",0.0083,2026-10-02,False,max 6 positions in RISK_ON
LRCX,Extended (wait),False,49.78710190021683,,,False,True,volume accumulation; new 55-day high,347.489990234375,299.1357373489433,13.915293747833644,420.0213695625226,492.55274889067016,1.1262,391.34322700195315,1437.2080011646729,199.99171512943258,1.0,4.311624003494019,15,Too far above the 21-EMA. Set an alert for a pullback toward it.,Stop 299.1; to breakeven at +1.0R; trail 2.5×ATR from +1.0R; scale 1/2 at T1 (+1.5R); time-stop 15 bars if < +0.5R,,347.489990234375,13.815500824409055,3.975798213666753,67.7636085934106,99.51766044958943,15.712877838904001,2.5362222099709952,0.7932933399793229,0.20650365705678242,-0.006684360425068925,0.5935917931062231,1.0263632546665495,0.8691443404926733,2891489039.9531555,0.0,1.0,1.0,1.0,0.2920039938477544,0.6991150442477876,0.24787634874243716,0.6101563448363228,0.5158872654924603,-0.705514352093381,-0.2216038920646623,1.1058765175829723,-0.10514481210010065,,,,Technology,Lam Research Corporation,0.0233,2026-10-02,False,max 6 positions in RISK_ON
GOOGL,No clean setup,False,49.560437788039465,,,False,True,favourable entry timing; volatility compression; Bollinger/Keltner squeeze on,343.5,325.49428344075,5.24183888187773,370.508574838875,397.51714967775,3.0245,1038.9157500000001,3815.4180918750003,199.99806904610116,1.0,11.446254275625003,0,No actionable pattern today.,Stop 325.5; to breakeven at +1.0R; trail 2.5×ATR from +1.0R; scale 1/2 at T1 (+1.5R); time-stop 15 bars if < +0.5R,,343.5,9.002858279625002,2.620919440938865,50.012082999706166,64.92194644025534,13.486928151963568,0.03434194436777177,0.8416976941386004,0.019579965020636525,-0.062050938602537076,0.16281602977917697,0.37925523491649704,1.0136609066644362,9386006231.347504,1.0,0.0,0.0,0.0,0.2412494613536672,0.6548672566371682,0.24198936855270928,0.14921224053361554,-0.06751310718641379,0.609924400858784,0.5426757842904189,0.34279159214954597,0.24790862614504583,,,,Communication Services,Alphabet Inc.,0.0149,2026-10-02,False,max 6 positions in RISK_ON
ARM,No clean setup,False,47.66565400005781,,,False,True,volume accumulation,307.489990234375,269.44317439736864,12.373351018030316,364.5602139898846,421.6304377453941,1.4313,440.11042302246096,1616.305528549988,199.9911565713202,1.0,4.848916585649964,0,No actionable pattern today.,Stop 269.4; to breakeven at +1.0R; trail 2.5×ATR from +1.0R; scale 1/2 at T1 (+1.5R); time-stop 15 bars if < +0.5R,55-day high sits before T1 (resistance),307.489990234375,19.023407918503185,6.18667550901516,58.51642888465341,85.32732657621423,19.617187946841657,1.172311898193107,0.6792356570420236,0.3092480176925547,-0.045773338030676736,1.0621687946866545,0.5617767853736424,1.0879770250374945,1720790021.6545105,0.0,0.0,0.0,1.0,0.19316439138749344,0.6460176991150443,0.19316439138749344,0.6795562607448234,0.28201745222983815,0.018364541260648855,-1.4690779887172525,0.9226901558619844,,,,,,,,2026-10-02,False,max 6 positions in RISK_ON
TSM,Extended (wait),False,47.56599133833572,Earnings in 9d — binary gap risk,2026-10-15,False,True,volume accumulation; quality/growth fundamentals; new 55-day high,472.7799987792969,435.56913521986286,7.870650969903824,528.5962941184479,584.4125894575989,1.4635,691.913528213501,2541.052432364082,199.99736791362835,1.0,7.623157297092247,15,Too far above the 21-EMA. Set an alert for a pullback toward it.,Stop 435.6; to breakeven at +1.0R; trail 2.5×ATR from +1.0R; scale 1/2 at T1 (+1.5R); time-stop 15 bars if < +0.5R,crowd euphoric on social (contrarian caution),472.7799987792969,10.63167530269544,2.2487574199725224,71.67941162016895,98.45853479466443,17.483333522224456,2.780030282972601,0.9896624571212077,0.1409105718407302,0.049266944835656634,0.40148200858834393,0.4517075744935981,0.8415077102139209,4465359388.865967,0.0,1.0,1.0,1.0,0.3940213995161373,0.7964601769911505,0.45868577962194296,0.6700076147812755,0.6216340641336715,-0.999210875450032,0.22451419932164224,1.5323729200857736,0.6530079079446597,0.7816786921456708,4.699818510652633,1.0,Technology,Taiwan Semiconductor Manufactur,0.0057,2026-10-02,False,max 6 positions in RISK_ON
AMAT,No clean setup,False,47.2913624423877,,,False,True,volume accumulation,540.0399780273438,471.6980990526054,12.654966623837245,642.5527964894512,745.0656149515587,0.7968,430.3038544921875,1580.2909056225585,199.9852866660701,1.0,4.740872716867676,0,No actionable pattern today.,Stop 471.7; to breakeven at +1.0R; trail 2.5×ATR from +1.0R; scale 1/2 at T1 (+1.5R); time-stop 15 bars if < +0.5R,55-day high sits before T1 (resistance),540.0399780273438,19.52625113563952,3.615704749667783,69.19770320058386,99.30635746485618,18.80257676310868,2.8531022624099607,0.7308900659264209,0.23167447099371863,-0.08801185994862659,0.5533318323201495,1.0248237725098925,0.9010719277487867,2960446695.2609253,0.0,1.0,0.0,0.0,0.183592928214212,0.6283185840707964,0.183592928214212,0.40165987675248005,0.21581733659349503,-0.9687170760428319,-0.1865865803322481,1.765542525121494,,,,,,,,2026-10-02,False,max 6 positions in RISK_ON
CAT,No clean setup,False,46.31053088786518,,,False,True,volatility compression; volume accumulation; Bollinger/Keltner squeeze on,845.4199829101562,788.3736957593527,6.747686156463363,930.9894136363616,1016.5588443625669,0.9546,807.0379156860351,2963.8467453569638,199.99107653524183,1.0,8.891540236070892,0,No actionable pattern today.,Stop 788.4; to breakeven at +1.0R; trail 2.5×ATR from +1.0R; scale 1/2 at T1 (+1.5R); time-stop 15 bars if < +0.5R,,845.4199829101562,23.30526579071439,2.7566495069694925,58.83339153669805,87.04551921251598,10.950773007445497,1.2227788668431439,0.7890264410410146,0.06707218615675736,-0.12674413355807534,0.1831807521813018,0.6626009265094717,0.8310961943296563,1887538344.5739746,1.0,1.0,0.0,0.0,0.15860904720432376,0.6017699115044248,0.15860904720432376,0.047103530994710506,-0.1419860101678463,-0.05258431431327263,0.8575298241336662,0.7509769884010273,,,,,,,,2026-10-02,False,max 6 positions in RISK_ON
ABNB,No clean setup,False,46.11073639828789,,,False,True,favourable entry timing,162.42999267578125,147.6719442837465,9.08579022194046,184.56706526383334,206.70413785188546,3.6901,599.3829159729004,2201.2337589104764,199.99948162914052,1.0,6.60370127673143,0,No actionable pattern today.,Stop 147.7; to breakeven at +1.0R; trail 2.5×ATR from +1.0R; scale 1/2 at T1 (+1.5R); time-stop 15 bars if < +0.5R,,162.42999267578125,5.312222865013953,3.270469189527963,46.116844601176055,91.63033134491229,22.48864907323494,-0.3439422742030198,0.8396354164366118,-0.11366366067569478,0.10010158747218756,0.2999599571264042,0.4982013976786357,0.8330255083434981,814592069.2205048,0.0,0.0,0.0,0.0,0.15353590536096398,0.5929203539823009,0.15353590536096398,0.07452725848765047,0.36217948148806955,0.5521075715071164,-0.38700561288981494,-0.2673717221786229,,,,,,,,2026-10-02,False,max 6 positions in RISK_ON
HON,No clean setup,False,45.98401819367816,,,False,True,favourable entry timing; volatility compression; volume accumulation,213.99000549316406,203.2059590573987,5.039509397138578,230.1660751468121,246.34214480046015,5.0499,1080.6281287399293,3968.60680279739,199.99831276245533,1.0,11.905820408392172,0,No actionable pattern today.,Stop 203.2; to breakeven at +1.0R; trail 2.5×ATR from +1.0R; scale 1/2 at T1 (+1.5R); time-stop 15 bars if < +0.5R,,213.99000549316406,4.336136914936472,2.026326839397642,52.6516632771222,88.18724297852638,21.30491971148187,0.5435231226007274,0.8291418194408448,0.038433531748676364,-0.07158016450927651,-0.10317533909625154,0.011312089620271637,0.6832695903197857,617356343.4181213,0.0,0.0,0.0,0.0,0.15032091860342917,0.5752212389380531,0.15032091860342917,-0.12028924896326092,-0.45574339816347226,0.6257383595413157,0.7392755365071909,0.904621266343471,,,,,,,,2026-10-02,False,max 6 positions in RISK_ON
COST,No clean setup,False,43.7130178887923,,,False,True,favourable entry timing; volume accumulation,920.6500244140625,879.1869393076284,4.503675012969534,982.8446520737136,1045.0392797333648,1.3134,1209.1817420654295,4440.71994773529,199.99559468210802,1.0,13.32215984320587,0,No actionable pattern today.,Stop 879.2; to breakeven at +1.0R; trail 2.5×ATR from +1.0R; scale 1/2 at T1 (+1.5R); time-stop 15 bars if < +0.5R,,920.6500244140625,15.652145113236301,1.7001189049224146,51.37889864843808,71.12854201994527,13.015758112874932,0.32890118788261447,0.8409609983807743,-0.008433090879067184,-0.02960927760624521,-0.09015944118979036,0.01804916922959965,1.0832258120550573,2181253811.8554688,0.0,0.0,0.0,0.0,0.09299664579276944,0.5398230088495575,0.09299664579276944,-0.47133171168288956,-0.34487503360432453,0.792494935344246,0.20246739942577976,1.1576143712765974,,,,,,,,2026-10-02,False,max 6 positions in RISK_ON
PG,No clean setup,False,42.67873944074668,,,False,True,favourable entry timing; volume accumulation; Bollinger/Keltner squeeze on,144.91000366210938,140.17814135247926,3.2653800221160227,152.00779712655455,159.10559059099973,9.3952,1361.4584664062502,4999.956217876954,163.2675714531019,1.0,14.999868653630863,0,No actionable pattern today.,Stop 140.2; to breakeven at +1.0R; trail 2.5×ATR from +1.0R; scale 1/2 at T1 (+1.5R); time-stop 15 bars if < +0.5R,size capped at 25% of capital,144.91000366210938,2.3659311548150543,1.6326900110580087,46.629779214455056,42.84770047711611,7.7789861079378095,-0.49489711532395464,0.8794683974395232,-0.018490895006942676,-0.02222384667457733,0.02774653825708584,-0.007823295831390187,0.8915018642501307,1165504161.969223,1.0,0.0,0.0,0.0,0.06703266886527985,0.5221238938053098,0.06703266886527985,-0.3349195374361674,-0.19058371298095667,0.6800314394070769,0.11862974809673953,0.5438828010396105,,,,,,,,2026-10-02,False,max 6 positions in RISK_ON
REGN,No clean setup,False,42.2230411906985,,,False,True,distribution in volume,735.2000122070312,691.9006700193136,5.889464291184567,800.1490254886078,865.0980387701843,1.2577,924.6610553527833,3395.817725783096,199.9954723537113,1.0,10.18745317734929,0,No actionable pattern today.,Stop 691.9; to breakeven at +1.0R; trail 2.5×ATR from +1.0R; scale 1/2 at T1 (+1.5R); time-stop 15 bars if < +0.5R,,735.2000122070312,21.64967109385885,2.944732145592285,34.91457257162287,14.092604740273885,20.967053585848237,-1.9211808861589765,0.8555402858369165,-0.13711960033410553,0.13272876706660752,-0.03241072092709796,0.42747450193373315,1.1805848150332856,588939642.9296875,0.0,0.0,0.0,1.0,0.055612693510115684,0.504424778761062,0.055612693510115684,0.5940945914329215,0.20968407693697128,-0.028833137465837686,-0.38878525304030664,-0.8354628678882824,,,,,,,,2026-10-02,False,max 6 positions in RISK_ON
BLK,No clean setup,False,41.94347606094001,,,False,True,volatility compression,1059.6300048828125,1013.4354415490219,4.359499364959883,1128.9218498834985,1198.2136948841844,1.1789,1249.1978127563477,4587.678967347687,199.9998354479206,1.0,13.763036902043064,0,No actionable pattern today.,Stop 1013; to breakeven at +1.0R; trail 2.5×ATR from +1.0R; scale 1/2 at T1 (+1.5R); time-stop 15 bars if < +0.5R,,1059.6300048828125,23.09728166689528,2.1797496824799403,43.15825931751094,29.963154240796356,21.48784325671523,-0.7816900337850308,0.8871542886795001,-0.037948574154969106,0.05326074737137976,0.1081253694075055,-0.014113323763904062,0.8662688420544307,563565126.3641357,0.0,0.0,0.0,0.0,0.04861139273495951,0.49557522123893805,0.04861139273495951,-0.40571222138159885,0.007882304645514288,0.3657476003713936,0.7421744689096342,-0.11018604643763648,,,,,,,,2026-10-02,False,max 6 positions in RISK_ON
KLAC,No clean setup,False,39.63338892460997,,,False,True,volume accumulation,206.88999938964844,180.15814855433237,12.920803767305522,246.98777564262252,287.0855518955966,2.0372,421.4763067565918,1547.8717365635832,199.99746965096486,1.0,4.643615209690751,0,No actionable pattern today.,Stop 180.2; to breakeven at +1.0R; trail 2.5×ATR from +1.0R; scale 1/2 at T1 (+1.5R); time-stop 15 bars if < +0.5R,55-day high sits before T1 (resistance),206.88999938964844,7.637671667233159,3.6916582192301477,67.24079015512001,96.12221116741985,15.347476783181317,2.428801297370437,0.673858379321925,0.20103335647928544,-0.11223764223029198,0.36723837520317626,0.5341826679636761,0.7738747937609899,1754304059.1024017,0.0,1.0,0.0,0.0,-0.009165441136308808,0.48672566371681414,-0.009165441136308808,0.18971714812672108,-0.29918531472120125,-0.7326718132241077,0.06986268080141929,1.3243505004938323,,,,,,,,2026-10-02,False,max 6 positions in RISK_ON
UNP,No clean setup,False,38.95980822736911,,,False,True,favourable entry timing,278.2799987792969,267.00248485488373,4.052577969628823,295.1962696659166,312.1125405525363,4.8289,1343.7862861053466,4935.055135721885,199.99695721930092,1.0,14.805165407165656,0,No actionable pattern today.,Stop 267; to breakeven at +1.0R; trail 2.5×ATR from +1.0R; scale 1/2 at T1 (+1.5R); time-stop 15 bars if < +0.5R,,278.2799987792969,5.030099642965174,1.8075677968341997,44.63830699325345,91.5451075959742,32.26795838117232,-0.30898633070215703,0.8847476318937642,-0.039519593320871294,-0.01068184419562046,0.1483955899250966,0.2602723560127205,0.9995401316431236,692653040.7421875,0.0,0.0,0.0,0.0,-0.026008546911555536,0.4778761061946903,-0.026008546911555536,-0.5436744743813359,0.04645149737345525,0.5866380605270081,0.1846211097918874,-0.30142637054581006,,,,,,,,2026-10-02,False,max 6 positions in RISK_ON
JNJ,No clean setup,False,38.1248401092097,,,False,True,distribution in volume,256.0299987792969,245.75072244436933,4.014871844681174,271.4489132816882,286.8678277840795,5.2979,1356.421330532837,4981.457336381844,199.99912805319943,1.0,14.944372009145534,0,No actionable pattern today.,Stop 245.8; to breakeven at +1.0R; trail 2.5×ATR from +1.0R; scale 1/2 at T1 (+1.5R); time-stop 15 bars if < +0.5R,,256.0299987792969,5.139638167463769,2.0074359223405858,32.639480316151094,1.2502487404955218,15.838768849198388,-2.0433334032371055,0.9109118444073692,-0.06969221057118469,-0.007855823425204744,0.06473187373771094,0.512561291056244,1.1420554289630602,1758857192.7301025,0.0,0.0,0.0,1.0,-0.04690099411363596,0.4690265486725664,-0.04690099411363596,0.18081918673262007,0.17451044973765745,-0.43186651792682734,0.37989012540858164,-0.9052127992368121,,,,,,,,2026-10-02,False,max 6 positions in RISK_ON
LIN,No clean setup,False,38.11803756510407,,,False,True,no dominant factor,479.4800109863281,453.20287123670425,5.480341025180533,518.8957206107639,558.3114302351997,2.0724,993.6743747680664,3649.269141335724,199.99239387187507,1.0,10.947807424007173,0,No actionable pattern today.,Stop 453.2; to breakeven at +1.0R; trail 2.5×ATR from +1.0R; scale 1/2 at T1 (+1.5R); time-stop 15 bars if < +0.5R,,479.4800109863281,8.268471107870417,1.724466279806226,56.432132856872066,80.3623243988134,20.69730343199205,0.9344323419891967,0.8775246395481853,-0.0131110942772934,-0.11000704444594489,-0.03983238440631576,0.05490646449287162,1.0563515970323794,992450460.5506897,0.0,0.0,0.0,0.0,-0.047071298117130296,0.46017699115044247,-0.047071298117130296,-0.10189055590015728,-0.3639014195966828,0.2794872140319645,-0.06838062718578525,0.3861140819928177,,,,,,,,2026-10-02,False,max 6 positions in RISK_ON
AVGO,No clean setup,False,38.02277212442882,,,False,True,favourable entry timing; volatility compression,355.1400146484375,333.40937553492216,6.118893455311441,387.73597331871053,420.3319319889835,2.506,889.9808767089843,3268.4547697137446,199.993264993829,1.0,9.805364309141234,0,No actionable pattern today.,Stop 333.4; to breakeven at +1.0R; trail 2.5×ATR from +1.0R; scale 1/2 at T1 (+1.5R); time-stop 15 bars if < +0.5R,,355.1400146484375,10.865319556757656,3.0594467276557173,47.84851511285413,70.67483904226717,21.049382110006146,-0.08496619403652056,0.7198985815161214,-0.031187460179937343,-0.04844417497261788,0.1328877479865278,0.1077056423806273,0.9545711858993415,8862937644.396515,0.0,0.0,0.0,0.0,-0.049456487205432074,0.45132743362831856,-0.049456487205432074,-0.6099431562032034,-0.44395057625283385,0.5922046452005657,0.8004826057281863,0.24532128186600008,,,,,,,,2026-10-02,False,max 6 positions in RISK_ON
MDT,No clean setup,False,37.864202451282026,,,False,True,no dominant factor,86.37999725341797,82.2702971187002,4.7576988485666485,92.54454745549462,98.70909765757128,13.2512,1144.6386196044923,4203.6853304974975,199.99868856644457,1.0,12.611055991492494,0,No actionable pattern today.,Stop 82.27; to breakeven at +1.0R; trail 2.5×ATR from +1.0R; scale 1/2 at T1 (+1.5R); time-stop 15 bars if < +0.5R,,86.37999725341797,2.0548500673588874,2.3788494242833274,38.07322404043518,20.855907895352146,22.907635280171398,-1.3081500811072266,0.8393027581717133,-0.055235043055985256,0.0485003212085926,0.014362158142138481,-0.0036852382377200454,2.630935499806311,1236600181.5866852,0.0,0.0,0.0,0.0,-0.05342745005407603,0.4424778761061947,-0.05342745005407603,0.13004996710579173,-0.1531970407980053,0.20065120448605944,0.17826393401719862,-0.783767673395466,,,,,,,,2026-10-02,False,max 6 positions in RISK_ON
JPM,No clean setup,False,36.967856526483374,,,False,True,no dominant factor,332.3800048828125,319.4589647772451,3.887430024595784,351.7615650411636,371.14312519951466,4.0961,1361.4617380004881,4999.968232806793,194.3702663023825,1.0,14.99990469842038,0,No actionable pattern today.,Stop 319.5; to breakeven at +1.0R; trail 2.5×ATR from +1.0R; scale 1/2 at T1 (+1.5R); time-stop 15 bars if < +0.5R,size capped at 25% of capital,332.3800048828125,6.4605200527836795,1.943715012297888,34.50131263492413,34.75244072851784,24.01819239480345,-1.6730660381872688,0.9069031511127217,-0.06692492351972146,-0.015811904295241597,0.13912438862455745,0.16840381472889754,1.1995862632013188,2898683632.4742126,0.0,0.0,0.0,0.0,-0.07589671643753237,0.4336283185840708,-0.07589671643753237,-0.3534476008997233,0.03267235516477701,-0.07866839697724519,-0.3026817132575893,0.43872489111070223,,,,,,,,2026-10-02,False,max 6 positions in RISK_ON
TSLA,No clean setup,False,36.37167432410817,,,False,True,no dominant factor,370.5899963378906,342.76922217445025,7.507157354046436,412.3211575830512,454.05231882821175,1.9574,725.3928588317871,2664.005274059738,199.99106784376056,1.0,7.992015822179216,0,No actionable pattern today.,Stop 342.8; to breakeven at +1.0R; trail 2.5×ATR from +1.0R; scale 1/2 at T1 (+1.5R); time-stop 15 bars if < +0.5R,55-day high sits before T1 (resistance),370.5899963378906,12.443130833448995,3.3576542692490263,54.99157195561247,89.1978103953212,17.76011467038292,0.6380797085962812,0.7429184417809718,0.03803811153973191,-0.11715938243069457,0.02773232785589963,-0.22297911373088464,1.048892690422202,13895773544.57077,0.0,0.0,0.0,0.0,-0.09086786682675695,0.4247787610619469,-0.09086786682675695,0.11967033738740175,-0.7454657993373272,0.48270377957443955,0.44120222240446066,-0.2678770028116611,,,,,,,,2026-10-02,False,max 6 positions in RISK_ON
UNH,No clean setup,False,36.281661569418056,,,False,True,volatility compression,371.8999938964844,354.609723493594,4.6491720050156795,397.8353995008199,423.7708051051555,3.1496,1171.336220776367,4301.732270801208,199.99493246481504,1.0,12.905196812403625,0,No actionable pattern today.,Stop 354.6; to breakeven at +1.0R; trail 2.5×ATR from +1.0R; scale 1/2 at T1 (+1.5R); time-stop 15 bars if < +0.5R,,371.8999938964844,8.645135201445196,2.3245860025078424,41.304427242902314,67.61835498554427,33.36469106692011,-0.732219515656194,0.8106017826585825,-0.06372914936732821,-0.10478713788044591,0.357307864730533,0.17080365114025042,0.877844047993742,1928570434.9398804,0.0,0.0,0.0,0.0,-0.0931303979848795,0.415929203539823,-0.0931303979848795,-0.6200547750350054,-0.18610620994820548,0.26865849979828443,0.6681355000774734,-0.11079135871341154,,,,,,,,2026-10-02,False,max 6 positions in RISK_ON
ISRG,No clean setup,False,35.860413231549884,,,False,True,weak momentum; favourable entry timing; volume accumulation,391.95001220703125,369.43138974249587,5.74527918438764,425.7279459038343,459.5058796006374,2.4183,947.8527145202636,3480.9890940756677,199.99254183273328,1.0,10.442967282227006,0,No actionable pattern today.,Stop 369.4; to breakeven at +1.0R; trail 2.5×ATR from +1.0R; scale 1/2 at T1 (+1.5R); time-stop 15 bars if < +0.5R,55-day high sits before T1 (resistance),391.95001220703125,11.259311232267702,2.8726395921938233,51.21150787542293,5.681004260988573,14.89541101038383,-0.04490459129701735,0.6490528069116845,0.05396904125174262,-0.09444811042085466,-0.1329882410758345,-0.15103644044268738,0.7369749169639754,931017213.4895325,0.0,0.0,0.0,0.0,-0.10372710212600782,0.40707964601769914,-0.10372710212600782,-0.5331190968949345,-0.9646165361619251,0.7716252822583384,-0.19379324767168915,1.6843180414708006,,,,,,,,2026-10-02,False,max 6 positions in RISK_ON
ACN,No clean setup,False,35.5071046146269,,,False,True,no dominant factor,198.89999389648438,169.6191572915184,14.721386376816536,242.82124880393332,286.74250371138226,1.8598,369.9142086486816,1358.509931262283,199.99149594854543,1.0,4.07552979378685,0,No actionable pattern today.,Stop 169.6; to breakeven at +1.0R; trail 2.5×ATR from +1.0R; scale 1/2 at T1 (+1.5R); time-stop 15 bars if < +0.5R,55-day high sits before T1 (resistance),198.89999389648438,9.963373275332632,5.009237597321383,59.076188692538906,54.51218045248944,18.428654707513378,1.3082972786890745,0.6973741669850742,0.05978261753284353,0.4697109063016749,0.00828800329951429,-0.21403548861156874,1.9519093462661856,1306194330.9287262,0.0,0.0,0.0,1.0,-0.11262617132893593,0.39823008849557523,-0.11262617132893593,0.4783661884193683,0.13703911434994204,0.055334592692166076,-1.7169125706335258,-0.5664288517498024,,,,,,,,2026-10-02,False,max 6 positions in RISK_ON
PGR,No clean setup,False,34.88984735181249,,,False,True,favourable entry timing,210.30999755859375,199.73717584388422,5.027255878201357,226.16923013065804,242.02846270272235,5.1508,1083.2647354248047,3978.289740847595,199.99880484864227,1.0,11.934869222542787,0,No actionable pattern today.,Stop 199.7; to breakeven at +1.0R; trail 2.5×ATR from +1.0R; scale 1/2 at T1 (+1.5R); time-stop 15 bars if < +0.5R,55-day high sits before T1 (resistance),210.30999755859375,4.503582407053133,2.141401958695951,46.99916049472175,60.744821707693674,14.705269441539933,-0.2954871371795955,0.8789852516936562,-0.049546039161427635,-0.09176199034213328,0.07813021768132256,-0.04340180042590347,1.1592293090598704,605939943.9174652,0.0,0.0,0.0,0.0,-0.12820144092458752,0.3893805309734513,-0.12820144092458752,-0.3962016688989318,-0.301406616020857,0.7734834799185641,-0.05031716904598707,-0.589599700378553,,,,,,,,2026-10-02,False,max 6 positions in RISK_ON
XLI,No clean setup,False,34.59743379574437,,,False,True,no dominant factor,169.9499969482422,165.2072503609253,2.790671769627211,177.06411682921754,184.1782367101929,8.011,1361.469425552368,4999.996465341072,139.53348984063166,1.0,14.999989396023217,0,No actionable pattern today.,Stop 165.2; to breakeven at +1.0R; trail 2.5×ATR from +1.0R; scale 1/2 at T1 (+1.5R); time-stop 15 bars if < +0.5R,size capped at 25% of capital,169.9499969482422,2.3713732936584435,1.3953358848136013,44.5556604765912,77.16153638988072,29.35449868914463,-0.3518704547639892,0.9055037811968669,-0.013735638285767293,-0.08166222305187287,0.04308494144528585,0.1332032982928435,1.0776903446567545,1260940067.3651886,0.0,0.0,0.0,0.0,-0.1355934968114184,0.3805309734513274,-0.1355934968114184,-0.6050903108507238,-0.16552576003200278,0.4965045033045975,-0.20749627285017572,0.0019865651833870283,,,,,,,,2026-10-02,False,max 6 positions in RISK_ON
SNPS,Extended (wait),False,33.12944402825701,,,False,True,volume accumulation,489.8999938964844,423.22287385285756,13.610353311765026,589.9156739619245,689.9313540273648,0.8167,400.1013250152588,1469.3721161185379,199.98673646829124,1.0,4.408116348355614,15,Too far above the 21-EMA. Set an alert for a pullback toward it.,Stop 423.2; to breakeven at +1.0R; trail 2.5×ATR from +1.0R; scale 1/2 at T1 (+1.5R); time-stop 15 bars if < +0.5R,55-day high sits before T1 (resistance),489.8999938964844,19.05060572675051,3.888672374790006,74.10209040874113,95.75256107563854,20.414939751575837,3.5076281989432765,0.9080967072602287,0.17772914503167714,0.10769440854224488,0.23727738045965574,-0.14896271889282087,1.761258796558858,995838482.8056335,0.0,0.0,0.0,1.0,-0.1728573859280463,0.37168141592920356,-0.1728573859280463,0.2744258941005979,0.1646228104825848,-1.3176491166727045,-1.5531187612179829,1.1863245343950115,,,,,,,,2026-10-02,False,max 6 positions in RISK_ON
GE,No clean setup,False,31.045006104587145,,,False,True,volatility compression,309.55999755859375,292.54979703491006,5.494960801730847,335.0752983441193,360.59059912964483,3.2015,991.0563321838379,3639.6543799451442,199.99758149646559,1.0,10.918963139835434,0,No actionable pattern today.,Stop 292.5; to breakeven at +1.0R; trail 2.5×ATR from +1.0R; scale 1/2 at T1 (+1.5R); time-stop 15 bars if < +0.5R,,309.55999755859375,8.50510026184184,2.7474804008654212,34.78185747860428,5.767332652419682,24.483865908767243,-1.4404639037802178,0.7961115123805195,-0.060515940641597155,-0.1825287748338127,0.10238251448310898,0.09933913739030853,1.0183610823244202,1407372771.5011597,0.0,0.0,0.0,0.0,-0.2263157268454547,0.36283185840707965,-0.2263157268454547,-0.5737193516759688,-0.5501649559445568,-0.06939340185997653,0.7015892082373462,0.1148261730023108,,,,,,,,2026-10-02,False,max 6 positions in RISK_ON
SBUX,No clean setup,False,30.38956344135778,,,False,True,volatility compression,94.70999908447266,90.64866008846856,4.2881839671244775,100.8020075784788,106.89401607248494,13.409,1269.966377723694,4663.951522190266,199.998821409021,1.0,13.9918545665708,0,No actionable pattern today.,Stop 90.65; to breakeven at +1.0R; trail 2.5×ATR from +1.0R; scale 1/2 at T1 (+1.5R); time-stop 15 bars if < +0.5R,,94.70999908447266,2.0306694980020477,2.1440919835622383,35.12666800211613,49.47330304006288,36.76922465741669,-1.2645569439880746,0.8619496681963182,-0.11253749998927653,-0.06714268044094229,0.06022310769902206,0.29672265216602134,0.8985538398462145,680130958.6953735,0.0,0.0,0.0,0.0,-0.24328702990695705,0.35398230088495575,-0.24328702990695705,-0.70605932712006,-0.13943993421854103,-0.04694133863450789,0.5253783822233906,-0.6405441237408124,,,,,,,,2026-10-02,False,max 6 positions in RISK_ON
TJX,No clean setup,False,30.270451038210844,,,False,True,favourable entry timing,132.67999267578125,126.33506474735704,4.782128639341103,142.19738456841756,151.71477646105387,8.583,1138.7923771362305,4182.215005032806,199.99890151449478,1.0,12.54664501509842,0,No actionable pattern today.,Stop 126.3; to breakeven at +1.0R; trail 2.5×ATR from +1.0R; scale 1/2 at T1 (+1.5R); time-stop 15 bars if < +0.5R,,132.67999267578125,2.859753217603086,2.1553763758423026,48.425637865908534,45.48851973193759,29.994859301749084,0.19648874686995857,0.7829331055320966,0.010433288726368062,-0.12035805942764355,-0.17208393230891927,-0.07904652694652436,1.0029874315380272,1189386738.6281204,0.0,0.0,0.0,0.0,-0.24638055017367605,0.34513274336283184,-0.24638055017367605,-0.9313160477126621,-0.7251996142761826,0.9765722918889161,0.03998995624730553,0.19973833564569277,,,,,,,,2026-10-02,False,max 6 positions in RISK_ON
CDNS,No clean setup,False,30.175646732963763,,,False,True,volume accumulation,351.3500061035156,308.04069112098574,12.326544536837147,416.3139785773104,481.2779510511053,1.2574,441.7874976745606,1622.4645852098238,199.99381969029898,1.0,4.867393755629472,0,No actionable pattern today.,Stop 308; to breakeven at +1.0R; trail 2.5×ATR from +1.0R; scale 1/2 at T1 (+1.5R); time-stop 15 bars if < +0.5R,55-day high sits before T1 (resistance),351.3500061035156,12.374089995008543,3.521869867667757,70.80559570534197,97.5916054093531,25.82573915061635,2.7607050446416213,0.8431927909115637,0.14569403828036775,-0.06498651734869587,0.2605841151145116,-0.12870411579355978,1.0344321947316495,849097182.3059082,0.0,0.0,0.0,0.0,-0.24884488370818547,0.336283185840708,-0.24884488370818547,-0.1255394718179399,-0.2534269790023395,-0.8687910390731477,-1.291725635224721,1.4887995153106874,,,,,,,,2026-10-02,False,max 6 positions in RISK_ON
LMT,No clean setup,False,27.884455826675087,,,False,True,volatility compression,505.4100036621094,482.17808982773596,4.5966470125322365,540.2578744136695,575.1057451652296,2.3441,1184.7315895843506,4350.926762748527,199.99674505734572,1.0,13.052780288245582,0,No actionable pattern today.,Stop 482.2; to breakeven at +1.0R; trail 2.5×ATR from +1.0R; scale 1/2 at T1 (+1.5R); time-stop 15 bars if < +0.5R,,505.4100036621094,11.61595691718672,2.2983235062661205,31.09836958395026,0.652169480879266,36.38758436371744,-1.7684666835418332,0.7396896482047658,-0.04917690665255081,-0.05476566328482224,-0.17810938819619715,0.09275544003723613,0.9923396189991488,642134144.7271729,0.0,0.0,0.0,0.0,-0.3090346093165959,0.3274336283185841,-0.3090346093165959,-0.7430509947659261,-0.6177089511121682,0.022898064382143906,1.044534882342667,-0.5207844861363765,,,,,,,,2026-10-02,False,max 6 positions in RISK_ON
EFA,No clean setup,False,27.87649462670509,,,False,True,distribution in volume,103.95999908447266,101.57364990896995,2.2954494002675725,107.53952284772672,111.11904661098076,13.096,1361.460148010254,4999.962393567657,114.77160677675295,1.0,14.999887180702974,0,No actionable pattern today.,Stop 101.6; to breakeven at +1.0R; trail 2.5×ATR from +1.0R; scale 1/2 at T1 (+1.5R); time-stop 15 bars if < +0.5R,size capped at 25% of capital,103.95999908447266,1.1931745877513473,1.1477247001337831,42.22994426017287,59.19076349192279,22.038173086337192,-1.130628531547802,0.9547249487298238,-0.02895571216900572,-0.014223402361292603,0.07760319608862232,0.17617208028692333,1.8577647971652715,1498433614.7190857,0.0,0.0,0.0,0.0,-0.30924606287980616,0.3185840707964602,-0.30924606287980616,-0.45237396446413963,0.09895308704579348,0.20588445598767383,-1.1195806991021926,-1.0058492766039713,,,,,,,,2026-10-02,False,max 6 positions in RISK_ON
WMT,No clean setup,False,27.42245049102945,,,False,True,volatility compression,104.26000213623047,99.91763252125536,4.164942956073597,110.77355655869314,117.2871109811558,12.5412,1307.5455387908935,4801.960991209557,199.9989360567843,1.0,14.405882973628673,0,No actionable pattern today.,Stop 99.92; to breakeven at +1.0R; trail 2.5×ATR from +1.0R; scale 1/2 at T1 (+1.5R); time-stop 15 bars if < +0.5R,,104.26000213623047,2.1711848074875553,2.0824714780367977,40.167091525235875,19.50932567340061,10.960911819901623,-1.2459060645963425,0.7732287687013829,-0.017249451077665512,-0.05549387741448153,-0.1675884640405827,0.049266705502047925,0.9601102166722895,2389803156.0884476,0.0,0.0,0.0,0.0,-0.32133485931653866,0.30973451327433627,-0.32133485931653866,-0.8335943306983549,-0.5643376715874227,0.19041474014880763,0.5633208542210016,-0.341588998611255,,,,,,,,2026-10-02,False,max 6 positions in RISK_ON
GLD,No clean setup,False,27.265689560845175,,,False,True,no dominant factor,380.1400146484375,366.1749692403668,3.673658354800112,401.08758276054357,422.0351508726496,3.5814,1361.433448461914,4999.8643394763785,183.67793403584542,1.0,14.999593018429138,0,No actionable pattern today.,Stop 366.2; to breakeven at +1.0R; trail 2.5×ATR from +1.0R; scale 1/2 at T1 (+1.5R); time-stop 15 bars if < +0.5R,size capped at 25% of capital,380.1400146484375,6.982522704035335,1.836829177400053,38.80547140457162,28.278495463487218,17.852423874755733,-1.684984014840481,0.7458112724039553,-0.05620930582321426,-0.005207626223921569,-0.1147388011305881,0.13130915979071855,0.9139844478049356,3447219397.062378,0.0,0.0,0.0,0.0,-0.32552216343418444,0.3008849557522124,-0.32552216343418444,-0.7720849792009131,-0.45789968655923013,0.04923538012069076,0.37670859550281316,-0.3658197983574227,,,,,,,,2026-10-02,False,max 6 positions in RISK_ON
SCHW,No clean setup,False,26.86690804884045,,,False,True,no dominant factor,96.69999694824219,92.27958075566305,4.571268182092217,103.3306212371109,109.9612455259796,12.3198,1191.3246224029542,4375.139675774849,199.99936792078825,1.0,13.125419027324549,0,No actionable pattern today.,Stop 92.28; to breakeven at +1.0R; trail 2.5×ATR from +1.0R; scale 1/2 at T1 (+1.5R); time-stop 15 bars if < +0.5R,,96.69999694824219,2.210208096289568,2.2856340910461066,29.908462163521662,16.607912940117984,27.341106100007146,-2.5133761570308426,0.8443202477857902,-0.10661494034812846,-0.036156098663441716,0.037964980789151115,0.18832989915234366,0.991149728991067,879261311.6099548,0.0,0.0,0.0,0.0,-0.33620670054355106,0.2920353982300885,-0.33620670054355106,-0.317344093055464,-0.18668560981654697,-0.5393928115103692,-0.12415793360834596,-0.6550042428222129,,,,,,,,2026-10-02,False,max 6 positions in RISK_ON
WFC,No clean setup,False,26.840123522403722,,,False,True,no dominant factor,80.44999694824219,76.73419506877413,4.618771933401856,86.02369976744427,91.59740258664637,14.656,1179.0751552734375,4330.153507741699,199.9999148887896,1.0,12.9904605232251,0,No actionable pattern today.,Stop 76.73; to breakeven at +1.0R; trail 2.5×ATR from +1.0R; scale 1/2 at T1 (+1.5R); time-stop 15 bars if < +0.5R,,80.44999694824219,1.8579009397340307,2.309385966700929,33.70420871702321,51.69928488265501,24.602572921399386,-1.8359056799417368,0.8364812153414038,-0.09880138934125593,-0.07476413366365953,0.009608703624004677,0.12794204122395536,1.0834082584095213,1168283708.3458328,0.0,0.0,0.0,0.0,-0.33692604334705434,0.2831858407079646,-0.33692604334705434,-0.5442475161176685,-0.3189246799878093,-0.13785990233218667,-0.04169823786724822,-0.5611135232060456,,,,,,,,2026-10-02,False,max 6 positions in RISK_ON
ADBE,No clean setup,False,26.624947599524106,,,False,True,no dominant factor,237.69000244140625,219.36153978977373,7.711078490207316,265.182696418855,292.6753903963038,2.9712,706.2245352539063,2593.6096057199707,199.99527242662344,1.0,7.780828817159914,0,No actionable pattern today.,Stop 219.4; to breakeven at +1.0R; trail 2.5×ATR from +1.0R; scale 1/2 at T1 (+1.5R); time-stop 15 bars if < +0.5R,,237.69000244140625,9.164231325816266,3.85553924510366,41.01981546747945,39.5654422431211,22.735256933589636,-1.0447888260882217,0.6535331164798105,-0.1504700125728622,0.08997108478112348,-0.021529704293434593,-0.18599439208872726,0.8504955971927577,1399978278.7765503,0.0,0.0,0.0,0.0,-0.342712907585301,0.2743362831858407,-0.342712907585301,-0.7408845979988934,-0.5721454299995777,0.3493471243272663,-0.05735010290461345,-0.2962410732719621,,,,,,,,2026-10-02,False,max 6 positions in RISK_ON
RTX,No clean setup,False,26.221917171675685,,,False,True,volatility compression,184.67999267578125,177.4592536344138,3.909865349650492,195.5111012378324,206.34220979988356,7.372,1361.4609060058594,4999.965177306519,195.49190596209834,1.0,14.999895531919558,0,No actionable pattern today.,Stop 177.5; to breakeven at +1.0R; trail 2.5×ATR from +1.0R; scale 1/2 at T1 (+1.5R); time-stop 15 bars if < +0.5R,size capped at 25% of capital,184.67999267578125,3.6103695206837116,1.9549326748252422,24.057914828482893,2.780997844864615,45.084723200127755,-2.354828009182156,0.8156883074450839,-0.0801873005349164,-0.07983562134155187,-0.051703193899905076,0.21866123694182504,0.8453135263228565,758648876.9794464,0.0,0.0,0.0,0.0,-0.35359076227515257,0.26548672566371684,-0.35359076227515257,-0.7765080616436544,-0.36562219690914055,-0.6612327764198727,0.5739410617245119,0.056253620264236526,,,,,,,,2026-10-02,False,max 6 positions in RISK_ON
XLP,No clean setup,False,26.06966736698684,,,False,True,no dominant factor,80.52999877929688,78.62675070010857,2.363402592870273,83.38487089807933,86.23974301686178,16.9063,1361.4643183624269,4999.977709186012,118.16960282183791,1.0,14.999933127558041,0,No actionable pattern today.,Stop 78.63; to breakeven at +1.0R; trail 2.5×ATR from +1.0R; scale 1/2 at T1 (+1.5R); time-stop 15 bars if < +0.5R,size capped at 25% of capital,80.52999877929688,0.9516240395941483,1.1817012964351334,34.770412393654325,30.6526910777781,16.759860874585847,-1.8954276876276284,0.9106000991746596,-0.0522666992297981,-0.03615187909341244,-0.003271898247732219,0.1156939395435963,1.1932359381939022,909453754.7236252,0.0,0.0,0.0,0.0,-0.3577135405302331,0.25663716814159293,-0.3577135405302331,-0.4576374841701694,-0.11129169718076787,-0.25575506658452507,-0.5709597866960331,-0.7136117263767853,,,,,,,,2026-10-02,False,max 6 positions in RISK_ON
IWM,No clean setup,False,24.88945076110746,,,False,True,no dominant factor,281.5199890136719,274.30682501645396,2.562220900366551,292.3397350094988,303.15948100532563,4.8361,1361.4588188690186,4999.957512296471,128.10995638950763,1.0,14.999872536889413,0,No actionable pattern today.,Stop 274.3; to breakeven at +1.0R; trail 2.5×ATR from +1.0R; scale 1/2 at T1 (+1.5R); time-stop 15 bars if < +0.5R,size capped at 25% of capital,281.5199890136719,3.6065819986089465,1.2811104501832709,40.032879096626814,84.2769230621439,37.09857570281749,-0.8966561916955604,0.924881222808249,-0.039980755587742944,-0.0556866469625209,0.12589633819484525,0.2215904309105754,1.2551592230372026,6913608979.190216,0.0,0.0,0.0,0.0,-0.38993879356666855,0.24778761061946902,-0.38993879356666855,-0.6671558751193393,0.01570965004753322,-0.09297453624069021,-0.9101394977474784,-0.7748714213049884,,,,,,,,2026-10-02,False,max 6 positions in RISK_ON
SLV,No clean setup,False,24.772304014675548,,,False,True,weak momentum; volatility compression,54.7400016784668,51.333624558506614,6.2228297689295795,59.84956735840707,64.95913303834735,15.9873,875.1448288341522,3213.969383893424,199.99984358520257,1.0,9.641908151680274,0,No actionable pattern today.,Stop 51.33; to breakeven at +1.0R; trail 2.5×ATR from +1.0R; scale 1/2 at T1 (+1.5R); time-stop 15 bars if < +0.5R,,54.7400016784668,1.7031885599800904,3.1114148844647875,40.22260288837025,31.39584158034225,13.276377509527979,-1.5128333064903867,0.4984066353988618,-0.0733028278098471,-0.02441630577405518,-0.1679586423968661,0.3766021884147528,1.0227036908536937,897374624.2759705,0.0,0.0,0.0,0.0,-0.39316434720050397,0.23893805309734514,-0.39316434720050397,-0.7857382828775462,-0.9166701669059494,0.21948682546709092,0.7368706788344567,-0.3482637116191589,,,,,,,,2026-10-02,False,max 6 positions in RISK_ON
ABT,No clean setup,False,24.66480096674539,,,False,True,no dominant factor,97.5,92.90469831057982,4.713129937866854,104.39295253413027,111.28590506826055,11.8509,1155.46275,4243.436949374999,199.99869725549704,1.0,12.730310848125,0,No actionable pattern today.,Stop 92.9; to breakeven at +1.0R; trail 2.5×ATR from +1.0R; scale 1/2 at T1 (+1.5R); time-stop 15 bars if < +0.5R,,97.5,2.2976508447100947,2.3565649689334305,29.73415876739739,33.05151614857094,31.723632203599198,-2.138000340875908,0.7368958933710297,-0.11740745068691483,0.026826322998503294,-0.03945327054018055,-0.1531927087963244,0.9412857868764606,903205992.0591736,0.0,0.0,0.0,0.0,-0.3961288350175467,0.23008849557522124,-0.3961288350175467,-0.6031477019476174,-0.5089268004142483,-0.5547173854059338,0.369398321384068,-0.22774051848468493,,,,,,,,2026-10-02,False,max 6 positions in RISK_ON
XLB,No clean setup,False,23.814421897911174,,,False,True,distribution in volume,48.86000061035156,47.35340619186585,3.083492426658959,51.119892238080126,53.3797838658087,27.8647,1361.4692590072632,4999.995853704174,154.17449348223016,1.0,14.999987561112523,0,No actionable pattern today.,Stop 47.35; to breakeven at +1.0R; trail 2.5×ATR from +1.0R; scale 1/2 at T1 (+1.5R); time-stop 15 bars if < +0.5R,size capped at 25% of capital,48.86000061035156,0.7532972092428553,1.5417462133294784,35.19581914299508,55.80097921720487,20.303847253342077,-1.6107595621316695,0.905791755505945,-0.07299612453959592,-0.05569727239162059,-0.02264653065186173,0.2101919157211518,1.2786938757406394,582577866.6271019,0.0,0.0,0.0,0.0,-0.41973449431939047,0.22123893805309736,-0.41973449431939047,-0.5018674819823484,-0.12272011900277013,-0.32429782036337684,-0.5058114185111205,-1.0550825440273155,,,,,,,,2026-10-02,False,max 6 positions in RISK_ON
XLY,No clean setup,False,23.236455347080557,,,False,True,distribution in volume,110.04000091552734,106.98252748164451,2.778510912799715,114.6262110663516,119.21242121717584,12.3725,1361.469911327362,4999.998249349737,138.92549699797715,1.0,14.999994748049215,0,No actionable pattern today.,Stop 107; to breakeven at +1.0R; trail 2.5×ATR from +1.0R; scale 1/2 at T1 (+1.5R); time-stop 15 bars if < +0.5R,size capped at 25% of capital,110.04000091552734,1.528736716941418,1.3892554563998587,41.576563545960944,85.76902626547579,24.092583568857652,-0.8341367226469806,0.8857219061441228,-0.039854092489970405,-0.06548296710826196,0.021748626184068698,-0.04164705963413018,1.1433141133721527,746984647.0818329,0.0,0.0,0.0,0.0,-0.43594366669859147,0.21238938053097345,-0.43594366669859147,-0.8447771812822377,-0.2752095883784021,0.08016625775855121,-0.32174908127944923,-0.9084713054366281,,,,,,,,2026-10-02,False,max 6 positions in RISK_ON
MELI,No clean setup,False,23.21114931467475,,,False,True,no dominant factor,1696.56005859375,1586.011321750251,6.5160520715742285,1862.3831638589986,2028.206269124247,0.4926,835.7254848632812,3069.2018431604,199.99079028204767,1.0,9.207605529481203,0,No actionable pattern today.,Stop 1586; to breakeven at +1.0R; trail 2.5×ATR from +1.0R; scale 1/2 at T1 (+1.5R); time-stop 15 bars if < +0.5R,,1696.56005859375,55.27436842174951,3.2580260357871147,33.48743264295763,35.681501861241486,24.826148625713365,-1.776404235592397,0.698747964824444,-0.15450164172400827,-0.06043152267918661,-0.011052019633487342,-0.0782439158860927,1.063925321098148,1171575678.1396484,0.0,0.0,0.0,0.0,-0.4366565740163602,0.20353982300884957,-0.4366565740163602,-0.7503680544726393,-0.6894574055907903,-0.10324795236980769,0.10392324341153003,-0.2179242840654457,,,,,,,,2026-10-02,False,max 6 positions in RISK_ON
UBER,No clean setup,False,21.436939704942393,,,False,True,weak momentum; volatility compression; distribution in volume,68.11000061035156,64.42733339962592,5.4069405046605405,73.63400142644002,79.15800224252848,14.7878,1007.1970670257568,3698.9312286520917,199.99901084152776,1.0,11.096793685956277,0,No actionable pattern today.,Stop 64.43; to breakeven at +1.0R; trail 2.5×ATR from +1.0R; scale 1/2 at T1 (+1.5R); time-stop 15 bars if < +0.5R,,68.11000061035156,1.841333605362823,2.7034702523302747,36.83137405884916,38.432046153680616,24.882317449580565,-1.3810193120401597,0.6723925350860266,-0.10909086554361713,-0.05951391421661123,-0.0519208785868458,-0.20867408689312517,0.8570474402868532,1355510551.322937,0.0,0.0,0.0,0.0,-0.48735642802586404,0.19469026548672566,-0.48735642802586404,-0.8614774759325854,-0.830828445787706,-0.031068667232219828,0.9693123102453178,-1.0215346672694643,,,,,,,,2026-10-02,False,max 6 positions in RISK_ON
MS,No clean setup,False,20.83211649757717,,,False,True,distribution in volume,190.30999755859375,180.82420846344837,4.984388217557955,204.53868120131182,218.76736484402988,5.741,1092.5696959838867,4012.462208500824,199.99669355448074,1.0,12.037386625502474,0,No actionable pattern today.,Stop 180.8; to breakeven at +1.0R; trail 2.5×ATR from +1.0R; scale 1/2 at T1 (+1.5R); time-stop 15 bars if < +0.5R,,190.30999755859375,4.7428945475726945,2.49219410877898,30.018028244663057,59.75441169454376,36.50618608788112,-2.0887433722984676,0.8239294063202846,-0.10154852715447726,-0.13841692307054643,0.16027967302328605,0.3807243746384532,1.3008142716338191,1119782445.4270172,0.0,0.0,0.0,0.0,-0.5049873459537121,0.18584070796460178,-0.5049873459537121,-0.707214774923694,-0.24158938674298464,-0.5367979722938938,0.052970748862293936,-1.2692695413462993,,,,,,,,2026-10-02,False,max 6 positions in RISK_ON
GS,No clean setup,False,20.557861567640487,,,False,True,distribution in volume,902.5599975585938,854.7978465500925,5.291853299248464,974.2032240713456,1045.8464505840975,1.1402,1029.0989092163086,3779.365744096893,199.9984908196577,1.0,11.338097232290682,0,No actionable pattern today.,Stop 854.8; to breakeven at +1.0R; trail 2.5×ATR from +1.0R; scale 1/2 at T1 (+1.5R); time-stop 15 bars if < +0.5R,,902.5599975585938,23.88107550425063,2.6459266496242297,32.13762194516052,46.0739044274458,32.96003807358483,-2.016045571364636,0.7859516763810489,-0.10141174716221646,-0.14053925214839857,0.055545102249277,0.3038347664245067,0.9694375024376194,2041621826.5100098,0.0,0.0,0.0,0.0,-0.5130449239410745,0.17699115044247787,-0.5130449239410745,-0.7393001900955668,-0.426710477091773,-0.49278681186758955,0.1583923933307133,-0.9781949941373588,,,,,,,,2026-10-02,False,max 6 positions in RISK_ON
AXP,No clean setup,False,19.825916804272552,,,False,True,no dominant factor,302.7799987792969,291.1712188254882,3.834064337344345,320.1931687100099,337.60633864072287,4.4965,1361.4502645111083,4999.926096417045,191.70038335629917,1.0,14.999778289251138,0,No actionable pattern today.,Stop 291.2; to breakeven at +1.0R; trail 2.5×ATR from +1.0R; scale 1/2 at T1 (+1.5R); time-stop 15 bars if < +0.5R,size capped at 25% of capital,302.7799987792969,5.804389976904332,1.9170321686721725,32.8071737175993,33.848679193702424,30.515637767269734,-1.747784535595214,0.7877499475481446,-0.08242927238449671,-0.1495660483177702,0.011422561477987703,0.01506452166773542,1.2109126476729046,1041598690.332489,0.0,0.0,0.0,0.0,-0.5347508441578896,0.168141592920354,-0.5347508441578896,-0.9325003071310578,-0.6064382635980383,-0.15939149411057393,-0.04170184383324551,-0.6161213950067993,,,,,,,,2026-10-02,False,max 6 positions in RISK_ON
ORCL,No clean setup,False,19.69476265741117,,,False,True,weak momentum; favourable entry timing,142.3000030517578,128.55924620099432,9.656188725284606,162.91113832790305,183.52227360404828,3.9633,563.9776020950317,2071.207743694004,199.9997286238021,1.0,6.213623231082013,0,No actionable pattern today.,Stop 128.6; to breakeven at +1.0R; trail 2.5×ATR from +1.0R; scale 1/2 at T1 (+1.5R); time-stop 15 bars if < +0.5R,,142.3000030517578,6.870378425381745,4.828094362642303,48.31491621728163,89.80275945172583,11.472340219173756,-0.13135430013594104,0.44544109280549854,-0.023670648015383766,-0.006712152106469027,-0.021083638294301155,-0.4899442594304707,1.0732409865411365,5304588783.418121,0.0,0.0,0.0,0.0,-0.5386722544867887,0.1592920353982301,-0.5386722544867887,-0.558622306814483,-1.2653718396901346,0.7115812307466095,-0.3616884789414932,-0.734387190218428,,,,,,,,2026-10-02,False,max 6 positions in RISK_ON
BAC,No clean setup,False,19.122174466203493,,,False,True,no dominant factor,53.75,51.457612175653,4.264907580180471,57.188581736520504,60.62716347304101,23.7563,1276.9011249999999,4689.419381562499,199.9994026707112,1.0,14.0682581446875,0,No actionable pattern today.,Stop 51.46; to breakeven at +1.0R; trail 2.5×ATR from +1.0R; scale 1/2 at T1 (+1.5R); time-stop 15 bars if < +0.5R,,53.75,1.1461939121735012,2.1324537900902345,22.309818262574993,6.226727091521923,42.30580507068127,-3.167562275247026,0.828211477012814,-0.13699301270240127,-0.09809291827452815,0.09973540457827124,0.25512690978912733,1.1529439995455664,2252380355.845108,0.0,0.0,0.0,0.0,-0.5559110840922186,0.1504424778761062,-0.5559110840922186,-0.7250745894653337,-0.25945698450515625,-0.9687480993983985,-0.3001025117201324,-0.5952723717264604,,,,,,,,2026-10-02,False,max 6 positions in RISK_ON
SPGI,No clean setup,False,18.71638904910262,,,False,True,distribution in volume,386.2699890136719,367.0858240904881,4.966517065477946,415.0462363984476,443.8224837832233,2.8387,1096.5046178131104,4026.913208918648,199.9973317329302,1.0,12.080739626755944,0,No actionable pattern today.,Stop 367.1; to breakeven at +1.0R; trail 2.5×ATR from +1.0R; scale 1/2 at T1 (+1.5R); time-stop 15 bars if < +0.5R,,386.2699890136719,9.592082461591893,2.4832585327389713,31.94658706725393,8.251238090397308,20.170039456233877,-1.975141199757412,0.7444274657908018,-0.10525585078133304,-0.13434712507287982,-0.048713640092798105,-0.044209620662727045,1.3883232570929571,786127033.5939026,0.0,0.0,0.0,0.0,-0.5682490211092067,0.1415929203539823,-0.5682490211092067,-0.7982932298940952,-0.7349302119058448,-0.25959179325474047,0.35328092521885673,-1.0759734146575965,,,,,,,,2026-10-02,False,max 6 positions in RISK_ON
XLF,No clean setup,False,17.08039640129296,,,False,True,distribution in volume,53.4900016784668,52.081861325153774,2.632530022671304,55.60221220843633,57.714422738405865,25.4528,1361.4703147216796,4999.999730815368,131.62649404719895,1.0,14.999999192446104,0,No actionable pattern today.,Stop 52.08; to breakeven at +1.0R; trail 2.5×ATR from +1.0R; scale 1/2 at T1 (+1.5R); time-stop 15 bars if < +0.5R,size capped at 25% of capital,53.4900016784668,0.7040701766565108,1.3162650113356509,27.510594261129057,23.98088986687189,34.18022827932436,-2.3979074537781218,0.91602925288324,-0.06903723271328832,-0.043831299344562535,0.08757012893314986,0.09313882098565363,1.340591072427754,2101913031.945343,0.0,0.0,0.0,0.0,-0.6190921422435102,0.13274336283185842,-0.6190921422435102,-0.5842769672791717,-0.0675018349610958,-0.5783004186552583,-1.2143802315145502,-1.5335977564895602,,,,,,,,2026-10-02,False,max 6 positions in RISK_ON
IBM,No clean setup,False,16.55409144163023,,,False,True,weak momentum,222.63999938964844,208.94975300176606,6.149050676164754,243.175368971472,263.7107385532956,3.9779,885.6396535720825,3252.5116277434727,199.99858823809728,1.0,9.757534883230418,0,No actionable pattern today.,Stop 208.9; to breakeven at +1.0R; trail 2.5×ATR from +1.0R; scale 1/2 at T1 (+1.5R); time-stop 15 bars if < +0.5R,,222.63999938964844,6.8451231939411965,3.07452533808238,41.5614708547976,44.747302929692985,13.655420698786886,-0.9879086647340741,0.6744784719234238,-0.039102277418750275,-0.2513451065582174,-0.08975063760160729,-0.1702206826198106,1.0011826634056535,1377706366.6525269,0.0,0.0,0.0,0.0,-0.635853348889979,0.12389380530973451,-0.635853348889979,-0.8773251338988838,-1.1749545333631837,0.13676767166193618,0.18591305953003137,-0.7858547569370407,,,,,,,,2026-10-02,False,max 6 positions in RISK_ON
BA,No clean setup,False,16.396976500453814,,,False,True,no dominant factor,193.55999755859375,180.63133571347674,6.679407939754334,212.95299032626926,232.34598309394477,4.2122,815.3134217163087,2994.2385412531435,199.99740685964682,1.0,8.982715623759432,0,No actionable pattern today.,Stop 180.6; to breakeven at +1.0R; trail 2.5×ATR from +1.0R; scale 1/2 at T1 (+1.5R); time-stop 15 bars if < +0.5R,,193.55999755859375,6.464330922558503,3.339703969877167,41.20412676005549,78.558872026301,31.2455684139875,-0.8558241667698184,0.7609985960834555,-0.07329917133384334,-0.17472498038978157,-0.07040631820269028,-0.02941450706701043,1.939243084068421,1662729134.9617004,0.0,0.0,0.0,0.0,-0.640897892470183,0.11504424778761062,-0.640897892470183,-1.0300695412677003,-0.7795669226562831,0.14996320905991212,-0.7339700571822547,-0.6091015069929685,,,,,,,,2026-10-02,False,max 6 positions in RISK_ON
KWEB,No clean setup,False,15.511490614726004,,,False,True,weak momentum,23.860000610351562,23.007853670395104,3.571445591609743,25.138221020286252,26.41644143022094,57.0607,1361.4683368270873,4999.992466997478,178.5720105434007,1.0,14.999977400992437,0,No actionable pattern today.,Stop 23.01; to breakeven at +1.0R; trail 2.5×ATR from +1.0R; scale 1/2 at T1 (+1.5R); time-stop 15 bars if < +0.5R,size capped at 25% of capital,23.860000610351562,0.42607346997823003,1.7857227958048743,33.164905612214355,6.468954208645371,21.668100185435918,-2.3752424948952773,0.5837340506140433,-0.07159533455116673,-0.06760451472921836,-0.15058738053608112,-0.3575464842051018,1.0497496000659587,368479190.63676834,0.0,0.0,0.0,0.0,-0.6696974462745324,0.10619469026548672,-0.6696974462745324,-0.9032586413702148,-1.1619109010737683,-0.42907555488416776,0.41032424851191274,-0.41299595095707,,,,,,,,2026-10-02,False,max 6 positions in RISK_ON
XLU,No clean setup,False,15.304771158697157,,,False,True,no dominant factor,39.83000183105469,38.65460160629692,2.9510423568229136,41.593102168191336,43.356202505327985,34.182,1361.4691225891115,4999.995352708512,147.55198069760542,1.0,14.999986058125536,0,No actionable pattern today.,Stop 38.65; to breakeven at +1.0R; trail 2.5×ATR from +1.0R; scale 1/2 at T1 (+1.5R); time-stop 15 bars if < +0.5R,size capped at 25% of capital,39.83000183105469,0.5877001123788812,1.4755211784114524,35.381046570620086,77.33675026235363,34.35982038837598,-1.442540611475932,0.8463440014209626,-0.05969369518491341,-0.11428548161233154,-0.12863460247965186,-0.010410881308877018,2.158142570060202,1197847882.8165245,0.0,0.0,0.0,0.0,-0.6765145361652032,0.09734513274336283,-0.6765145361652032,-1.0611494428090047,-0.5232564608280532,-0.3258297499157438,-0.9319226875858656,-0.5610089391740011,,,,,,,,2026-10-02,False,max 6 positions in RISK_ON
BKNG,No clean setup,False,13.719816227029142,,,False,True,distribution in volume,159.02000427246094,147.01512570793412,7.5492882920302025,177.02732211925115,195.0346399660414,4.5363,721.3624453811645,2649.2035806623267,199.99601574698588,1.0,7.947610741986981,0,No actionable pattern today.,Stop 147; to breakeven at +1.0R; trail 2.5×ATR from +1.0R; scale 1/2 at T1 (+1.5R); time-stop 15 bars if < +0.5R,,159.02000427246094,6.002439282263408,3.7746441460150995,30.462212802733617,11.516533824241591,32.87513036992456,-1.906714168843517,0.7132396000243254,-0.20138256945434796,-0.11946061134060626,-0.04749067670023688,-0.06111699805423898,1.056327265293137,1523793865.8691406,0.0,0.0,0.0,0.0,-0.7300639771343658,0.08849557522123894,-0.7300639771343658,-0.9837771322015668,-0.7799053156743856,-0.43371912318296535,-0.2956054411578118,-0.9770101375535681,,,,,,,,2026-10-02,False,max 6 positions in RISK_ON
NEE,No clean setup,False,10.247648681490915,,,False,True,distribution in volume,76.83000183105469,74.07611392730226,3.584391303033012,80.96083368668333,85.09166554231197,17.7205,1361.4660474472046,4999.984059249859,179.21899377278893,1.0,14.999952177749579,0,No actionable pattern today.,Stop 74.08; to breakeven at +1.0R; trail 2.5×ATR from +1.0R; scale 1/2 at T1 (+1.5R); time-stop 15 bars if < +0.5R,size capped at 25% of capital,76.83000183105469,1.3355589392284692,1.7383299588685373,33.190297939922175,87.81446229135595,47.29581993219607,-1.5550907802189444,0.7896174742656916,-0.07545122452702568,-0.1147329050756396,-0.16291224148730088,0.08666842987884427,1.3378166683502,1004939149.1556549,0.0,0.0,0.0,0.0,-0.8568047203322041,0.07964601769911504,-0.8568047203322041,-1.2205967843854935,-0.6155540496477343,-0.5014623881002483,-0.7737993206942871,-1.3483661669226503,,,,,,,,2026-10-02,False,max 6 positions in RISK_ON
HD,No clean setup,False,10.236720444083694,,,False,True,weak momentum; distribution in volume,282.8500061035156,269.4775865326623,4.727742366022562,302.9086354597956,322.96726481607556,4.0724,1151.878364855957,4230.273294933502,199.99642276310973,1.0,12.690819884800508,0,No actionable pattern today.,Stop 269.5; to breakeven at +1.0R; trail 2.5×ATR from +1.0R; scale 1/2 at T1 (+1.5R); time-stop 15 bars if < +0.5R,,282.8500061035156,6.686209785426662,2.3638711830112835,26.51507158222826,15.428845841135285,32.59178762522283,-2.5129555743079393,0.7267832708787364,-0.10541459720521595,-0.18741079839681507,-0.10744770943047433,-0.18106433798566812,1.3724650106557985,1527906785.209961,0.0,0.0,0.0,0.0,-0.8572277779470426,0.07079646017699115,-0.8572277779470426,-1.0299752543205531,-0.9692915437090147,-0.6703778490072114,0.028391332960057223,-1.3974674151119366,,,,,,,,2026-10-02,False,max 6 positions in RISK_ON
PEP,No clean setup,False,9.919196412203263,,,False,True,distribution in volume,125.88999938964844,121.4619336900053,3.517408627461832,132.53209793911316,139.17419648857788,10.8147,1361.462576399231,4999.971311826176,175.86942229279046,1.0,14.99991393547853,0,No actionable pattern today.,Stop 121.5; to breakeven at +1.0R; trail 2.5×ATR from +1.0R; scale 1/2 at T1 (+1.5R); time-stop 15 bars if < +0.5R,size capped at 25% of capital,125.88999938964844,2.214032849821574,1.7587043137309184,26.050812667707433,23.262424128762376,28.027071012650378,-2.410714464874492,0.7564858683187374,-0.09454267931651983,-0.11204637323527555,-0.18111247763409044,0.01067736880757919,1.0180863028420972,1214527028.0843735,0.0,0.0,0.0,0.0,-0.8695951619871058,0.061946902654867256,-0.8695951619871058,-0.9808755639386044,-0.7271322037880588,-0.8704455305864942,-0.47781759193625783,-1.3936937707334902,,,,,,,,2026-10-02,False,max 6 positions in RISK_ON
TLT,No clean setup,False,9.838752829479354,,,False,True,distribution in volume,77.4800033569336,75.8559175823052,2.096135395279459,79.9161320188762,82.35226068081879,17.5718,1361.4631229873658,4999.9733191711,104.80621049767463,1.0,14.999919957513303,0,No actionable pattern today.,Stop 75.86; to breakeven at +1.0R; trail 2.5×ATR from +1.0R; scale 1/2 at T1 (+1.5R); time-stop 15 bars if < +0.5R,size capped at 25% of capital,77.4800033569336,0.8120428873142008,1.0480676976397318,27.022282426203375,20.884985012591528,25.690506443522796,-2.7125544682064993,0.8791230065661432,-0.050737582353322264,-0.08244917083988113,-0.08635157311812447,-0.0434837614393776,1.8541310235847182,3802131605.1558304,0.0,0.0,0.0,0.0,-0.8727518482915673,0.05309734513274336,-0.8727518482915673,-0.9455140884218532,-0.38815150800677894,-0.7120628833958518,-2.1824053579298646,-0.870108156448242,,,,,,,,2026-10-02,False,max 6 positions in RISK_ON
INTU,No clean setup,False,9.07322145660677,,,False,True,weak momentum; distribution in volume,281.0799865722656,255.91580318084655,8.952677029159231,318.8262616593942,356.5725367465228,2.1641,608.28519894104,2233.927393110969,199.99630457114137,1.0,6.701782179332908,0,No actionable pattern today.,Stop 255.9; to breakeven at +1.0R; trail 2.5×ATR from +1.0R; scale 1/2 at T1 (+1.5R); time-stop 15 bars if < +0.5R,,281.0799865722656,12.582091695709536,4.4763385145796155,37.1181674332698,67.9948786096636,22.02158738902814,-1.3987573193149896,0.4116823717179135,-0.1803814528161084,0.03742578555436671,-0.32967822414487014,-0.4896355782306313,0.9506289319445006,1107955559.3736267,0.0,0.0,0.0,0.0,-0.9032871524495402,0.04424778761061947,-0.9032871524495402,-0.9489127698861022,-1.380727609346176,0.002657412988157069,-0.44962362186709676,-1.4310151540738147,,,,,,,,2026-10-02,False,max 6 positions in RISK_ON
LOW,No clean setup,False,8.026529197699222,,,False,True,weak momentum; distribution in volume,180.8000030517578,171.8299507316625,4.961312040203583,194.25508153190077,207.71016001204373,6.0711,1097.654898527527,4031.1376148423424,199.99731584234868,1.0,12.093412844527029,0,No actionable pattern today.,Stop 171.8; to breakeven at +1.0R; trail 2.5×ATR from +1.0R; scale 1/2 at T1 (+1.5R); time-stop 15 bars if < +0.5R,,180.8000030517578,4.485026160047651,2.4806560201017906,25.4973659306155,1.2568495197983651,27.562595028531483,-2.606846071775377,0.6237310556424541,-0.09527618912652436,-0.18707045839108694,-0.20880138264839831,-0.1776062639174828,1.140828952247709,635000821.9524384,0.0,0.0,0.0,0.0,-0.9465944693416948,0.035398230088495575,-0.9465944693416948,-1.0755811187981723,-1.2430421728816412,-0.7529250754189161,0.27614778956104147,-1.4607482613657765,,,,,,,,2026-10-02,False,max 6 positions in RISK_ON
NVO,No clean setup,False,7.334185511841227,,,False,True,weak momentum; distribution in volume,37.31999969482422,35.18829383174463,5.7119664536739725,40.5175584894436,43.715117284062984,25.547,953.4140322036743,3501.413033267994,199.9995378648361,1.0,10.504239099803984,0,No actionable pattern today.,Stop 35.19; to breakeven at +1.0R; trail 2.5×ATR from +1.0R; scale 1/2 at T1 (+1.5R); time-stop 15 bars if < +0.5R,,37.31999969482422,1.0658529315397929,2.855983226836983,27.076037976038705,2.5754676590330803,33.153802034731555,-3.1977540045680475,0.6107088459146764,-0.20205261215409676,-0.23270630948984206,0.02208994905228634,-0.17010569844542311,0.9722386254289801,567133419.0462303,0.0,0.0,0.0,0.0,-0.976328472489543,0.02654867256637168,-0.976328472489543,-1.0371350821700598,-1.2023684938011685,-1.0532981683813454,0.42361603407610976,-1.5741051625773939,,,,,,,,2026-10-02,False,max 6 positions in RISK_ON
NFLX,No clean setup,False,6.951241117250717,,,False,True,weak momentum; distribution in volume,67.05999755859375,63.10416820323914,5.898940500106936,72.99374159162566,78.92748562465758,13.7667,923.1948683898926,3390.4331541618803,199.9996344599082,1.0,10.171299462485642,0,No actionable pattern today.,Stop 63.1; to breakeven at +1.0R; trail 2.5×ATR from +1.0R; scale 1/2 at T1 (+1.5R); time-stop 15 bars if < +0.5R,,67.05999755859375,1.9779146776773044,2.9494702500534675,31.05639503967032,6.694433850346357,25.83663917274907,-2.901226038739281,0.5370815091365146,-0.18941140048952432,-0.11786371323511335,-0.3202919615910341,-0.29344943253566447,1.1760206296413005,2612330058.6914825,0.0,0.0,0.0,0.0,-0.9931792739548563,0.017699115044247787,-0.9931792739548563,-0.9772930773987991,-1.4238436467758455,-0.8060932714059094,0.27938583375555875,-1.5014848465483321,,,,,,,,2026-10-02,False,max 6 positions in RISK_ON
MCD,No clean setup,False,4.091347823689658,,,False,True,weak momentum; distribution in volume,231.88999938964844,222.91571362094305,3.8700615776128195,245.35142804270652,258.8128566957646,5.8711,1361.449375416565,4999.922831217335,193.50009240123313,1.0,14.99976849365201,0,No actionable pattern today.,Stop 222.9; to breakeven at +1.0R; trail 2.5×ATR from +1.0R; scale 1/2 at T1 (+1.5R); time-stop 15 bars if < +0.5R,size capped at 25% of capital,231.88999938964844,4.487142884352694,1.9350307888064102,24.016014773332913,34.36109302872542,46.71111862438233,-2.689904338212111,0.6918378497943029,-0.11136237385697967,-0.16444278694442727,-0.2344789897011016,-0.10933757033223046,1.10992251299454,1489251773.4804535,0.0,0.0,0.0,0.0,-1.1298272301431236,0.008849557522123894,-1.1298272301431236,-1.3470474023268824,-1.0455542910804612,-0.9567517902724826,-0.37122910666675163,-1.9242805167145949,,,,,,,,2026-10-02,False,max 6 positions in RISK_ON
