ticker,setup,eligible,conviction,earnings_flag,earnings_date,veto,liquid,why,entry,stop,stop_pct,t1,t2,units,pos_native,pos_aed,risk_aed,risk_pct,cost_aed,hold_days,entry_note,exit_rule,plan_flags,close,atr,atr_pct,rsi14,rsi2,adx,dist21_atr,pct_52w_high,mom_1m,mom_3m,mom_6m,mom_12_1,rvol,adv20,squeeze_on,breakout20,breakout55,uptrend,composite,comp_rank,composite_final,g_trend,g_momentum,g_timing,g_volatility,g_volume,g_fundamentals,g_sentiment,social_buzz,social_bull,sector,shortName,shortPercentOfFloat,date,selected,skip_reason
MU,No clean setup,False,74.68480981730522,,2026-12-23,False,True,momentum leader; strong trend structure; volume accumulation; quality/growth fundamentals,1074.8900146484375,981.9208150516392,8.649182551686978,1214.343814043635,1353.7976134388323,0.5857,629.5630815795898,2312.0704171010434,199.97519109861983,1.0,6.936211251303131,0,No actionable pattern today.,Stop 981.9; to breakeven at +1.0R; trail 2.5×ATR from +1.0R; scale 1/2 at T1 (+1.5R); time-stop 15 bars if < +0.5R,55-day high sits before T1 (resistance); crowd euphoric on social (contrarian caution); Ex-dividend 2026-10-14,1074.8900146484375,46.484599798399145,4.324591275843491,59.26429437447494,42.45357366619975,15.075832587155201,0.9716741684098242,0.8566178152483285,0.12426783892025339,0.09153593769833712,1.9353850195172875,4.25728605167939,0.9310667042970141,27127676201.046143,0.0,0.0,0.0,1.0,0.9609792902849982,0.9734513274336283,1.0688069289375013,0.9177359255613783,1.680971803969711,0.32086039614389045,0.1403062190564616,1.0283361479606528,1.8217166722229428,1.1785182948720836,5.831396358802063,0.9375,Technology,"Micron Technology, Inc.",0.024500001,2026-10-02,False,not actionable today
ANET,Momentum continuation,True,73.88848202791858,,2026-11-03,False,True,momentum leader; strong trend structure; volatility compression,207.35000610351562,193.6299203764551,6.616872593778001,227.9301346941064,248.51026328469723,1.9846,411.5068221130371,1511.2588042101288,99.99806963683713,0.5,4.533776412630387,15,Half-size starter at market; add on a 2–3 day tight consolidation.,Stop 193.6; to breakeven at +1.0R; trail 2.5×ATR from +1.0R; scale 1/2 at T1 (+1.5R); time-stop 15 bars if < +0.5R,55-day high sits before T1 (resistance),207.35000610351562,6.860042863530268,3.3084362968890004,60.17701825557926,90.49943570957879,17.013239465064384,0.9834859282800672,0.9649123118453691,0.11418591780260323,0.1966182338656004,0.6368014335649153,0.24673411118706268,0.6911166842790228,955404383.8394928,0.0,0.0,0.0,1.0,0.7642712788001959,0.9380530973451328,0.6501127739495993,1.3016536872006708,0.8835492588738365,0.036060688390870295,0.9129832924821635,0.3349153837471646,-0.1231662838458756,0.5101237929403016,2.1186662572432886,1.0,Technology,"Arista Networks, Inc.",0.0127,2026-10-02,True,
MSFT,Momentum continuation,True,72.01093488343965,,2026-10-28,False,True,momentum leader; strong trend structure,517.530029296875,488.3244948841523,5.643254064387695,561.3383309159591,605.1466325350432,0.9323,482.49324631347656,1771.9564470862426,99.99600421937419,0.5,5.315869341258729,15,Half-size starter at market; add on a 2–3 day tight consolidation.,Stop 488.3; to breakeven at +1.0R; trail 2.5×ATR from +1.0R; scale 1/2 at T1 (+1.5R); time-stop 15 bars if < +0.5R,55-day high sits before T1 (resistance); crowd euphoric on social (contrarian caution),517.530029296875,11.5820253462034,2.2379426681653496,62.7006960251272,91.61115529424146,36.37915328993687,1.2756629000111765,0.9423320985128818,0.04168516095838526,0.3407051562809811,0.39138679429888623,-0.03617844986680385,0.7612152810976881,10681883933.50296,0.0,0.0,0.0,1.0,0.6392028307879308,0.911504424778761,0.590627549074428,1.5135999792111148,0.8035129380529309,-0.4159236808020041,0.4767152864358179,0.22481057751607728,-0.09278008006924814,0.8854329245100815,3.512283180705603,1.0,Technology,Microsoft Corporation,0.0091,2026-10-02,True,
XOM,Pullback in uptrend,True,71.22166316009789,,2026-10-30,False,True,strong trend structure; favourable entry timing; volatility compression; volume accumulation,162.24698136611252,154.9684995331539,4.486050693624078,173.16470411555045,184.08242686498838,7.4821,1213.9481392793905,4458.224541503561,199.99821296743937,1.0,13.374673624510685,15,"Limit near the 21-EMA, or at market on the first up-close / reclaim day.",Stop 155; to breakeven at +1.0R; trail 2.5×ATR from +1.0R; scale 1/2 at T1 (+1.5R); time-stop 15 bars if < +0.5R,55-day high sits before T1 (resistance),164.00999450683594,3.526026281446852,2.149885006733469,55.12638426166747,85.6460773100496,13.498631546849698,0.5194075131563713,0.9420804412195998,-0.0008528747782757806,0.2098504030467554,0.034242340937941984,0.5082373977817229,0.8251149881441237,2297554136.5920258,0.0,0.0,0.0,1.0,0.7589219364760655,0.9203539823008849,0.5663588243522696,0.8019867844414377,0.6068201440815462,0.6619918947266489,0.6480711035259752,1.309292617105835,-0.0488892240757968,-0.35889802421003214,2.1739401873368878,0.8333333333333334,Energy,ExxonMobil Holdings Corporation,0.0108,2026-10-02,True,
PANW,Momentum continuation,True,70.29744672229617,,2026-11-19,False,True,momentum leader; strong trend structure; volume accumulation,403.239990234375,353.2769536640306,12.390397227542936,478.18454508989157,553.1290999454081,0.5449,219.72547067871096,806.941791067566,99.983293308321,0.5,2.4208253732026983,15,Half-size starter at market; add on a 2–3 day tight consolidation.,Stop 353.3; to breakeven at +1.0R; trail 2.5×ATR from +1.0R; scale 1/2 at T1 (+1.5R); time-stop 15 bars if < +0.5R,55-day high sits before T1 (resistance),403.239990234375,17.252170695440082,4.278387836834489,62.60249596625163,87.26354823593549,15.676943574032792,1.4892225458353243,0.9847130408653846,0.22759369443384037,0.1278493877748561,1.4706817820387577,0.588394613824625,0.8856297902609557,2327199734.7947693,0.0,0.0,0.0,1.0,0.8962441700250485,0.9646017699115044,0.5384390420984422,1.6585537357529585,1.4336479437708254,-0.14313615007162792,-0.6068564350053651,1.0902866893802126,-0.42440919769189017,-1.3611537415240755,2.3312413918540535,0.6363636363636364,Technology,"Palo Alto Networks, Inc.",0.0269,2026-10-02,False,sector cap (Technology)
AAPL,Pullback in uptrend,True,69.90034801945234,,2026-10-29,False,True,favourable entry timing,331.02398781340383,316.9572094401715,4.249474023363439,352.1241553732524,373.2243229331009,3.8714,1281.5262664208117,4706.405213430431,199.99746697894878,1.0,14.119215640291294,15,"Limit near the 21-EMA, or at market on the first up-close / reclaim day.",Stop 317; to breakeven at +1.0R; trail 2.5×ATR from +1.0R; scale 1/2 at T1 (+1.5R); time-stop 15 bars if < +0.5R,55-day high sits before T1 (resistance); crowd euphoric on social (contrarian caution),333.69000244140625,7.0333891866161835,2.1077614358108314,54.73837266258486,62.385708386206694,17.189801619331156,0.3790512023812882,0.9662651473329904,0.026864879418655896,0.06818197581868257,0.306210883034,0.27680709524796754,0.8356896502573355,13988005526.706696,0.0,0.0,0.0,1.0,0.5779472719462806,0.8938053097345132,0.5265981365415585,0.7115797393588915,0.46278654983000306,0.7760082039411131,0.4465838729381012,0.4328561434276826,-0.2554505703627307,0.8978537602080703,3.5584048584805643,1.0,Technology,Apple Inc.,0.0088,2026-10-02,False,sector cap (Technology)
AMD,Extended (wait),False,69.81742646451303,,2026-11-03,False,True,momentum leader; strong trend structure; volume accumulation,633.9099731445312,576.2180287156938,9.100968098459578,720.4478897877875,806.9858064310437,0.9439,598.3476236511231,2197.4316478587493,199.9875532570794,1.0,6.592294943576248,15,Too far above the 21-EMA. Set an alert for a pullback toward it.,Stop 576.2; to breakeven at +1.0R; trail 2.5×ATR from +1.0R; scale 1/2 at T1 (+1.5R); time-stop 15 bars if < +0.5R,55-day high sits before T1 (resistance); crowd euphoric on social (contrarian caution),633.9099731445312,24.207963262225014,3.8188330027591486,70.0723975533013,93.38921485283393,25.827877615885022,2.4758613976851342,0.9821057099821214,0.38692945462431516,0.1482836467016857,1.9145286121587644,1.7867813722751116,0.8034101853164892,12885467729.176636,0.0,0.0,0.0,1.0,0.9752923602595227,0.9823008849557522,0.859326450972348,1.0743204398844113,2.0408363477494516,-0.7681939783237446,-0.5245647586041312,2.228462859023477,-0.17161301818253322,0.9625386458298323,3.798596060111243,1.0,Technology,"Advanced Micro Devices, Inc.",0.024600001,2026-10-02,False,not actionable today
NVDA,Momentum continuation,True,69.48588056505271,,2026-11-17,False,True,volatility compression; quality/growth fundamentals,233.9499969482422,219.61441067076828,6.127628324203584,255.45337636445305,276.9567557806639,1.8994,444.3646242034912,1631.9290823873214,99.99854868328114,0.5,4.895787247161965,15,Half-size starter at market; add on a 2–3 day tight consolidation.,Stop 219.6; to breakeven at +1.0R; trail 2.5×ATR from +1.0R; scale 1/2 at T1 (+1.5R); time-stop 15 bars if < +0.5R,55-day high sits before T1 (resistance),233.9499969482422,5.902342668489386,2.522907777509049,63.011079674177765,95.186943693792,16.015164838020752,1.5806103182031646,0.9834790320585945,0.04367796703392446,0.1977078628548592,0.3218599940218567,0.20004391571319902,0.9815798149035357,24630934462.00127,0.0,0.0,0.0,1.0,0.4496746487975103,0.8407079646017699,0.5143337911296899,0.6933052609431553,0.7027113204481383,-0.5520199950649071,0.7983632522748998,0.48367510769588634,0.8466453125121616,0.6992954084046543,5.446843797389369,0.8666666666666667,Technology,NVIDIA Corporation,0.0127,2026-10-02,False,sector cap (Technology)
ABBV,Pullback in uptrend,True,68.91098905334708,,2026-10-30,False,True,strong trend structure; favourable entry timing,261.65358578694713,251.34567692652834,3.9395251662295445,277.1154490775753,292.5773123682035,5.2033,1361.4621029252219,4999.969572992877,196.97505963187427,1.0,14.999908718978634,15,"Limit near the 21-EMA, or at market on the first up-close / reclaim day.",Stop 251.3; to breakeven at +1.0R; trail 2.5×ATR from +1.0R; scale 1/2 at T1 (+1.5R); time-stop 15 bars if < +0.5R,size capped at 25% of capital; 55-day high sits before T1 (resistance); Ex-dividend 2026-10-15,262.82000732421875,5.153954430209402,1.961020579324239,53.783026377783685,64.58549484299907,17.22191940147464,0.22631584214923417,0.9756115410112999,0.004202988301944988,0.038980752205142855,0.27794793170970866,0.10417918105600155,0.9712056803527493,1115368080.0350952,0.0,0.0,0.0,1.0,0.5489849276732847,0.8849557522123894,0.4974757794478737,0.9135515068631082,0.3286015820296012,0.567755943486636,0.4441295183372711,0.4475090190188326,0.16015629341733592,0.42272207967512276,1.7941217777724838,1.0,Healthcare,AbbVie Inc.,0.0123000005,2026-10-02,True,
TMO,Pullback in uptrend,True,67.47389673355364,Earnings in 17d — binary gap risk,2026-10-21,False,True,strong trend structure; favourable entry timing; volume accumulation,649.1475703183094,618.0064773609319,4.797228608913607,695.8592097543756,742.5708491904419,1.7487,1135.1643562156275,4168.891098201892,199.9912364373938,1.0,12.50667329460568,15,"Limit near the 21-EMA, or at market on the first up-close / reclaim day.",Stop 618; to breakeven at +1.0R; trail 2.5×ATR from +1.0R; scale 1/2 at T1 (+1.5R); time-stop 15 bars if < +0.5R,55-day high sits before T1 (resistance),654.7999877929688,15.57054647868875,2.3779087918388546,56.66382832672021,18.92563520255392,42.11069179050585,0.363019851769223,0.9578280401914399,0.07684275410549546,0.26603923145795494,0.3347145059578076,0.14975747343055934,1.0029975276590053,1499171467.3980713,0.0,0.0,0.0,1.0,1.0023987495467483,0.9911504424778761,0.7720414258408117,1.9353658080083893,0.7559469860779846,0.7039692272876983,-0.028306809289755173,1.2309438835204536,-0.5007882880103325,0.2020125500444622,0.9745719459413668,1.0,Healthcare,Thermo Fisher Scientific Inc,0.0136,2026-10-02,True,
MRK,Squeeze (pre-breakout),True,66.93479577674334,,2026-10-29,False,True,strong trend structure; favourable entry timing; volatility compression; Bollinger/Keltner squeeze on,153.9058979831719,142.1497249198111,7.638546161919176,171.54015757821315,189.17441717325437,4.6323,712.9382912274473,2618.2658745328,199.9974474679647,1.0,7.8547976235984,15,Buy-stop just above the 20-day high (+0.1 ATR). Let price trigger it; don't anticipate.,Stop 142.1; to breakeven at +1.0R; trail 2.5×ATR from +1.0R; scale 1/2 at T1 (+1.5R); time-stop 15 bars if < +0.5R,55-day high sits before T1 (resistance),144.3000030517578,3.3589065895316668,2.3277245450416846,46.94693848181794,25.319146266471066,25.88830030731394,-0.5891110933469789,0.9250049733246484,-0.04278701829089182,0.1449106965310405,0.2095275033885422,0.7216993577497857,0.866075946855062,1442704312.9659271,1.0,0.0,0.0,1.0,0.7590036932342656,0.9292035398230089,0.44077340664968184,1.2120491190327412,0.6690586344997285,0.8212237041920917,1.0907128206545433,-0.3472636553833593,-0.18448436944379681,-1.4798111099335098,2.114421135734078,0.625,Healthcare,"Merck & Company, Inc.",0.0139999995,2026-10-02,False,sector cap (Healthcare)
CRWD,Extended (wait),False,66.90656581198823,,2026-12-01,False,True,momentum leader; strong trend structure; volume accumulation; new 55-day high,270.0400085449219,229.98943233066552,14.831349039745653,330.1158728663064,390.19173718769093,1.3597,367.17339961853025,1348.4443100990522,199.9924822373807,1.0,4.045332930297157,15,Too far above the 21-EMA. Set an alert for a pullback toward it.,Stop 230; to breakeven at +1.0R; trail 2.5×ATR from +1.0R; scale 1/2 at T1 (+1.5R); time-stop 15 bars if < +0.5R,,270.0400085449219,11.443021775501817,4.237528297070188,68.74572609292407,95.51452047200755,25.260903150936112,2.144801532376257,0.9872228597057188,0.32749980815871904,0.35439864545915967,1.7063540975002685,0.6274902123821064,0.7622174910189922,2567842016.8593597,0.0,1.0,1.0,1.0,1.032131053747449,1.0,0.7519018194979429,2.0414658613742236,1.862959289301123,-0.7428333589189963,-0.7207973165656075,1.3517658389224383,-0.4725156231030768,-0.2655146118970864,2.71376503105569,0.8235294117647058,Technology,"CrowdStrike Holdings, Inc.",0.0277,2026-10-02,False,not actionable today
PLTR,No clean setup,False,66.63821301897012,,2026-11-02,False,True,strong trend structure; volume accumulation,188.75,175.1916768366589,7.18321756998204,209.08748474501164,229.4249694900233,4.0166,758.1332500000001,2784.2443606250004,199.99833010364912,1.0,8.352733081875002,0,No actionable pattern today.,Stop 175.2; to breakeven at +1.0R; trail 2.5×ATR from +1.0R; scale 1/2 at T1 (+1.5R); time-stop 15 bars if < +0.5R,55-day high sits before T1 (resistance),188.75,6.273270680708159,3.323587115606972,61.17985788011922,50.31067997119574,27.517550762378455,1.0399671234778505,0.9095508679355216,0.11383212865501613,0.4240984575313709,0.2713861744852626,-0.08375231408470818,0.5060756695436076,4140820168.4645844,0.0,0.0,0.0,1.0,0.8656845171653333,0.9557522123893806,0.7424963527016304,1.783444553574863,0.7866040673822536,0.009653218570342199,0.3192081944996014,1.0583888393621896,0.21355326432225938,0.28593412537137736,3.4743070442825044,0.8888888888888888,Technology,Palantir Technologies Inc.,0.027999999,2026-10-02,False,not actionable today
CRM,Pullback in uptrend,True,66.13821481339382,,2026-12-02,False,True,strong trend structure; favourable entry timing; distribution in volume,234.69000244140625,217.1185561255233,7.487087704245057,261.0471719152307,287.4043413890551,3.0992,727.3512555664063,2671.197486067627,199.99489853547237,1.0,8.013592458202881,15,"Limit near the 21-EMA, or at market on the first up-close / reclaim day.",Stop 217.1; to breakeven at +1.0R; trail 2.5×ATR from +1.0R; scale 1/2 at T1 (+1.5R); time-stop 15 bars if < +0.5R,,234.69000244140625,8.785723157941481,3.743543852122531,51.494252337434105,62.318079730265396,19.77126393841177,-0.03057371021767868,0.8763666994100537,-0.08495345713668345,0.4192749211426474,0.2624169265128464,0.09743377467229286,0.7485836259176508,2912990248.0052185,0.0,0.0,0.0,1.0,0.4389949028062195,0.831858407079646,0.418412261415353,0.9011302480170077,0.7915192599738503,0.7365561361254039,-0.0191551194649103,-1.354778508242081,0.1529151938060521,0.5192481978977217,2.152547461017889,1.0,Technology,"Salesforce, Inc.",0.0454,2026-10-02,False,sector cap (Technology)
CVX,Pullback in uptrend,True,65.39408737415668,,2026-10-30,False,True,favourable entry timing; quality/growth fundamentals,206.36325525816548,198.18418274577667,3.963434528185066,218.6318640267487,230.90047279533192,6.5974,1361.460940240221,4999.9653030322115,198.17035121765173,1.0,14.999895909096638,15,"Limit near the 21-EMA, or at market on the first up-close / reclaim day.",Stop 198.2; to breakeven at +1.0R; trail 2.5×ATR from +1.0R; scale 1/2 at T1 (+1.5R); time-stop 15 bars if < +0.5R,size capped at 25% of capital; 55-day high sits before T1 (resistance),206.69000244140625,4.089536256194401,1.9785844539596091,51.930267588900755,67.72555893851603,17.601507304506185,0.07989834611341248,0.9490770667643842,-0.024034358141606593,0.24029633861933886,0.05746318491239122,0.42402075330244293,0.7939793488795033,2052372150.7943726,0.0,0.0,0.0,1.0,0.4573288954711589,0.8584070796460177,0.3977545591554621,0.5087216053668318,0.6496427618347502,0.7927590983714023,0.4399216046526911,-0.6119792037610629,0.5511432075712978,-0.23222877978594844,1.8237523908827127,0.875,Energy,Chevron Corporation,0.0106,2026-10-02,False,correlated with XOM (0.85)
DE,Squeeze (pre-breakout),True,63.649191877314735,,2026-11-25,False,True,strong trend structure; favourable entry timing; volatility compression; Bollinger/Keltner squeeze on,721.2701539680113,659.421795874543,8.5749226906471,814.0426911082137,906.8152282484161,0.8805,635.0783705688339,2332.325315914042,199.9950927340199,1.0,6.996975947742128,15,Buy-stop just above the 20-day high (+0.1 ATR). Let price trigger it; don't anticipate.,Stop 659.4; to breakeven at +1.0R; trail 2.5×ATR from +1.0R; scale 1/2 at T1 (+1.5R); time-stop 15 bars if < +0.5R,,687.0,17.670959455276638,2.5721920604478368,56.57491009989161,78.20818162799776,18.75178226984345,0.603293297077504,0.9548256846721171,-0.013933335114637901,0.08406177600971598,0.19925703608625556,0.5599076369893714,1.0094737326443153,866130007.1170044,1.0,0.0,0.0,1.0,0.6145669258338323,0.9026548672566371,0.3501063707059689,1.0371259451946193,0.5369850012504072,0.603751822087092,0.7102477224048616,-0.11605444238009754,-0.7429647845658847,-0.6725069150450854,1.0094317305669875,0.8333333333333334,Industrials,Deere & Company,0.0208,2026-10-02,True,
EEM,Pullback in uptrend,True,63.119376894811886,,,False,True,favourable entry timing,67.26769762235409,65.2011022720765,3.072195754163635,70.36759064777048,73.46748367318688,20.2395,1361.4645660276356,4999.978618736492,153.60913083391208,1.0,14.999935856209477,15,"Limit near the 21-EMA, or at market on the first up-close / reclaim day.",Stop 65.2; to breakeven at +1.0R; trail 2.5×ATR from +1.0R; scale 1/2 at T1 (+1.5R); time-stop 15 bars if < +0.5R,size capped at 25% of capital; 55-day high sits before T1 (resistance),67.66999816894531,1.0332976751387992,1.5269657205532385,52.87016512899395,80.79146159411957,9.424409881293442,0.3893365448027172,0.9455078728167028,0.007743806868954595,0.0014799241464071855,0.20200975469609062,0.27211048207671107,0.9652369526430757,1325869766.1748505,0.0,0.0,0.0,1.0,0.3358384441944547,0.7610619469026548,0.3358384441944547,0.22471930910092522,0.23280175761840471,0.7366825405205989,0.05545459767519551,0.4947861328516813,,,,,ETF,iShares MSCI Emerging Index Fun,,2026-10-02,False,max 6 positions in RISK_ON
XLE,Pullback in uptrend,True,63.05187545805127,,,False,True,favourable entry timing,62.68973734111905,60.27663090444719,3.8492846501193925,66.30939699612684,69.92905665113463,21.7175,1361.464370705753,4999.977901416878,192.4633818686016,1.0,14.999933704250637,15,"Limit near the 21-EMA, or at market on the first up-close / reclaim day.",Stop 60.28; to breakeven at +1.0R; trail 2.5×ATR from +1.0R; scale 1/2 at T1 (+1.5R); time-stop 15 bars if < +0.5R,size capped at 25% of capital; 55-day high sits before T1 (resistance),62.81999969482422,1.20655321833593,1.9206514234277188,51.64936413583627,87.59674416253682,18.716151941259163,0.10796237722926727,0.9550159741988189,-0.029287222624625575,0.18941096231654475,0.07424704500107349,0.49004905776315777,1.0792720242658578,2191601269.854107,0.0,0.0,0.0,1.0,0.4671969757743066,0.8672566371681416,0.33402682379738385,0.4542666220459382,0.6133124335593237,0.7685265211660989,0.22365938045982647,-0.08068768400470785,,-0.7313343920179983,2.4320754889615666,0.75,ETF,State Street Energy Select Sect,,2026-10-02,False,max 6 positions in RISK_ON
META,Momentum continuation,True,63.04361263936963,,2026-10-28,False,True,strong trend structure; volume accumulation,728.0800170898438,673.2434722644393,7.531664588816436,810.3348343279504,892.589651566057,0.4965,361.49172848510744,1327.578372861557,99.98875019759932,0.5,3.9827351185846713,15,Half-size starter at market; add on a 2–3 day tight consolidation.,Stop 673.2; to breakeven at +1.0R; trail 2.5×ATR from +1.0R; scale 1/2 at T1 (+1.5R); time-stop 15 bars if < +0.5R,55-day high sits before T1 (resistance),728.0800170898438,25.42601328599273,3.492200402315836,61.53780691427509,48.65340923975958,39.68607701698362,1.3223445524056645,0.9336513685870802,0.2290708842756044,0.21383774642211906,0.2695921368463412,-0.17139455110645996,0.9785252567674365,16626034997.92389,0.0,0.0,0.0,1.0,0.3810083465455126,0.7787610619469026,0.3338051584873448,0.9648828836341166,0.4166361310575056,-0.12120555208656282,-0.5571025661427004,0.8156215717246479,-0.043820345977997444,,,,Communication Services,"Meta Platforms, Inc.",0.014099999,2026-10-02,False,max 6 positions in RISK_ON
AMGN,Pullback in uptrend,True,62.38548418916579,,,False,True,strong trend structure; favourable entry timing,403.0400085449219,379.31700375269713,5.886017340529268,438.624515733259,474.2090229215961,2.2956,925.2186436157226,3397.8654686787413,199.99895069428675,1.0,10.193596406036226,15,"Limit near the 21-EMA, or at market on the first up-close / reclaim day.",Stop 379.3; to breakeven at +1.0R; trail 2.5×ATR from +1.0R; scale 1/2 at T1 (+1.5R); time-stop 15 bars if < +0.5R,,403.0400085449219,10.33196057514895,2.563507432537525,47.83912144461456,9.60189754925986,27.05154534695489,-0.398263535559812,0.9015949928315811,-0.0898744199306718,0.10630771768293523,0.1739285718412662,0.5247050667431035,1.0995274981066512,1322948525.081787,0.0,0.0,0.0,1.0,0.5299782369094417,0.8761061946902655,0.31621411777951086,0.8782437872104235,0.4342253172355889,0.7073519260538644,-0.0529754129195998,0.38972255160451663,-0.22122032776258624,-0.8564643897178387,1.2641143140275575,0.7857142857142857,Healthcare,Amgen Inc.,0.025999999,2026-10-02,False,max 6 positions in RISK_ON
LLY,Mean-reversion bounce,True,62.04833753830286,,,False,True,favourable entry timing; volatility compression,1142.8499755859375,1079.0249340738396,5.584726156149661,1238.5875378540843,1334.325100122231,0.8532,975.0795991699218,3580.979827951538,199.98791709805266,1.0,10.742939483854617,7,Buy at market; exit on a close above the 8-EMA or after 5–7 days.,Stop 1079; to breakeven at +1.0R; trail 2.5×ATR from +1.0R; scale 1/2 at T1 (+1.5R); time-stop 15 bars if < +0.5R,,1142.8499755859375,31.91252075604895,2.792363078074832,43.04863914320564,3.640632677162216,17.531826052730587,-0.607507491611722,0.8841139937346716,-0.01485240769726548,-0.046308047663068286,0.2253979223582252,0.4143059369931701,0.8885077349356526,2597997029.538574,0.0,0.0,0.0,0.0,0.319657920775025,0.7256637168141593,0.3072502559284687,0.039767278612554545,0.10433998180406101,0.6403725532415107,0.7736733950621004,0.48264662954057186,0.2079889371560183,,,,Healthcare,Eli Lilly and Company,0.0084,2026-10-02,False,max 6 positions in RISK_ON
XBI,Squeeze (pre-breakout),True,61.29697165806551,,,False,True,volatility compression; Bollinger/Keltner squeeze on,166.36668214628193,152.1330420117655,8.555583336091997,187.7171423480566,209.06760254983124,3.826,636.5189258916747,2337.6157553371754,199.9966640254884,1.0,7.012847266011528,15,Buy-stop just above the 20-day high (+0.1 ATR). Let price trigger it; don't anticipate.,Stop 152.1; to breakeven at +1.0R; trail 2.5×ATR from +1.0R; scale 1/2 at T1 (+1.5R); time-stop 15 bars if < +0.5R,55-day high sits before T1 (resistance),154.42999267578125,4.066754324147552,2.6333966956053136,43.54840709599656,17.592550431193132,11.488095795964009,-0.7356296212460096,0.9089999012925467,-0.06615470015375968,-0.03967418058375283,0.1986784686201437,0.6380309811087483,1.0099499229064812,1377620081.261673,1.0,0.0,0.0,1.0,0.2873828693930633,0.6814159292035398,0.2873828693930633,0.17577330512538453,0.2586655691787285,0.4676513173439266,0.7879459025723741,-0.18857045664134828,,,,,ETF,State Street SPDR S&P Biotech E,,2026-10-02,False,max 6 positions in RISK_ON
MRVL,No clean setup,False,61.212839889383076,,2026-12-01,False,True,momentum leader; strong trend structure; volume accumulation; new 55-day high,272.2900085449219,241.73862577984468,11.220162990312913,318.1170826925377,363.9441568401535,1.7825,485.3569402313232,1782.4733629995344,199.99641658745972,1.0,5.347420088998604,0,No actionable pattern today.,Stop 241.7; to breakeven at +1.0R; trail 2.5×ATR from +1.0R; scale 1/2 at T1 (+1.5R); time-stop 15 bars if < +0.5R,Ex-dividend 2026-10-09,272.2900085449219,13.005518853277572,4.776348174792446,64.99195427292422,92.2225952312931,22.499939816361692,1.7678009670445258,0.825625004996225,0.31872343170823436,0.0926191501047322,1.5440529967380296,1.466562336832736,0.7465962062122121,4334792136.428375,0.0,1.0,1.0,1.0,0.8095495678176754,0.9469026548672567,0.5660897996541009,1.0213772861909287,1.4672627184708629,-0.32547214021119536,-0.3517094405513522,1.6054028248505325,-0.3054037976927424,-0.5100947483076523,2.7065654563684243,0.7777777777777778,Technology,"Marvell Technology, Inc.",0.0418,2026-10-02,False,max 6 positions in RISK_ON
COP,Pullback in uptrend,True,60.741524113510245,,,False,True,favourable entry timing,126.75,120.42919813590974,4.986825928276336,136.2312027961354,145.71240559227078,8.6158,1092.05265,4010.563357125,199.9998133630594,1.0,12.031690071375001,15,"Limit near the 21-EMA, or at market on the first up-close / reclaim day.",Stop 120.4; to breakeven at +1.0R; trail 2.5×ATR from +1.0R; scale 1/2 at T1 (+1.5R); time-stop 15 bars if < +0.5R,,126.75,3.1604009320451265,2.493412964138167,44.897870892041155,61.641120964703774,20.001535996495132,-0.7537004569772792,0.895000736973032,-0.07616616020905875,0.23185366683757858,-0.015142150546991862,0.4825625904492814,0.9287470982087592,902110895.7458496,0.0,0.0,0.0,1.0,0.28494817237470754,0.672566371681416,0.2727876154084116,0.20360013328620047,0.5057329880956566,0.6358989077791933,0.3525587113502565,-0.6983544308329287,0.17550315967804436,,,,Energy,ConocoPhillips,0.0134000005,2026-10-02,False,max 6 positions in RISK_ON
NOW,Squeeze (pre-breakout),True,59.835809024570814,,,False,True,strong trend structure; favourable entry timing; Bollinger/Keltner squeeze on,148.17394920319012,127.03598343919187,14.265642427476829,179.8808978491875,211.58784649518486,2.5763,381.74054533217867,1401.9421527324262,199.99605454887896,1.0,4.205826458197279,15,Buy-stop just above the 20-day high (+0.1 ATR). Let price trigger it; don't anticipate.,Stop 127; to breakeven at +1.0R; trail 2.5×ATR from +1.0R; scale 1/2 at T1 (+1.5R); time-stop 15 bars if < +0.5R,55-day high sits before T1 (resistance),134.3800048828125,6.039418789713787,4.494283799870766,50.348044298580824,42.558365459132624,19.030025656235196,-0.10947466224722457,0.696392123496191,-0.01711524515065821,0.2450662883614234,0.31745102826286775,-0.25079180380423705,0.580298435291449,1612095306.066742,1.0,0.0,0.0,1.0,0.30943778105666286,0.7168141592920354,0.24914279247681342,0.9735296219226912,-0.02415681508544615,0.8889621023519084,-0.05072952021082384,-0.6938785909955034,-0.23321711616198224,,,,Technology,"ServiceNow, Inc.",0.0279,2026-10-02,False,max 6 positions in RISK_ON
ETN,Pullback in uptrend,True,59.33266851417606,,,False,True,volume accumulation,429.12358963156584,401.17800675157923,6.512245785411132,471.04196395154577,512.9603382715256,1.9487,836.2331391150324,3071.066203399956,199.9953793980993,1.0,9.21319861019987,15,"Limit near the 21-EMA, or at market on the first up-close / reclaim day.",Stop 401.2; to breakeven at +1.0R; trail 2.5×ATR from +1.0R; scale 1/2 at T1 (+1.5R); time-stop 15 bars if < +0.5R,,436.1099853515625,13.972791439993305,3.203960447896964,56.30673818386749,60.98815910822413,11.305079953153534,0.6928270882713948,0.9123639860911349,0.11579884493096282,0.05747901129653776,0.2140435504171072,0.05715739176400403,0.9271879668505075,891145561.4924622,0.0,0.0,0.0,1.0,0.32589360586398675,0.7345132743362832,0.23608434550022506,0.5324134735771879,0.16849800018204306,0.4327846308576492,-0.13697568096972648,0.6088756339856628,-0.4823897374098685,,,,Industrials,"Eaton Corporation, PLC",0.02,2026-10-02,False,max 6 positions in RISK_ON
GILD,Pullback in uptrend,True,59.0853752751979,,,False,True,volatility compression,144.74000549316406,137.85782397617083,4.754857852563966,155.0632777686539,165.38655004414375,7.913,1145.3276634674073,4206.215844084053,199.99958435822032,1.0,12.618647532252162,15,"Limit near the 21-EMA, or at market on the first up-close / reclaim day.",Stop 137.9; to breakeven at +1.0R; trail 2.5×ATR from +1.0R; scale 1/2 at T1 (+1.5R); time-stop 15 bars if < +0.5R,55-day high sits before T1 (resistance),144.74000549316406,3.441090758496609,2.3774289262819797,44.47660643713219,2.971389717737779,28.576166007285487,-0.9495823784903077,0.9367657548976168,-0.027102356766363522,0.12302457761442898,0.04868524101114091,0.3715589438551308,0.8288388702556909,880393569.9530792,0.0,0.0,0.0,1.0,0.2876336748838157,0.6902654867256637,0.22968491540536584,0.15323008577141303,0.3836449693910916,0.4439579058988461,0.5152674519412233,-0.14570750673952196,-0.23390516042223294,,,,Healthcare,"Gilead Sciences, Inc.",0.0148,2026-10-02,False,max 6 positions in RISK_ON
PFE,Pullback in uptrend,True,58.34499735331901,,,False,True,favourable entry timing; volume accumulation,27.799999237060547,26.770946736384765,3.701627801859571,29.34357798807422,30.887156739087892,48.9737,1361.4688226360322,4999.994251130828,185.081177291239,1.0,14.999982753392487,15,"Limit near the 21-EMA, or at market on the first up-close / reclaim day.",Stop 26.77; to breakeven at +1.0R; trail 2.5×ATR from +1.0R; scale 1/2 at T1 (+1.5R); time-stop 15 bars if < +0.5R,size capped at 25% of capital; 55-day high sits before T1 (resistance),27.799999237060547,0.5145262503378908,1.850813900929785,47.88571951381946,3.028834035327634,29.46993604954276,-0.48740042804404216,0.9517288636903234,-0.04204001383386402,0.19250975369192114,0.015298150017080347,0.1413170316169563,0.8734387527538037,906464677.5559807,0.0,0.0,0.0,1.0,0.409570759867661,0.8053097345132744,0.21059509183153927,-0.012774614817550625,0.4065007999534193,0.8241866693807136,0.14337300415118442,0.9062103004705855,-0.008940424932387314,-1.1616747356935082,2.475198807351943,0.6666666666666666,Healthcare,"Pfizer, Inc.",0.0272,2026-10-02,False,max 6 positions in RISK_ON
BRK-B,Pullback in uptrend,True,57.37635444684774,,,False,True,favourable entry timing; volume accumulation,502.6499938964844,491.1416277427239,2.2895387035716306,519.912543127125,537.1750923577657,2.7085,1361.4275084686278,4999.842524851036,114.47332972409748,1.0,14.99952757455311,15,"Limit near the 21-EMA, or at market on the first up-close / reclaim day.",Stop 491.1; to breakeven at +1.0R; trail 2.5×ATR from +1.0R; scale 1/2 at T1 (+1.5R); time-stop 15 bars if < +0.5R,size capped at 25% of capital,502.6499938964844,5.754183076880216,1.1447693517858137,46.50038243192086,71.35544578857062,10.307707042326987,-0.4106438402700977,0.934745421625428,-0.005126269471838807,-0.007757891705065689,0.05300091645433502,0.014130826685765374,1.0318402857438471,2368481074.551239,0.0,0.0,0.0,1.0,0.1857644473744473,0.6371681415929203,0.1857644473744473,-0.037744514420727696,-0.024385137186363176,0.6679934496564428,-0.2650823029817423,0.8856595793000196,,,,,,,,2026-10-02,False,max 6 positions in RISK_ON
VRTX,Pullback in uptrend,True,56.50188756000601,,,False,True,volatility compression,504.7300109863281,480.7316595022128,4.75469081721899,540.7275382125011,576.7250654386742,2.2692,1145.3333409301758,4206.236694566071,199.99354986702855,1.0,12.618710083698213,15,"Limit near the 21-EMA, or at market on the first up-close / reclaim day.",Stop 480.7; to breakeven at +1.0R; trail 2.5×ATR from +1.0R; scale 1/2 at T1 (+1.5R); time-stop 15 bars if < +0.5R,,504.7300109863281,11.999175742057686,2.377345408609498,39.03390027350097,2.9553126489803105,16.39118270169661,-1.2676355847285907,0.9009014029207106,-0.09343509477085199,-0.04694200156440109,0.15048670150474597,0.37737812466190457,0.8419582385340443,522942407.9766846,0.0,0.0,0.0,1.0,0.16347281297933194,0.6194690265486725,0.16347281297933194,0.17352081995496524,0.07272578775752776,0.18392662412335822,0.7128471319565897,-0.20981067361072156,,,,,,,,2026-10-02,False,max 6 positions in RISK_ON
KO,Pullback in uptrend,True,56.3421874126897,,,False,True,no dominant factor,85.6500015258789,83.21899652120499,2.8383011808113037,89.29650903288979,92.94301653990067,15.8957,1361.4667292549134,4999.98656318867,141.91467766339053,1.0,14.99995968956601,15,"Limit near the 21-EMA, or at market on the first up-close / reclaim day.",Stop 83.22; to breakeven at +1.0R; trail 2.5×ATR from +1.0R; scale 1/2 at T1 (+1.5R); time-stop 15 bars if < +0.5R,size capped at 25% of capital,85.6500015258789,1.2155025023369639,1.419150590405656,38.374127027839286,2.167452484851921,15.38945467683157,-1.3895214564587177,0.9315719514398593,-0.023559760873702373,0.03858590151586139,0.13030978131348436,0.348434172987776,1.051451075196829,1385694870.9542084,0.0,0.0,0.0,1.0,0.15941333632100152,0.6106194690265486,0.15941333632100152,0.12050304428620355,0.2621708486064589,0.18363737437791802,0.23374936970696336,-0.1303319507943826,,,,,,,,2026-10-02,False,max 6 positions in RISK_ON
QQQ,Momentum continuation,True,55.99923946940558,,,False,True,volume accumulation; new 55-day high,749.5800170898438,725.4378537440898,3.2207586642294777,785.7932621084747,822.0065071271056,1.1278,845.3763432739257,3104.644620673492,99.9931106138759,0.5,9.313933862020479,15,Half-size starter at market; add on a 2–3 day tight consolidation.,Stop 725.4; to breakeven at +1.0R; trail 2.5×ATR from +1.0R; scale 1/2 at T1 (+1.5R); time-stop 15 bars if < +0.5R,,749.5800170898438,9.488575258015622,1.2658522161321615,65.5918980762369,94.5277181045528,14.088433244511018,1.9722057233178547,0.9934265100830479,0.05797912352865575,0.038102234624215914,0.28412209550049283,0.17999281519373045,0.951581919550708,24662063354.744568,0.0,1.0,1.0,1.0,0.15070699449021152,0.584070796460177,0.15070699449021152,0.5469213812622603,0.4042164886613705,-0.7061715137722082,-0.8895053863769213,1.0500346287789788,,,,,,,,2026-10-02,False,max 6 positions in RISK_ON
SMH,Extended (wait),False,55.55161374075749,,,False,True,volume accumulation; new 55-day high,630.5999755859375,577.034456784017,8.494373751307037,710.9482537888182,791.2965319916989,1.0166,641.067935180664,2354.3219919509884,199.98490930553376,1.0,7.062965975852966,15,Too far above the 21-EMA. Set an alert for a pullback toward it.,Stop 577; to breakeven at +1.0R; trail 2.5×ATR from +1.0R; scale 1/2 at T1 (+1.5R); time-stop 15 bars if < +0.5R,,630.5999755859375,15.304433943405861,2.42696392894487,68.60750947533504,97.55892744128518,17.970256833476554,2.6044989117926445,0.9386302480462219,0.1455457018599713,0.04352141043229518,0.6073612454457384,0.654807936122922,0.6803655444719534,3769767338.3502197,0.0,1.0,1.0,1.0,0.43461685987084225,0.8230088495575221,0.4021097968735793,0.6823285602508351,0.7341261642253951,-0.897145928052809,0.2491491613218348,1.3735320786589578,,0.1420532928954756,2.752682367218159,,ETF,VanEck Semiconductor ETF,,2026-10-02,False,max 6 positions in RISK_ON
XLV,Pullback in uptrend,True,54.518434192101445,,,False,True,no dominant factor,166.17999267578125,161.41933300418344,2.8647610310622045,173.32098218317796,180.46197169057467,8.1927,1361.4628259948731,4999.972228466171,143.23725596503138,1.0,14.999916685398516,15,"Limit near the 21-EMA, or at market on the first up-close / reclaim day.",Stop 161.4; to breakeven at +1.0R; trail 2.5×ATR from +1.0R; scale 1/2 at T1 (+1.5R); time-stop 15 bars if < +0.5R,size capped at 25% of capital,166.17999267578125,2.380329835798899,1.4323805155310996,42.551548130106696,4.511980426074956,15.042960706011034,-0.9936446570722443,0.9445978323243092,-0.035466970052353886,0.029982568142372212,0.14128254507458315,0.22094985106369402,1.044227047698679,1362824265.5350494,0.0,0.0,0.0,1.0,0.11326986859478558,0.5663716814159292,0.11326986859478558,0.15154469715026947,0.21893662096279456,0.462595893153398,-0.15245185348541235,-0.4857139841939255,,,,,,,,2026-10-02,False,max 6 positions in RISK_ON
SPY,Pullback in uptrend,True,54.30072617356926,,,False,True,no dominant factor,766.2683788955318,752.7818358839089,1.7600286509358285,786.4981934129661,806.7280079304004,1.7767,1361.4290287836914,4999.848108208106,87.99875920773566,1.0,14.99954432462432,15,"Limit near the 21-EMA, or at market on the first up-close / reclaim day.",Stop 752.8; to breakeven at +1.0R; trail 2.5×ATR from +1.0R; scale 1/2 at T1 (+1.5R); time-stop 15 bars if < +0.5R,size capped at 25% of capital; costs > 15% of risk budget; 55-day high sits before T1 (resistance),769.6400146484375,6.743271505811459,0.8761591623964232,55.39130248635816,86.84498242687026,9.56416432610125,0.6982813326267965,0.9899677453473794,0.008352759719697067,0.02698216277875387,0.17948079498941172,0.15416136478562836,1.0702246464092486,35162410153.09601,0.0,0.0,0.0,1.0,0.10778449528202835,0.5575221238938053,0.10778449528202835,0.49373052017764246,0.298787148823592,0.2999919961859786,-0.932527550651733,-0.3896133937852728,,,,,,,,2026-10-02,False,max 6 positions in RISK_ON
CSCO,No clean setup,False,53.89719032574358,,2026-11-12,False,True,volatility compression; Bollinger/Keltner squeeze on,112.19999694824219,103.44629684810943,7.801871959204098,125.33054709844133,138.46109724864047,6.2212,698.0186210144043,2563.4733856753996,199.99891125866893,1.0,7.6904201570262,0,No actionable pattern today.,Stop 103.4; to breakeven at +1.0R; trail 2.5×ATR from +1.0R; scale 1/2 at T1 (+1.5R); time-stop 15 bars if < +0.5R,55-day high sits before T1 (resistance),112.19999694824219,2.6404685801105483,2.3533588698122654,58.158031834353,99.3686901289306,26.74089915807397,1.3114985947365052,0.8671958951285795,0.029005713511640607,-0.01180064849272544,0.43073058984465096,0.6251129850768162,0.808511573559099,1988587216.3223648,1.0,1.0,0.0,0.0,0.3887950738242022,0.7876106194690266,0.3568154362072453,0.35697826938770943,0.36244960178433194,0.20782816954365496,0.7995969463125288,0.3789408467293575,-0.14648428800710095,0.6042780594859366,2.46828466041231,1.0,Technology,"Cisco Systems, Inc.",0.0146,2026-10-02,False,max 6 positions in RISK_ON
V,Pullback in uptrend,True,53.80141215435789,,,False,True,no dominant factor,360.6600036621094,349.19236041078506,3.1796271099880484,377.8614685390959,395.06293341608233,3.7749,1361.4554478240968,4999.945132133996,158.97961090586026,1.0,14.999835396401988,15,"Limit near the 21-EMA, or at market on the first up-close / reclaim day.",Stop 349.2; to breakeven at +1.0R; trail 2.5×ATR from +1.0R; scale 1/2 at T1 (+1.5R); time-stop 15 bars if < +0.5R,size capped at 25% of capital,360.6600036621094,5.733821625662146,1.5898135549940204,41.30592254427575,38.31879161150111,16.7605411935318,-1.0457971890504405,0.9353943429495982,-0.04688158171384105,0.011420613743094554,0.20372045867262156,0.09658828105336204,0.8669289997057181,2252514686.101532,0.0,0.0,0.0,1.0,0.09521905221039276,0.5486725663716814,0.09521905221039276,0.14072414740076192,0.14606167091442498,0.3432297465630893,0.29705904422151924,-0.6967537184705974,,,,,,,,2026-10-02,False,max 6 positions in RISK_ON
DHR,Pullback in uptrend,True,53.44110920357092,Earnings in 17d — binary gap risk,2026-10-21,False,True,strong trend structure; favourable entry timing; volume accumulation,214.05999755859375,202.14871100264364,5.564461689153148,231.9269273925189,249.7938572264441,4.572,978.6823088378907,3594.2107792071533,199.99848183639486,1.0,10.782632337621463,15,"Limit near the 21-EMA, or at market on the first up-close / reclaim day.",Stop 202.1; to breakeven at +1.0R; trail 2.5×ATR from +1.0R; scale 1/2 at T1 (+1.5R); time-stop 15 bars if < +0.5R,55-day high sits before T1 (resistance),214.05999755859375,5.955643277975057,2.782230844576574,50.37645996369006,29.67511229995641,26.96944101919882,-0.18837739788014737,0.8869121591434314,0.021577553576866748,0.10752692586316548,0.12434194955806177,-0.008428804935960654,1.1156173333132888,941810227.6176453,0.0,0.0,0.0,1.0,0.4562992897913137,0.8495575221238938,0.34449228412972827,0.8216407854159332,0.11742193100231796,0.7378078947785653,-0.25401936369270767,0.860865441517708,-0.28206066308124256,0.07658918604801546,0.5088435424465433,1.0,Healthcare,Danaher Corporation,0.013300001,2026-10-02,False,max 6 positions in RISK_ON
MA,Pullback in uptrend,True,52.9560877890931,,,False,True,no dominant factor,552.260009765625,533.6947862185466,3.3616816750786183,580.1078450862426,607.9556804068602,2.4652,1361.4313760742186,4999.856728632568,168.0792674266263,1.0,14.999570185897705,15,"Limit near the 21-EMA, or at market on the first up-close / reclaim day.",Stop 533.7; to breakeven at +1.0R; trail 2.5×ATR from +1.0R; scale 1/2 at T1 (+1.5R); time-stop 15 bars if < +0.5R,size capped at 25% of capital,552.260009765625,9.282611773539207,1.6808408375393102,38.875496329167646,36.06561241115129,20.03874378828854,-1.3181331994228145,0.9185503512899582,-0.06100588973572885,0.037677358595078925,0.123006722604595,0.03143250738833481,1.1392835959816636,1552468750.2749634,0.0,0.0,0.0,1.0,0.07398848122955469,0.5309734513274337,0.07398848122955469,0.15345870343243306,0.0760202066092586,0.10187392643919632,0.3193369165146407,-0.3772078797250103,,,,,,,,2026-10-02,False,max 6 positions in RISK_ON
ADI,Extended (wait),False,52.82396419097534,,2026-11-24,False,True,volume accumulation; new 55-day high,417.1499938964844,377.6541137593562,9.468028458590615,476.39381410217663,535.6376343078689,1.3788,575.1664115844727,2112.298646543976,199.99303698520802,1.0,6.336895939631928,15,Too far above the 21-EMA. Set an alert for a pullback toward it.,Stop 377.7; to breakeven at +1.0R; trail 2.5×ATR from +1.0R; scale 1/2 at T1 (+1.5R); time-stop 15 bars if < +0.5R,,417.1499938964844,11.284537182036615,2.705150988168747,72.28148120177477,97.41981475309538,25.31858806355102,2.799286820394568,0.9383529136918162,0.1727249836027318,0.07610254060624388,0.3179841699247854,0.5051774147424521,0.7661905046388182,1223242746.0656738,0.0,1.0,1.0,1.0,0.3709970446339534,0.7699115044247787,0.3279201506693756,0.6599934638275714,0.5372139850585682,-1.0153725061310719,-0.1265719966070395,1.9545852225737106,-0.01669500104724686,,,,Technology,"Analog Devices, Inc.",0.0199,2026-10-02,False,max 6 positions in RISK_ON
QCOM,Pullback in uptrend,True,52.32755258014229,,,False,True,no dominant factor,183.66439760007304,166.98276712716168,9.082669635971262,208.6868433094401,233.70928901880714,3.2645,599.5724259654385,2201.929734358073,199.99400338796332,1.0,6.60578920307422,15,"Limit near the 21-EMA, or at market on the first up-close / reclaim day.",Stop 167; to breakeven at +1.0R; trail 2.5×ATR from +1.0R; scale 1/2 at T1 (+1.5R); time-stop 15 bars if < +0.5R,55-day high sits before T1 (resistance),184.8699951171875,8.340815236455681,4.511719292883904,52.5666784387432,56.30178648466518,17.156841430325223,0.14454192820925715,0.7177695542417492,0.09364639003824271,-0.003238091586844183,0.4713144957140134,0.03646011386815484,0.8771372262704059,2784792700.4730225,0.0,0.0,0.0,1.0,0.058230900966158246,0.5132743362831859,0.058230900966158246,0.4772012002216516,-0.1886201839690442,0.4547614461911493,-0.5360938450442707,-0.16305305703387987,,,,,,,,2026-10-02,False,max 6 positions in RISK_ON
XLK,Extended (wait),False,51.7140968229646,,,False,True,volume accumulation; new 55-day high,199.80999755859375,190.16797977887927,4.825593262362652,214.27302422816547,228.7360508977372,5.648,1128.5268662109374,4144.514916159667,199.99743255181605,1.0,12.433544748479003,15,Too far above the 21-EMA. Set an alert for a pullback toward it.,Stop 190.2; to breakeven at +1.0R; trail 2.5×ATR from +1.0R; scale 1/2 at T1 (+1.5R); time-stop 15 bars if < +0.5R,,199.80999755859375,3.2080857672953904,1.605568193030295,68.95756561340406,96.33093900935735,16.79060409850878,2.3964161955590835,0.9921545169281335,0.08955970373723265,0.08973778465318416,0.47276778037196343,0.295247333878373,1.1388901587315328,1406248558.990326,0.0,1.0,1.0,1.0,0.2983941332957525,0.7079646017699115,0.2983941332957525,0.6557401695606551,0.668509473318083,-0.9317416239426406,-0.3171187590243058,1.119130238887769,,,,,ETF,State Street Technology Select ,,2026-10-02,False,max 6 positions in RISK_ON
ASML,Extended (wait),False,51.19411170871969,,,False,True,volume accumulation,1867.31005859375,1688.7849295536912,9.560550922887657,2135.097752153838,2402.8854457139264,0.305,569.5295678710937,2091.5973380065916,199.96822860188286,1.0,6.274792014019775,15,Too far above the 21-EMA. Set an alert for a pullback toward it.,Stop 1689; to breakeven at +1.0R; trail 2.5×ATR from +1.0R; scale 1/2 at T1 (+1.5R); time-stop 15 bars if < +0.5R,55-day high sits before T1 (resistance),1867.31005859375,51.00717972573108,2.7315859779679013,64.78162086812199,90.0655104425905,16.90693836465247,2.338647688111611,0.9348812227342811,0.10997444236805509,0.02446760447698315,0.4225373868152198,0.6878615237034382,1.0070634994923784,2339889962.235718,0.0,1.0,0.0,1.0,0.4320096027803637,0.8141592920353983,0.2846743598626506,0.650576589539478,0.5918221045888202,-0.6097837650551126,0.3053189957986923,1.2847250334758795,-0.18285466161861996,-0.42647856199778394,1.9229967030582897,0.8333333333333334,Technology,ASML Holding N.V. - New York Re,0.0038,2026-10-02,False,max 6 positions in RISK_ON
TXN,Extended (wait),False,50.054334379340716,,,False,True,volume accumulation,293.79998779296875,265.2964937085008,9.701666190862278,336.55522891967064,379.3104700463726,1.9106,561.3342566772461,2061.500057647186,199.99985411736344,1.0,6.18450017294156,15,Too far above the 21-EMA. Set an alert for a pullback toward it.,Stop 265.3; to breakeven at +1.0R; trail 2.5×ATR from +1.0R; scale 1/2 at T1 (+1.5R); time-stop 15 bars if < +0.5R,55-day high sits before T1 (resistance),293.79998779296875,8.143855452705125,2.7719046259606497,70.44351230577925,96.95690249100771,18.226067495275984,2.498715623456418,0.8840650906712451,0.15306116277121395,-0.027004087553115785,0.5230908598455652,0.4490746867453266,0.725819670031911,1577921585.0704956,0.0,1.0,0.0,1.0,0.3285625656121532,0.7522123893805309,0.25483097137712446,0.5129675104945514,0.343155614668599,-0.9804672514303113,0.31692184200602186,1.89845550237607,-0.33502178250310566,,,,Technology,Texas Instruments Incorporated,0.0241,2026-10-02,False,max 6 positions in RISK_ON
SHOP,No clean setup,False,49.93103667869315,,,False,True,strong trend structure,151.38999938964844,128.85083265517795,14.88814771473712,185.19874949135416,219.0074995930599,2.4161,365.77337752532964,1343.302728961773,199.99289454392357,1.0,4.0299081868853195,0,No actionable pattern today.,Stop 128.9; to breakeven at +1.0R; trail 2.5×ATR from +1.0R; scale 1/2 at T1 (+1.5R); time-stop 15 bars if < +0.5R,55-day high sits before T1 (resistance),151.38999938964844,6.43976192413442,4.253756489924889,61.1387544182458,96.24553478757522,14.89680286705922,1.3834655247950638,0.8309457015257281,0.06710371889839872,0.26011320258665305,0.2802536946270482,-0.05148099104080506,0.6903588188936394,1448549444.651451,0.0,0.0,0.0,1.0,0.32668235776089294,0.7433628318584071,0.25162028741148756,1.1738068510849364,0.352604998688182,-0.3697428594586286,-0.5055981743286789,0.44454512671343743,-0.3488762753837556,,,,Technology,Shopify Inc.,0.0136,2026-10-02,False,max 6 positions in RISK_ON
AMZN,No clean setup,False,49.83725572196199,,,False,True,favourable entry timing; volatility compression; Bollinger/Keltner squeeze on,251.52000427246094,240.2510534343316,4.480339792743549,268.423430529655,285.32685678684896,4.8326,1215.4955726470948,4463.907490546456,199.99822361021285,1.0,13.391722471639369,0,No actionable pattern today.,Stop 240.3; to breakeven at +1.0R; trail 2.5×ATR from +1.0R; scale 1/2 at T1 (+1.5R); time-stop 15 bars if < +0.5R,,251.52000427246094,5.634475419064669,2.2401698963717736,48.56366800923155,84.3953373186355,8.87956659807369,-0.06911765768427698,0.8757659943661493,-0.013569658455776734,0.03014416980652168,0.1990275022627772,0.15569047765271793,0.8799054710387317,8852990822.20787,1.0,0.0,0.0,0.0,0.2719092416275162,0.6637168141592921,0.24918041605497157,-0.08705652019171214,0.08238317085661569,0.6209698786597013,1.007696720633036,0.20427750763942631,0.06734981147461475,,,,Consumer Cyclical,"Amazon.com, Inc.",0.0083,2026-10-02,False,max 6 positions in RISK_ON
LRCX,Extended (wait),False,49.77009231867353,,,False,True,volume accumulation; new 55-day high,347.489990234375,299.13573734894334,13.915293747833626,420.0213695625225,492.55274889067,1.1262,391.34322700195315,1437.2080011646729,199.99171512943235,1.0,4.311624003494019,15,Too far above the 21-EMA. Set an alert for a pullback toward it.,Stop 299.1; to breakeven at +1.0R; trail 2.5×ATR from +1.0R; scale 1/2 at T1 (+1.5R); time-stop 15 bars if < +0.5R,,347.489990234375,13.815500824409048,3.9757982136667507,67.7636085934106,99.51766044958943,15.71287783890459,2.5362222099709966,0.7932933399793229,0.20650365705678242,-0.006684360425068925,0.5935917931062231,1.0263632546665495,0.8691443404926733,2891489039.9531555,0.0,1.0,1.0,1.0,0.29200399479181666,0.6991150442477876,0.24743419763324936,0.6101563455160771,0.515887267860864,-0.7055143501465816,-0.2216038947128818,1.1058765175829723,-0.10912417963528885,,,,Technology,Lam Research Corporation,0.0233,2026-10-02,False,max 6 positions in RISK_ON
GOOGL,No clean setup,False,49.57285372608364,,,False,True,favourable entry timing; volatility compression; Bollinger/Keltner squeeze on,343.5,325.49428344074056,5.2418388818804775,370.50857483888916,397.5171496777783,3.0245,1038.9157500000001,3815.4180918750003,199.99806904620596,1.0,11.446254275625003,0,No actionable pattern today.,Stop 325.5; to breakeven at +1.0R; trail 2.5×ATR from +1.0R; scale 1/2 at T1 (+1.5R); time-stop 15 bars if < +0.5R,,343.5,9.002858279629717,2.620919440940238,50.01208299972561,64.92194644025534,13.486928155266314,0.034341944367974775,0.8416976941386004,0.019579965020636525,-0.062050938602537076,0.16281602977917697,0.379255321076148,1.0136609066644362,9386006231.347504,1.0,0.0,0.0,0.0,0.24124947618742154,0.6548672566371682,0.2423115619533694,0.14921224143148568,-0.06751306328170728,0.6099244001694237,0.5426757924369876,0.3427915921495459,0.250808248080952,,,,Communication Services,Alphabet Inc.,0.0149,2026-10-02,False,max 6 positions in RISK_ON
ARM,No clean setup,False,47.66565416580424,,,False,True,volume accumulation,307.489990234375,269.44317439736864,12.373351018030316,364.5602139898846,421.6304377453941,1.4313,440.11042302246096,1616.305528549988,199.9911565713202,1.0,4.848916585649964,0,No actionable pattern today.,Stop 269.4; to breakeven at +1.0R; trail 2.5×ATR from +1.0R; scale 1/2 at T1 (+1.5R); time-stop 15 bars if < +0.5R,55-day high sits before T1 (resistance),307.489990234375,19.023407918503185,6.18667550901516,58.51642888465341,85.32732657621423,19.617187946841657,1.172311898193107,0.6792356570420236,0.3092480176925547,-0.045773338030676736,1.0621687946866545,0.5617767853736424,1.0879770250374945,1720790021.6545105,0.0,0.0,0.0,1.0,0.19316439563089485,0.6460176991150443,0.19316439563089485,0.6795562610579751,0.2820174613934344,0.018364541680835095,-1.469077978935615,0.9226901558619844,,,,,,,,2026-10-02,False,max 6 positions in RISK_ON
TSM,Extended (wait),False,47.518024768595154,Earnings in 11d — binary gap risk,2026-10-15,False,True,volume accumulation; quality/growth fundamentals; new 55-day high,472.7799987792969,435.5691352200562,7.870650969862933,528.5962941181579,584.412589457019,1.4635,691.913528213501,2541.052432364082,199.9973679125893,1.0,7.623157297092247,15,Too far above the 21-EMA. Set an alert for a pullback toward it.,Stop 435.6; to breakeven at +1.0R; trail 2.5×ATR from +1.0R; scale 1/2 at T1 (+1.5R); time-stop 15 bars if < +0.5R,,472.7799987792969,10.631675302640199,2.2487574199608384,71.67941162006986,98.45853479466443,17.483333519682116,2.7800302829870938,0.9896624571212077,0.1409105718407302,0.049266944835656634,0.40148200858834393,0.4517075744935981,0.8415077102139209,4465359388.865967,0.0,1.0,1.0,1.0,0.3940213992344703,0.7964601769911505,0.4573182928881243,0.6700076132086226,0.6216340623189193,-0.9992108730095605,0.2245142010897859,1.5323729200857736,0.6567498477944445,0.7642618872110355,3.0623447326131474,1.0,Technology,Taiwan Semiconductor Manufactur,0.0057,2026-10-02,False,max 6 positions in RISK_ON
AMAT,No clean setup,False,47.291362490232544,,,False,True,volume accumulation,540.0399780273438,471.69809904888086,12.654966624526924,642.5527964950381,745.0656149627324,0.7968,430.3038544921875,1580.2909056225585,199.98528667696905,1.0,4.740872716867676,0,No actionable pattern today.,Stop 471.7; to breakeven at +1.0R; trail 2.5×ATR from +1.0R; scale 1/2 at T1 (+1.5R); time-stop 15 bars if < +0.5R,55-day high sits before T1 (resistance),540.0399780273438,19.52625113670368,3.6157047498648356,69.19770319669792,99.30635746485618,18.802576749473396,2.853102262282113,0.7308900659264209,0.23167447099371863,-0.08801185994862659,0.5533318323201495,1.0248237725098925,0.9010719277487867,2960446695.2609253,0.0,1.0,0.0,0.0,0.18359292943632202,0.6283185840707964,0.18359292943632202,0.4016598750403217,0.21581734075206596,-0.9687170736010254,-0.18658658119018853,1.765542525121494,,,,,,,,2026-10-02,False,max 6 positions in RISK_ON
CAT,No clean setup,False,46.310530951328346,,,False,True,volatility compression; volume accumulation; Bollinger/Keltner squeeze on,845.4199829101562,788.3736957593519,6.747686156463458,930.9894136363628,1016.5588443625693,0.9546,807.0379156860351,2963.8467453569638,199.99107653524464,1.0,8.891540236070892,0,No actionable pattern today.,Stop 788.4; to breakeven at +1.0R; trail 2.5×ATR from +1.0R; scale 1/2 at T1 (+1.5R); time-stop 15 bars if < +0.5R,,845.4199829101562,23.305265790717392,2.756649506969848,58.83339153670164,87.04551921251598,10.950773007385914,1.2227788668429864,0.7890264410410146,0.06707218615675736,-0.12674413355807534,0.1831807521813018,0.6626009265094717,0.8310961943296563,1887538344.5739746,1.0,1.0,0.0,0.0,0.15860904881658483,0.6017699115044248,0.15860904881658483,0.04710353235950853,-0.14198600738440537,-0.05258431383916551,0.8575298266323955,0.7509769884010274,,,,,,,,2026-10-02,False,max 6 positions in RISK_ON
ABNB,No clean setup,False,46.11073647375082,,,False,True,favourable entry timing,162.42999267578125,147.6719442837465,9.08579022194046,184.56706526383334,206.70413785188546,3.6901,599.3829159729004,2201.2337589104764,199.99948162914052,1.0,6.60370127673143,0,No actionable pattern today.,Stop 147.7; to breakeven at +1.0R; trail 2.5×ATR from +1.0R; scale 1/2 at T1 (+1.5R); time-stop 15 bars if < +0.5R,,162.42999267578125,5.312222865013953,3.270469189527963,46.116844601176055,91.63033134491229,22.48864907323494,-0.3439422742030198,0.8396354164366118,-0.11366366067569478,0.10010158747218756,0.2999599571264042,0.4982013976786357,0.8330255083434981,814592069.2205048,0.0,0.0,0.0,0.0,0.15353590727614294,0.5929203539823009,0.15353590727614294,0.07452726147549342,0.3621794837553641,0.5521075709783148,-0.387005608419103,-0.2673717221786229,,,,,,,,2026-10-02,False,max 6 positions in RISK_ON
HON,No clean setup,False,45.98401528664588,,,False,True,favourable entry timing; volatility compression; volume accumulation,213.99000549316406,203.20595905765583,5.039509397018417,230.1660751464264,246.34214479968875,5.0499,1080.6281287399293,3968.60680279739,199.99831275768665,1.0,11.905820408392172,0,No actionable pattern today.,Stop 203.2; to breakeven at +1.0R; trail 2.5×ATR from +1.0R; scale 1/2 at T1 (+1.5R); time-stop 15 bars if < +0.5R,,213.99000549316406,4.336136913907974,2.026326838917013,52.65166328116506,88.18724297852638,21.304919708160355,0.5435231227813497,0.8291417213430577,0.038433531748676364,-0.07158016450927651,-0.10317533909625154,0.011312013888930439,0.6832695903197857,617356343.4181213,0.0,0.0,0.0,0.0,0.15032084487153186,0.5752212389380531,0.15032084487153186,-0.12028924575502131,-0.45574363330069634,0.6257383588660512,0.7392755290914905,0.9046212663434708,,,,,,,,2026-10-02,False,max 6 positions in RISK_ON
COST,No clean setup,False,43.713017573545876,,,False,True,favourable entry timing; volume accumulation,920.6500244140625,879.1869393076345,4.50367501296888,982.8446520737045,1045.0392797333466,1.3134,1209.1817420654295,4440.71994773529,199.99559468207894,1.0,13.32215984320587,0,No actionable pattern today.,Stop 879.2; to breakeven at +1.0R; trail 2.5×ATR from +1.0R; scale 1/2 at T1 (+1.5R); time-stop 15 bars if < +0.5R,,920.6500244140625,15.652145113212082,1.7001189049197838,51.37889864845799,71.12854201994527,13.015758113783345,0.32890118788318146,0.8409609983807743,-0.008433090879067184,-0.02960927760624521,-0.09015944118979036,0.01804910109856328,1.0832258120550573,2181253811.8554688,0.0,0.0,0.0,0.0,0.09299663786790624,0.5398230088495575,0.09299663786790624,-0.4713317089909778,-0.3448750634585173,0.7924949346804624,0.2024674062742078,1.1576143712765974,,,,,,,,2026-10-02,False,max 6 positions in RISK_ON
PG,No clean setup,False,42.678739502205836,,,False,True,favourable entry timing; volume accumulation; Bollinger/Keltner squeeze on,144.91000366210938,140.17814135246587,3.2653800221252607,152.00779712657464,159.10559059103988,9.3952,1361.4584664062502,4999.956217876954,163.26757145356382,1.0,14.999868653630863,0,No actionable pattern today.,Stop 140.2; to breakeven at +1.0R; trail 2.5×ATR from +1.0R; scale 1/2 at T1 (+1.5R); time-stop 15 bars if < +0.5R,size capped at 25% of capital,144.91000366210938,2.365931154821751,1.63269001106263,46.62977921446735,42.84770047711611,7.778986107255234,-0.49489711532260183,0.8794683974395232,-0.018490895006942676,-0.02222384667457733,0.02774653825708584,-0.007823295831390187,0.8915018642501307,1165504161.969223,1.0,0.0,0.0,0.0,0.06703267040618167,0.5221238938053098,0.06703267040618167,-0.3349195361880747,-0.19058371064413737,0.6800314388978647,0.11862975284953867,0.5438828010396105,,,,,,,,2026-10-02,False,max 6 positions in RISK_ON
REGN,No clean setup,False,42.22304043349217,,,False,True,distribution in volume,735.2000122070312,691.900670019313,5.889464291184644,800.1490254886087,865.098038770186,1.2577,924.6610553527833,3395.817725783096,199.99547235371395,1.0,10.18745317734929,0,No actionable pattern today.,Stop 691.9; to breakeven at +1.0R; trail 2.5×ATR from +1.0R; scale 1/2 at T1 (+1.5R); time-stop 15 bars if < +0.5R,,735.2000122070312,21.649671093859137,2.9447321455923237,34.91457257162503,14.092604740273885,20.967053585826683,-1.921180886158951,0.8555402858369165,-0.13711960033410553,0.13272876706660752,-0.03241072092709796,0.4274743559643295,1.1805848150332856,588939642.9296875,0.0,0.0,0.0,1.0,0.05561267454246285,0.504424778761062,0.05561267454246285,0.5940945950642079,0.20968400751881067,-0.02883313617935842,-0.3887852404284194,-0.8354628678882824,,,,,,,,2026-10-02,False,max 6 positions in RISK_ON
BLK,No clean setup,False,41.943476107622686,,,False,True,volatility compression,1059.6300048828125,1013.4354415492402,4.359499364939284,1128.921849883171,1198.2136948835296,1.1789,1249.1978127563477,4587.678967347687,199.99983544697554,1.0,13.763036902043064,0,No actionable pattern today.,Stop 1013; to breakeven at +1.0R; trail 2.5×ATR from +1.0R; scale 1/2 at T1 (+1.5R); time-stop 15 bars if < +0.5R,,1059.6300048828125,23.097281666786174,2.1797496824696436,43.15825931756377,29.963154240796356,21.48784326000054,-0.7816900337889301,0.8871542886795001,-0.037948574154969106,0.05326074737137976,0.1081253694075055,-0.014113323763904062,0.8662688420544307,563565126.3641357,0.0,0.0,0.0,0.0,0.04861139390379234,0.49557522123893805,0.04861139390379234,-0.40571222102796795,0.007882307012945025,0.3657476003325908,0.7421744716926625,-0.11018604643763656,,,,,,,,2026-10-02,False,max 6 positions in RISK_ON
KLAC,No clean setup,False,39.633389024475996,,,False,True,volume accumulation,206.88999938964844,180.15814855433186,12.920803767305769,246.98777564262332,287.0855518955982,2.0372,421.4763067565918,1547.8717365635832,199.9974696509687,1.0,4.643615209690751,0,No actionable pattern today.,Stop 180.2; to breakeven at +1.0R; trail 2.5×ATR from +1.0R; scale 1/2 at T1 (+1.5R); time-stop 15 bars if < +0.5R,55-day high sits before T1 (resistance),206.88999938964844,7.6376716672333105,3.6916582192302205,67.24079015511938,96.12221116741985,15.347476783166975,2.428801297370389,0.673858379321925,0.20103335647928544,-0.11223764223029198,0.36723837520317626,0.5341826679636761,0.7738747937609899,1754304059.1024017,0.0,1.0,0.0,0.0,-0.009165438639523807,0.48672566371681414,-0.009165438639523807,0.18971714869226425,-0.29918530734595145,-0.7326718113773898,0.06986267843641182,1.3243505004938323,,,,,,,,2026-10-02,False,max 6 positions in RISK_ON
UNP,No clean setup,False,38.95980826506522,,,False,True,favourable entry timing,278.2799987792969,267.0024848548838,4.0525779696288025,295.1962696659165,312.11254055253613,4.8289,1343.7862861053466,4935.055135721885,199.99695721929993,1.0,14.805165407165656,0,No actionable pattern today.,Stop 267; to breakeven at +1.0R; trail 2.5×ATR from +1.0R; scale 1/2 at T1 (+1.5R); time-stop 15 bars if < +0.5R,,278.2799987792969,5.030099642964865,1.8075677968340886,44.638306993250936,91.5451075959742,32.26795838129986,-0.308986330702176,0.8847476318937642,-0.039519593320871294,-0.01068184419562046,0.1483955899250966,0.2602723560127205,0.9995401316431236,692653040.7421875,0.0,0.0,0.0,0.0,-0.026008545968744676,0.4778761061946903,-0.026008545968744676,-0.5436744718890142,0.04645149879856705,0.5866380601268593,0.18462110938717496,-0.3014263705458103,,,,,,,,2026-10-02,False,max 6 positions in RISK_ON
JNJ,No clean setup,False,38.12484091800617,,,False,True,distribution in volume,256.0299987792969,245.75072244436916,4.014871844681241,271.4489132816884,286.86782778408,5.2979,1356.421330532837,4981.457336381844,199.99912805320275,1.0,14.944372009145534,0,No actionable pattern today.,Stop 245.8; to breakeven at +1.0R; trail 2.5×ATR from +1.0R; scale 1/2 at T1 (+1.5R); time-stop 15 bars if < +0.5R,,256.0299987792969,5.139638167463859,2.0074359223406213,32.639480316152046,1.2502487404955218,15.838768849197145,-2.0433334032370696,0.9109118444073692,-0.06969221057118469,-0.007855823425204744,0.06473187373771094,0.5125614179037326,1.1420554289630602,1758857192.7301025,0.0,0.0,0.0,1.0,-0.04690097386524507,0.4690265486725664,-0.04690097386524507,0.1808191891822238,0.174510510340358,-0.43186651636206846,0.3798901286426117,-0.9052127992368121,,,,,,,,2026-10-02,False,max 6 positions in RISK_ON
LIN,No clean setup,False,38.118037266071426,,,False,True,no dominant factor,479.4800109863281,453.2028712378358,5.4803410249445434,518.8957206090666,558.3114302318052,2.0724,993.6743747680664,3649.269141335724,199.99239386326315,1.0,10.947807424007173,0,No actionable pattern today.,Stop 453.2; to breakeven at +1.0R; trail 2.5×ATR from +1.0R; scale 1/2 at T1 (+1.5R); time-stop 15 bars if < +0.5R,,479.4800109863281,8.268471103344307,1.724466278862264,56.43213285008346,80.3623243988134,20.697303160796974,0.9344323424853204,0.8775246395481853,-0.0131110942772934,-0.11000704444594489,-0.03983238440631576,0.05490639459310853,1.0563515970323794,992450460.5506897,0.0,0.0,0.0,0.0,-0.047071305603552265,0.46017699115044247,-0.047071305603552265,-0.1018905503773574,-0.363901451423372,0.27948721426246104,-0.06838061890178239,0.38611408199281755,,,,,,,,2026-10-02,False,max 6 positions in RISK_ON
AVGO,No clean setup,False,38.0227728484055,,,False,True,favourable entry timing; volatility compression,355.1400146484375,333.4093755349547,6.118893455302286,387.73597331866176,420.33193198888597,2.506,889.9808767089843,3268.4547697137446,199.99326499352975,1.0,9.805364309141234,0,No actionable pattern today.,Stop 333.4; to breakeven at +1.0R; trail 2.5×ATR from +1.0R; scale 1/2 at T1 (+1.5R); time-stop 15 bars if < +0.5R,,355.1400146484375,10.865319556741401,3.05944672765114,47.84851511274148,70.67483904226717,21.049382108983394,-0.08496619403727025,0.7198985815161214,-0.031187460179937343,-0.04844417497261788,0.1328877479865278,0.10770574453077164,0.9545711858993415,8862937644.396515,0.0,0.0,0.0,0.0,-0.04945646907766702,0.45132743362831856,-0.04945646907766702,-0.6099431536467507,-0.44395051987451717,0.5922046443791694,0.8004826059237037,0.24532128186600022,,,,,,,,2026-10-02,False,max 6 positions in RISK_ON
MDT,No clean setup,False,37.86420253812141,,,False,True,no dominant factor,86.37999725341797,82.27029711868191,4.757698848587822,92.54454745552206,98.70909765762615,13.2512,1144.6386196044923,4203.6853304974975,199.99868856733463,1.0,12.611055991492494,0,No actionable pattern today.,Stop 82.27; to breakeven at +1.0R; trail 2.5×ATR from +1.0R; scale 1/2 at T1 (+1.5R); time-stop 15 bars if < +0.5R,,86.37999725341797,2.0548500673680303,2.3788494242939118,38.07322404098957,20.855907895352146,22.907635265175756,-1.3081500811034945,0.8393027581717133,-0.055235043055985256,0.0485003212085926,0.014362158142138481,-0.0036852382377200454,2.630935499806311,1236600181.5866852,0.0,0.0,0.0,0.0,-0.05342744787912302,0.4424778761061947,-0.05342744787912302,0.13004996948383798,-0.15319703729291861,0.20065120520897384,0.17826393681364183,-0.783767673395466,,,,,,,,2026-10-02,False,max 6 positions in RISK_ON
JPM,No clean setup,False,36.9678566087331,,,False,True,no dominant factor,332.3800048828125,319.45896477724506,3.887430024595801,351.76156504116364,371.1431251995148,4.0961,1361.4617380004881,4999.968232806793,194.37026630238336,1.0,14.99990469842038,0,No actionable pattern today.,Stop 319.5; to breakeven at +1.0R; trail 2.5×ATR from +1.0R; scale 1/2 at T1 (+1.5R); time-stop 15 bars if < +0.5R,size capped at 25% of capital,332.3800048828125,6.460520052783712,1.9437150122978977,34.50131263494336,34.75244072851784,24.018192394439804,-1.673066038187225,0.9069031511127217,-0.06692492351972146,-0.015811904295241597,0.13912438862455745,0.16840381472889754,1.1995862632013188,2898683632.4742126,0.0,0.0,0.0,0.0,-0.07589671437369948,0.4336283185840708,-0.07589671437369948,-0.35344759650752844,0.0326723562666746,-0.07866839576266646,-0.30268171010792777,0.43872489111070223,,,,,,,,2026-10-02,False,max 6 positions in RISK_ON
TSLA,No clean setup,False,36.371674438134406,,,False,True,no dominant factor,370.5899963378906,342.76922217445025,7.507157354046436,412.3211575830512,454.05231882821175,1.9574,725.3928588317871,2664.005274059738,199.99106784376056,1.0,7.992015822179216,0,No actionable pattern today.,Stop 342.8; to breakeven at +1.0R; trail 2.5×ATR from +1.0R; scale 1/2 at T1 (+1.5R); time-stop 15 bars if < +0.5R,55-day high sits before T1 (resistance),370.5899963378906,12.443130833448995,3.3576542692490263,54.99157195561247,89.1978103953212,17.76011467038292,0.6380797085962812,0.7429184417809718,0.03803811153973191,-0.11715938243069457,0.02773232785589963,-0.22297911373088464,1.048892690422202,13895773544.57077,0.0,0.0,0.0,0.0,-0.09086786396101008,0.4247787610619469,-0.09086786396101008,0.1196703380795955,-0.745465791944919,0.4827037794061751,0.4412022257174245,-0.2678770028116611,,,,,,,,2026-10-02,False,max 6 positions in RISK_ON
UNH,No clean setup,False,36.281661099512,,,False,True,volatility compression,371.8999938964844,354.60972347736464,4.649172009379585,397.835399525164,423.7708051538436,3.1496,1171.336220776367,4301.732270801208,199.99493265253858,1.0,12.905196812403625,0,No actionable pattern today.,Stop 354.6; to breakeven at +1.0R; trail 2.5×ATR from +1.0R; scale 1/2 at T1 (+1.5R); time-stop 15 bars if < +0.5R,,371.8999938964844,8.645135209559866,2.3245860046897917,41.304427281853386,67.61835498554427,33.364691270565665,-0.7322195151911318,0.8106017826585825,-0.06372914936732821,-0.10478713788044591,0.3573077135553244,0.17080375645606027,0.877844047993742,1928570434.9398804,0.0,0.0,0.0,0.0,-0.09313040979786162,0.415929203539823,-0.09313040979786162,-0.620054779515459,-0.18610624966428807,0.26865850174719197,0.6681355109013686,-0.1107913587134113,,,,,,,,2026-10-02,False,max 6 positions in RISK_ON
ISRG,No clean setup,False,35.86041338278854,,,False,True,weak momentum; favourable entry timing; volume accumulation,391.95001220703125,369.43138974249587,5.74527918438764,425.7279459038343,459.5058796006374,2.4183,947.8527145202636,3480.9890940756677,199.99254183273328,1.0,10.442967282227006,0,No actionable pattern today.,Stop 369.4; to breakeven at +1.0R; trail 2.5×ATR from +1.0R; scale 1/2 at T1 (+1.5R); time-stop 15 bars if < +0.5R,55-day high sits before T1 (resistance),391.95001220703125,11.259311232267702,2.8726395921938233,51.21150787542293,5.681004260988573,14.89541101038383,-0.04490459129701735,0.6490528069116845,0.05396904125174262,-0.09444811042085466,-0.1329882410758345,-0.15103644044268738,0.7369749169639754,931017213.4895325,0.0,0.0,0.0,0.0,-0.10372709831894607,0.40707964601769914,-0.10372709831894607,-0.5331190950228396,-0.9646165266819487,0.7716252817232448,-0.19379324385668512,1.6843180414708006,,,,,,,,2026-10-02,False,max 6 positions in RISK_ON
ACN,No clean setup,False,35.50710372003736,,,False,True,no dominant factor,198.89999389648438,169.61915729151485,14.721386376818321,242.82124880393866,286.74250371139294,1.8598,369.9142086486816,1358.509931262283,199.9914959485697,1.0,4.07552979378685,0,No actionable pattern today.,Stop 169.6; to breakeven at +1.0R; trail 2.5×ATR from +1.0R; scale 1/2 at T1 (+1.5R); time-stop 15 bars if < +0.5R,55-day high sits before T1 (resistance),198.89999389648438,9.963373275346871,5.009237597328542,59.076188692528746,54.51218045248944,18.428654687298987,1.3082972786883742,0.697374091707052,0.05978261753284353,0.4697109063016749,0.008288081292318061,-0.21403543838795103,1.9519093462661856,1306194330.9287262,0.0,0.0,0.0,1.0,-0.11262619387572696,0.39823008849557523,-0.11262619387572696,0.47836618775051265,0.13703904146150936,0.05533459322978599,-1.716912568255491,-0.5664288517498024,,,,,,,,2026-10-02,False,max 6 positions in RISK_ON
PGR,No clean setup,False,34.88984822347609,,,False,True,favourable entry timing,210.30999755859375,199.73717584488193,5.0272558777269545,226.16923012916146,242.0284626997292,5.1508,1083.2647354248047,3978.289740847595,199.99880482976914,1.0,11.934869222542787,0,No actionable pattern today.,Stop 199.7; to breakeven at +1.0R; trail 2.5×ATR from +1.0R; scale 1/2 at T1 (+1.5R); time-stop 15 bars if < +0.5R,55-day high sits before T1 (resistance),210.30999755859375,4.503582403062296,2.1414019567983535,46.999160497113245,60.744821707693674,14.705270397394298,-0.2954871374630618,0.8789852516936562,-0.049546039161427635,-0.09176199034213328,0.07813030201530746,-0.04340173732284891,1.1592293090598704,605939943.9174652,0.0,0.0,0.0,0.0,-0.12820141890297151,0.3893805309734513,-0.12820141890297151,-0.39620168479149814,-0.3014065297498765,0.7734834792876119,-0.05031717581894924,-0.589599700378553,,,,,,,,2026-10-02,False,max 6 positions in RISK_ON
XLI,No clean setup,False,34.59743386325541,,,False,True,no dominant factor,169.9499969482422,165.20725036092531,2.790671769627194,177.06411682921748,184.1782367101928,8.011,1361.469425552368,4999.996465341072,139.53348984063084,1.0,14.999989396023217,0,No actionable pattern today.,Stop 165.2; to breakeven at +1.0R; trail 2.5×ATR from +1.0R; scale 1/2 at T1 (+1.5R); time-stop 15 bars if < +0.5R,size capped at 25% of capital,169.9499969482422,2.371373293658435,1.3953358848135962,44.5556604765911,77.16153638988072,29.35449868914412,-0.3518704547639904,0.9055037811968669,-0.013735638285767293,-0.08166222305187287,0.04308494144528585,0.1332032982928435,1.0776903446567545,1260940067.3651886,0.0,0.0,0.0,0.0,-0.13559349510370466,0.3805309734513274,-0.13559349510370466,-0.6050903085139584,-0.16552575902734928,0.4965045029321918,-0.20749626581502198,0.0019865651833871115,,,,,,,,2026-10-02,False,max 6 positions in RISK_ON
SNPS,Extended (wait),False,33.129444094226955,,,False,True,volume accumulation,489.8999938964844,423.22287385285756,13.610353311765026,589.9156739619245,689.9313540273648,0.8167,400.1013250152588,1469.3721161185379,199.98673646829124,1.0,4.408116348355614,15,Too far above the 21-EMA. Set an alert for a pullback toward it.,Stop 423.2; to breakeven at +1.0R; trail 2.5×ATR from +1.0R; scale 1/2 at T1 (+1.5R); time-stop 15 bars if < +0.5R,55-day high sits before T1 (resistance),489.8999938964844,19.05060572675051,3.888672374790006,74.10209040874113,95.75256107563854,20.414939751575837,3.5076281989432765,0.9080967072602287,0.17772914503167714,0.10769440854224488,0.23727738045965574,-0.14896271889282087,1.761258796558858,995838482.8056335,0.0,0.0,0.0,1.0,-0.17285738424705763,0.37168141592920356,-0.17285738424705763,0.27442589465793327,0.1646228131533111,-1.3176491136628448,-1.5531187600763494,1.1863245343950115,,,,,,,,2026-10-02,False,max 6 positions in RISK_ON
GE,No clean setup,False,31.045005543635448,,,False,True,volatility compression,309.55999755859375,292.5497970348885,5.494960801737807,335.07529834415163,360.59059912970946,3.2015,991.0563321838379,3639.6543799451442,199.99758149671888,1.0,10.918963139835434,0,No actionable pattern today.,Stop 292.5; to breakeven at +1.0R; trail 2.5×ATR from +1.0R; scale 1/2 at T1 (+1.5R); time-stop 15 bars if < +0.5R,,309.55999755859375,8.505100261852617,2.7474804008689024,34.78185747892044,5.767332652419682,24.483865909580278,-1.440463903778212,0.7961115123805195,-0.060515940641597155,-0.1825287748338127,0.10238251448310898,0.09933902545735052,1.0183610823244202,1407372771.5011597,0.0,0.0,0.0,0.0,-0.22631574133399276,0.36283185840707965,-0.22631574133399276,-0.5737193498573584,-0.5501650053512464,-0.06939340076545585,0.7015892105667635,0.11482617300231074,,,,,,,,2026-10-02,False,max 6 positions in RISK_ON
SBUX,No clean setup,False,30.38956345967931,,,False,True,volatility compression,94.70999908447266,90.64866008883328,4.288183966739385,100.80200757793172,106.89401607139078,13.409,1269.966377723694,4663.951522190266,199.99882139106046,1.0,13.9918545665708,0,No actionable pattern today.,Stop 90.65; to breakeven at +1.0R; trail 2.5×ATR from +1.0R; scale 1/2 at T1 (+1.5R); time-stop 15 bars if < +0.5R,,94.70999908447266,2.0306694978196855,2.1440919833696905,35.12666801256958,49.47330304006288,36.76922474327989,-1.2645569440949886,0.8619496681963182,-0.11253749998927653,-0.06714268044094229,0.06022310769902206,0.29672265216602134,0.8985538398462145,680130958.6953735,0.0,0.0,0.0,0.0,-0.24328702943134795,0.35398230088495575,-0.24328702943134795,-0.7060593243719487,-0.1394399325110572,-0.0469413372558602,0.5253783741953605,-0.6405441237408128,,,,,,,,2026-10-02,False,max 6 positions in RISK_ON
TJX,No clean setup,False,30.270451110703362,,,False,True,favourable entry timing,132.67999267578125,126.33506474745353,4.782128639268377,142.19738456827284,151.71477646076443,8.583,1138.7923771362305,4182.215005032806,199.99890151145325,1.0,12.54664501509842,0,No actionable pattern today.,Stop 126.3; to breakeven at +1.0R; trail 2.5×ATR from +1.0R; scale 1/2 at T1 (+1.5R); time-stop 15 bars if < +0.5R,,132.67999267578125,2.8597532172171163,2.1553763755513997,48.425637857714314,45.48851973193759,29.994858855819622,0.19648874680685233,0.7829331055320966,0.010433288726368062,-0.12035805942764355,-0.17208401113813598,-0.07904642838720333,1.0029874315380272,1189386738.6281204,0.0,0.0,0.0,0.0,-0.24638054829003783,0.34513274336283184,-0.24638054829003783,-0.9313160427584416,-0.725199611363293,0.9765722913013869,0.03998995500704039,0.19973833564569263,,,,,,,,2026-10-02,False,max 6 positions in RISK_ON
CDNS,No clean setup,False,30.17564688254835,,,False,True,volume accumulation,351.3500061035156,308.04069112098574,12.326544536837147,416.3139785773104,481.2779510511053,1.2574,441.7874976745606,1622.4645852098238,199.99381969029898,1.0,4.867393755629472,0,No actionable pattern today.,Stop 308; to breakeven at +1.0R; trail 2.5×ATR from +1.0R; scale 1/2 at T1 (+1.5R); time-stop 15 bars if < +0.5R,55-day high sits before T1 (resistance),351.3500061035156,12.374089995008543,3.521869867667757,70.80559570534197,97.5916054093531,25.82573915061635,2.7607050446416213,0.8431927909115637,0.14569403828036775,-0.06498651734869587,0.2605841151145116,-0.12870411579355978,1.0344321947316495,849097182.3059082,0.0,0.0,0.0,0.0,-0.24884487981839706,0.336283185840708,-0.24884487981839706,-0.12553947179351657,-0.2534269743663415,-0.8687910367263283,-1.2917256192654845,1.4887995153106874,,,,,,,,2026-10-02,False,max 6 positions in RISK_ON
LMT,No clean setup,False,27.88445590910468,,,False,True,volatility compression,505.4100036621094,482.17808982752115,4.5966470125747385,540.2578744139917,575.105745165874,2.3441,1184.7315895843506,4350.926762748527,199.99674505919495,1.0,13.052780288245582,0,No actionable pattern today.,Stop 482.2; to breakeven at +1.0R; trail 2.5×ATR from +1.0R; scale 1/2 at T1 (+1.5R); time-stop 15 bars if < +0.5R,,505.4100036621094,11.615956917294124,2.2983235062873715,31.098369584427786,0.652169480879266,36.38758435368885,-1.7684666835252076,0.7396896482047658,-0.04917690665255081,-0.05476566328482224,-0.17810938819619715,0.09275544003723613,0.9923396189991488,642134144.7271729,0.0,0.0,0.0,0.0,-0.30903460712731323,0.3274336283185841,-0.30903460712731323,-0.7430509920297963,-0.6177089455399949,0.02289806599854116,1.0445348780296393,-0.5207844861363765,,,,,,,,2026-10-02,False,max 6 positions in RISK_ON
EFA,No clean setup,False,27.876494707558628,,,False,True,distribution in volume,103.95999908447266,101.57364990896995,2.2954494002675725,107.53952284772672,111.11904661098076,13.096,1361.460148010254,4999.962393567657,114.77160677675295,1.0,14.999887180702974,0,No actionable pattern today.,Stop 101.6; to breakeven at +1.0R; trail 2.5×ATR from +1.0R; scale 1/2 at T1 (+1.5R); time-stop 15 bars if < +0.5R,size capped at 25% of capital,103.95999908447266,1.1931745877513473,1.1477247001337831,42.22994426017287,59.19076349192279,22.038173086337178,-1.130628531547802,0.9547249487298238,-0.02895571216900572,-0.014223402361292603,0.07760319608862232,0.17617208028692333,1.8577647971652715,1498433614.7190857,0.0,0.0,0.0,0.0,-0.30924606073220673,0.3185840707964602,-0.30924606073220673,-0.45237396230164467,0.09895308647386003,0.20588445619781587,-1.1195806851317671,-1.0058492766039713,,,,,,,,2026-10-02,False,max 6 positions in RISK_ON
WMT,No clean setup,False,27.422450574487847,,,False,True,volatility compression,104.26000213623047,99.91763252092443,4.164942956391004,110.77355655918953,117.28711098214859,12.5412,1307.5455387908935,4801.960991209557,199.99893607202603,1.0,14.405882973628673,0,No actionable pattern today.,Stop 99.92; to breakeven at +1.0R; trail 2.5×ATR from +1.0R; scale 1/2 at T1 (+1.5R); time-stop 15 bars if < +0.5R,,104.26000213623047,2.1711848076530176,2.082471478195499,40.167091534985865,19.50932567340061,10.96091169589805,-1.2459060644647737,0.7732287687013829,-0.017249451077665512,-0.05549387741448153,-0.1675884640405827,0.049266705502047925,0.9601102166722895,2389803156.0884476,0.0,0.0,0.0,0.0,-0.32133485708913323,0.30973451327433627,-0.32133485708913323,-0.8335943310307803,-0.5643376668270556,0.19041474107654224,0.5633208594125758,-0.34158899861125525,,,,,,,,2026-10-02,False,max 6 positions in RISK_ON
GLD,No clean setup,False,27.26568964961546,,,False,True,no dominant factor,380.1400146484375,366.1749692403668,3.673658354800112,401.08758276054357,422.0351508726496,3.5814,1361.433448461914,4999.8643394763785,183.67793403584542,1.0,14.999593018429138,0,No actionable pattern today.,Stop 366.2; to breakeven at +1.0R; trail 2.5×ATR from +1.0R; scale 1/2 at T1 (+1.5R); time-stop 15 bars if < +0.5R,size capped at 25% of capital,380.1400146484375,6.982522704035335,1.836829177400053,38.80547140457162,28.278495463487218,17.852423874755733,-1.684984014840481,0.7458112724039553,-0.05620930582321426,-0.005207626223921569,-0.1147388011305881,0.13130915979071855,0.9139844478049356,3447219397.062378,0.0,0.0,0.0,0.0,-0.3255221610609898,0.3008849557522124,-0.3255221610609898,-0.7720849771984639,-0.4578996811448845,0.04923538091863073,0.3767085957506975,-0.3658197983574227,,,,,,,,2026-10-02,False,max 6 positions in RISK_ON
SCHW,No clean setup,False,26.866908052073406,,,False,True,no dominant factor,96.69999694824219,92.27958075564534,4.571268182110527,103.33062123713745,109.96124552603273,12.3198,1191.3246224029542,4375.139675774849,199.99936792158937,1.0,13.125419027324549,0,No actionable pattern today.,Stop 92.28; to breakeven at +1.0R; trail 2.5×ATR from +1.0R; scale 1/2 at T1 (+1.5R); time-stop 15 bars if < +0.5R,,96.69999694824219,2.210208096298423,2.2856340910552637,29.90846215815914,16.607912940117984,27.341106051676874,-2.513376157022586,0.8443202477857902,-0.10661494034812846,-0.036156098663441716,0.037964895787183206,0.1883299986874727,0.991149728991067,879261311.6099548,0.0,0.0,0.0,0.0,-0.336206700456738,0.2920353982300885,-0.336206700456738,-0.31734409091433796,-0.18668561267645276,-0.5393928096914989,-0.1241579327746345,-0.6550042428222128,,,,,,,,2026-10-02,False,max 6 positions in RISK_ON
WFC,No clean setup,False,26.84012360252494,,,False,True,no dominant factor,80.44999694824219,76.73419506808803,4.618771934254684,86.02369976847342,91.59740258870467,14.656,1179.0751552734375,4330.153507741699,199.99991492571834,1.0,12.9904605232251,0,No actionable pattern today.,Stop 76.73; to breakeven at +1.0R; trail 2.5×ATR from +1.0R; scale 1/2 at T1 (+1.5R); time-stop 15 bars if < +0.5R,,80.44999694824219,1.8579009400770814,2.309385967127344,33.70420871589471,51.69928488265501,24.60257283140723,-1.8359056796292583,0.8364812153414038,-0.09880138934125593,-0.07476413366365953,0.009608703624004677,0.12794204122395536,1.0834082584095213,1168283708.3458328,0.0,0.0,0.0,0.0,-0.33692604119494074,0.2831858407079646,-0.33692604119494074,-0.5442475131198174,-0.318924676955502,-0.13785990090843733,-0.04169823636243346,-0.5611135232060458,,,,,,,,2026-10-02,False,max 6 positions in RISK_ON
ADBE,No clean setup,False,26.624947736958994,,,False,True,no dominant factor,237.69000244140625,219.36153978977373,7.711078490207316,265.182696418855,292.6753903963038,2.9712,706.2245352539063,2593.6096057199707,199.99527242662344,1.0,7.780828817159914,0,No actionable pattern today.,Stop 219.4; to breakeven at +1.0R; trail 2.5×ATR from +1.0R; scale 1/2 at T1 (+1.5R); time-stop 15 bars if < +0.5R,,237.69000244140625,9.164231325816266,3.85553924510366,41.01981546747945,39.5654422431211,22.735256933589636,-1.0447888260882217,0.6535331164798105,-0.1504700125728622,0.08997108478112348,-0.021529704293434593,-0.18599439208872726,0.8504955971927577,1399978278.7765503,0.0,0.0,0.0,0.0,-0.3427129038846197,0.2743362831858407,-0.3427129038846197,-0.7408845956689739,-0.5721454201801486,0.3493471246167153,-0.057350102941749116,-0.2962410732719621,,,,,,,,2026-10-02,False,max 6 positions in RISK_ON
RTX,No clean setup,False,26.221917804400668,,,False,True,volatility compression,184.67999267578125,177.45925363541065,3.9098653491107287,195.51110123633714,206.34220979689306,7.372,1361.4609060058594,4999.965177306519,195.49190593511037,1.0,14.999895531919558,0,No actionable pattern today.,Stop 177.5; to breakeven at +1.0R; trail 2.5×ATR from +1.0R; scale 1/2 at T1 (+1.5R); time-stop 15 bars if < +0.5R,size capped at 25% of capital,184.67999267578125,3.6103695201853028,1.954932674555365,24.0579147937526,2.780997844864615,45.084723158656814,-2.3548280094653578,0.8156883074450839,-0.0801873005349164,-0.07983562134155187,-0.05170311959990215,0.21866123694182504,0.8453135263228565,758648876.9794464,0.0,0.0,0.0,0.0,-0.35359074515718886,0.26548672566371684,-0.35359074515718886,-0.7765080534403054,-0.3656221469802388,-0.6612327754601626,0.5739410559997045,0.056253620264236526,,,,,,,,2026-10-02,False,max 6 positions in RISK_ON
XLP,No clean setup,False,26.06966782532266,,,False,True,no dominant factor,80.52999877929688,78.62675069067987,2.3634026045785848,83.38487091222238,86.23974304514789,16.9063,1361.4643183624269,4999.977709186012,118.16960340725089,1.0,14.999933127558041,0,No actionable pattern today.,Stop 78.63; to breakeven at +1.0R; trail 2.5×ATR from +1.0R; scale 1/2 at T1 (+1.5R); time-stop 15 bars if < +0.5R,size capped at 25% of capital,80.52999877929688,0.9516240443085059,1.1817013022892966,34.770412528800975,30.6526910777781,16.759859677114203,-1.8954276776472838,0.9106000991746596,-0.0522666992297981,-0.03615187909341244,-0.003271898247732219,0.1156939395435963,1.1932359381939022,909453754.7236252,0.0,0.0,0.0,0.0,-0.35771352810756984,0.25663716814159293,-0.35771352810756984,-0.45763747155374573,-0.11129169639696612,-0.25575505610310945,-0.5709597302292024,-0.7136117263767853,,,,,,,,2026-10-02,False,max 6 positions in RISK_ON
IWM,No clean setup,False,24.88945042290719,,,False,True,no dominant factor,281.5199890136719,274.30682501643673,2.562220900372669,292.3397350095246,303.1594810053773,4.8361,1361.4588188690186,4999.957512296471,128.10995638981353,1.0,14.999872536889413,0,No actionable pattern today.,Stop 274.3; to breakeven at +1.0R; trail 2.5×ATR from +1.0R; scale 1/2 at T1 (+1.5R); time-stop 15 bars if < +0.5R,size capped at 25% of capital,281.5199890136719,3.6065819986175724,1.2811104501863348,40.032879096885125,84.2769230621439,37.098575699323646,-0.8966561916921707,0.924881222808249,-0.039980755587742944,-0.0556866469625209,0.12589633819484525,0.22159035326048082,1.2551592230372026,6913608979.190216,0.0,0.0,0.0,0.0,-0.3899388028714993,0.24778761061946902,-0.3899388028714993,-0.6671558718108856,0.015709612835872466,-0.0929745359099301,-0.9101394862700201,-0.7748714213049887,,,,,,,,2026-10-02,False,max 6 positions in RISK_ON
SLV,No clean setup,False,24.772304165044687,,,False,True,weak momentum; volatility compression,54.7400016784668,51.333624558506614,6.2228297689295795,59.84956735840707,64.95913303834735,15.9873,875.1448288341522,3213.969383893424,199.99984358520257,1.0,9.641908151680274,0,No actionable pattern today.,Stop 51.33; to breakeven at +1.0R; trail 2.5×ATR from +1.0R; scale 1/2 at T1 (+1.5R); time-stop 15 bars if < +0.5R,,54.7400016784668,1.7031885599800904,3.1114148844647875,40.22260288837025,31.39584158034225,13.276377509527979,-1.5128333064903867,0.4984066353988618,-0.0733028278098471,-0.02441630577405518,-0.1679586423968661,0.3766021884147528,1.0227036908536937,897374624.2759705,0.0,0.0,0.0,0.0,-0.39316434305694775,0.23893805309734514,-0.39316434305694775,-0.7857382810086531,-0.9166701551182433,0.2194868260478806,0.7368706779046704,-0.3482637116191589,,,,,,,,2026-10-02,False,max 6 positions in RISK_ON
ABT,No clean setup,False,24.664799134277942,,,False,True,no dominant factor,97.5,92.90469831016776,4.713129938289478,104.39295253474836,111.28590506949672,11.8509,1155.46275,4243.436949374999,199.9986972734308,1.0,12.730310848125,0,No actionable pattern today.,Stop 92.9; to breakeven at +1.0R; trail 2.5×ATR from +1.0R; scale 1/2 at T1 (+1.5R); time-stop 15 bars if < +0.5R,,97.5,2.297650844916123,2.3565649691447415,29.734158768781327,33.05151614857094,31.72363217587901,-2.1380003406829706,0.7368958078963842,-0.11740745068691483,0.026826322998503294,-0.03945334273772394,-0.15319260974850046,0.9412857868764606,903205992.0591736,0.0,0.0,0.0,0.0,-0.39612888558608045,0.23008849557522124,-0.39612888558608045,-0.6031476996825441,-0.508926966954363,-0.5547173833887721,0.36939832563019537,-0.22774051848468488,,,,,,,,2026-10-02,False,max 6 positions in RISK_ON
XLB,No clean setup,False,23.814421948295582,,,False,True,distribution in volume,48.86000061035156,47.35340619187524,3.0834924266397485,51.11989223806605,53.37978386578054,27.8647,1361.4692590072632,4999.995853704174,154.17449348126962,1.0,14.999987561112523,0,No actionable pattern today.,Stop 47.35; to breakeven at +1.0R; trail 2.5×ATR from +1.0R; scale 1/2 at T1 (+1.5R); time-stop 15 bars if < +0.5R,size capped at 25% of capital,48.86000061035156,0.7532972092381619,1.541746213319873,35.19581914389936,55.80097921720487,20.30384725857106,-1.610759562142111,0.905791755505945,-0.07299612453959592,-0.05569727239162059,-0.02264653065186173,0.2101919157211518,1.2786938757406394,582577866.6271019,0.0,0.0,0.0,0.0,-0.4197344929123361,0.22123893805309736,-0.4197344929123361,-0.5018674808600192,-0.12272011852097181,-0.32429781921074397,-0.5058114124327893,-1.0550825440273155,,,,,,,,2026-10-02,False,max 6 positions in RISK_ON
XLY,No clean setup,False,23.236455368954758,,,False,True,distribution in volume,110.04000091552734,106.9825274816031,2.7785109128373473,114.6262110664137,119.21242121730008,12.3725,1361.469911327362,4999.998249349737,138.92549699985875,1.0,14.999994748049215,0,No actionable pattern today.,Stop 107; to breakeven at +1.0R; trail 2.5×ATR from +1.0R; scale 1/2 at T1 (+1.5R); time-stop 15 bars if < +0.5R,size capped at 25% of capital,110.04000091552734,1.5287367169621207,1.3892554564186723,41.57656354591939,85.76902626547579,24.092583877802618,-0.8341367226373392,0.8857219061441228,-0.039854092489970405,-0.06548296710826196,0.021748626184068698,-0.04164705963413018,1.1433141133721527,746984647.0818329,0.0,0.0,0.0,0.0,-0.4359436660824816,0.21238938053097345,-0.4359436660824816,-0.8447771836310342,-0.2752095861102011,0.08016625789899871,-0.3217490775341512,-0.908471305436628,,,,,,,,2026-10-02,False,max 6 positions in RISK_ON
MELI,No clean setup,False,23.211149427084045,,,False,True,no dominant factor,1696.56005859375,1586.011321750251,6.5160520715742285,1862.3831638589986,2028.206269124247,0.4926,835.7254848632812,3069.2018431604,199.99079028204767,1.0,9.207605529481203,0,No actionable pattern today.,Stop 1586; to breakeven at +1.0R; trail 2.5×ATR from +1.0R; scale 1/2 at T1 (+1.5R); time-stop 15 bars if < +0.5R,,1696.56005859375,55.27436842174951,3.2580260357871147,33.48743264295763,35.681501861241486,24.826148625713365,-1.776404235592397,0.698747964824444,-0.15450164172400827,-0.06043152267918661,-0.011052019633487342,-0.0782439158860927,1.063925321098148,1171575678.1396484,0.0,0.0,0.0,0.0,-0.43665657084902254,0.20353982300884957,-0.43665657084902254,-0.7503680520597461,-0.6894573975653172,-0.10324795100974618,0.10392324182067046,-0.21792428406544576,,,,,,,,2026-10-02,False,max 6 positions in RISK_ON
UBER,No clean setup,False,21.436939796257022,,,False,True,weak momentum; volatility compression; distribution in volume,68.11000061035156,64.42733339962592,5.4069405046605405,73.63400142644002,79.15800224252848,14.7878,1007.1970670257568,3698.9312286520917,199.99901084152776,1.0,11.096793685956277,0,No actionable pattern today.,Stop 64.43; to breakeven at +1.0R; trail 2.5×ATR from +1.0R; scale 1/2 at T1 (+1.5R); time-stop 15 bars if < +0.5R,,68.11000061035156,1.841333605362823,2.7034702523302747,36.83137405884916,38.432046153680616,24.882317449580565,-1.3810193120401597,0.6723925350860266,-0.10909086554361713,-0.05951391421661123,-0.0519208785868458,-0.20867408689312517,0.8570474402868532,1355510551.322937,0.0,0.0,0.0,0.0,-0.48735642537803514,0.19469026548672566,-0.48735642537803514,-0.8614774737049212,-0.8308284365400773,-0.031068666379621024,0.9693123025746508,-1.0215346672694643,,,,,,,,2026-10-02,False,max 6 positions in RISK_ON
MS,No clean setup,False,20.832116551329687,,,False,True,distribution in volume,190.30999755859375,180.82420846346432,4.984388217549577,204.5386812012879,218.76736484398205,5.741,1092.5696959838867,4012.462208500824,199.99669355414457,1.0,12.037386625502474,0,No actionable pattern today.,Stop 180.8; to breakeven at +1.0R; trail 2.5×ATR from +1.0R; scale 1/2 at T1 (+1.5R); time-stop 15 bars if < +0.5R,,190.30999755859375,4.742894547564723,2.4921941087747914,30.018028244646757,59.75441169454376,36.50618608673447,-2.088743372302002,0.8239294063202846,-0.10154852715447726,-0.13841692307054643,0.16027967302328605,0.3807243746384532,1.3008142716338191,1119782445.4270172,0.0,0.0,0.0,0.0,-0.5049873443783842,0.18584070796460178,-0.5049873443783842,-0.707214772674073,-0.2415893839258258,-0.5367979704538416,0.05297074716269969,-1.2692695413462995,,,,,,,,2026-10-02,False,max 6 positions in RISK_ON
GS,No clean setup,False,20.557861103886232,,,False,True,distribution in volume,902.5599975585938,854.7978465496128,5.291853299301605,974.2032240720652,1045.8464505855366,1.1402,1029.0989092163086,3779.365744096893,199.99849082166614,1.0,11.338097232290682,0,No actionable pattern today.,Stop 854.8; to breakeven at +1.0R; trail 2.5×ATR from +1.0R; scale 1/2 at T1 (+1.5R); time-stop 15 bars if < +0.5R,,902.5599975585938,23.88107550449047,2.6459266496508036,32.13762194556327,46.0739044274458,32.96003806930599,-2.016045571344284,0.7859516763810489,-0.10141174716221646,-0.14053925214839857,0.055545102249277,0.30383466312225305,0.9694375024376194,2041621826.5100098,0.0,0.0,0.0,0.0,-0.513044937600168,0.17699115044247787,-0.513044937600168,-0.7393001860015997,-0.4267105230053844,-0.4927868102420031,0.15839238821568002,-0.9781949941373589,,,,,,,,2026-10-02,False,max 6 positions in RISK_ON
AXP,No clean setup,False,19.825916871035478,,,False,True,no dominant factor,302.7799987792969,291.1712188254241,3.834064337365522,320.1931687101061,337.6063386409152,4.4965,1361.4502645111083,4999.926096417045,191.700383357358,1.0,14.999778289251138,0,No actionable pattern today.,Stop 291.2; to breakeven at +1.0R; trail 2.5×ATR from +1.0R; scale 1/2 at T1 (+1.5R); time-stop 15 bars if < +0.5R,size capped at 25% of capital,302.7799987792969,5.8043899769363865,1.917032168682759,32.80717371627058,33.848679193702424,30.515637785454107,-1.7477845355880102,0.7877499475481446,-0.08242927238449671,-0.1495660483177702,0.011422561477987703,0.01506452166773542,1.2109126476729046,1041598690.332489,0.0,0.0,0.0,0.0,-0.5347508421642584,0.168141592920354,-0.5347508421642584,-0.9325003062829992,-0.6064382586067425,-0.15939149275155942,-0.04170184409707416,-0.6161213950067991,,,,,,,,2026-10-02,False,max 6 positions in RISK_ON
ORCL,No clean setup,False,19.694762932653063,,,False,True,weak momentum; favourable entry timing,142.3000030517578,128.55924620099583,9.656188725283547,162.9111383279008,183.52227360404376,3.9633,563.9776020950317,2071.207743694004,199.99972862378016,1.0,6.213623231082013,0,No actionable pattern today.,Stop 128.6; to breakeven at +1.0R; trail 2.5×ATR from +1.0R; scale 1/2 at T1 (+1.5R); time-stop 15 bars if < +0.5R,,142.3000030517578,6.870378425380994,4.828094362641776,48.314916217280874,89.80275945172583,11.472340219182344,-0.1313543001359554,0.44544109280549854,-0.023670648015383766,-0.006712152106469027,-0.021083638294301155,-0.4899442049580309,1.0732409865411365,5304588783.418121,0.0,0.0,0.0,0.0,-0.5386722462467924,0.1592920353982301,-0.5386722462467924,-0.5586223059729153,-1.2653718147462236,0.7115812299674664,-0.36168847589572123,-0.7343871902184279,,,,,,,,2026-10-02,False,max 6 positions in RISK_ON
BAC,No clean setup,False,19.12217453902225,,,False,True,no dominant factor,53.75,51.45761217564931,4.264907580187331,57.18858173652603,60.62716347305207,23.7563,1276.9011249999999,4689.419381562499,199.99940267103293,1.0,14.0682581446875,0,No actionable pattern today.,Stop 51.46; to breakeven at +1.0R; trail 2.5×ATR from +1.0R; scale 1/2 at T1 (+1.5R); time-stop 15 bars if < +0.5R,,53.75,1.1461939121753468,2.1324537900936686,22.309818263212478,6.226727091521923,42.30580506808783,-3.167562275242223,0.828211477012814,-0.13699301270240127,-0.09809291827452815,0.09973540457827124,0.25512690978912733,1.1529439995455664,2252380355.845108,0.0,0.0,0.0,0.0,-0.5559110818873175,0.1504424778761062,-0.5559110818873175,-0.7250745868558133,-0.25945698147890306,-0.9687480962813886,-0.30010251154111267,-0.5952723717264604,,,,,,,,2026-10-02,False,max 6 positions in RISK_ON
SPGI,No clean setup,False,18.716386939890274,,,False,True,distribution in volume,386.2699890136719,367.08582409037905,4.966517065506171,415.0462363986111,443.82248378355035,2.8387,1096.5046178131104,4026.913208918648,199.9973317340668,1.0,12.080739626755944,0,No actionable pattern today.,Stop 367.1; to breakeven at +1.0R; trail 2.5×ATR from +1.0R; scale 1/2 at T1 (+1.5R); time-stop 15 bars if < +0.5R,,386.2699890136719,9.592082461646411,2.483258532753085,31.946587067578278,8.251238090397308,20.170039456060803,-1.9751411997460733,0.7444273771302337,-0.10525585078133304,-0.13434712507287982,-0.048713640092798105,-0.04420968524052704,1.3883232570929571,786127033.5939026,0.0,0.0,0.0,0.0,-0.5682490855084572,0.1415929203539823,-0.5682490855084572,-0.7982932285952303,-0.7349304192508428,-0.25959179163552915,0.3532809233608006,-1.0759734146575968,,,,,,,,2026-10-02,False,max 6 positions in RISK_ON
XLF,No clean setup,False,17.080397489401225,,,False,True,distribution in volume,53.4900016784668,52.081861319324645,2.632530033568909,55.602212217180025,57.71442275589325,25.4528,1361.4703147216796,4999.999730815368,131.62649459207918,1.0,14.999999192446104,0,No actionable pattern today.,Stop 52.08; to breakeven at +1.0R; trail 2.5×ATR from +1.0R; scale 1/2 at T1 (+1.5R); time-stop 15 bars if < +0.5R,size capped at 25% of capital,53.4900016784668,0.7040701795710745,1.3162650167844518,27.51059458300439,23.98088986687189,34.180226554993055,-2.397907443656806,0.91602925288324,-0.06903723271328832,-0.043831299344562535,0.08757021328644288,0.09313882098565363,1.340591072427754,2101913031.945343,0.0,0.0,0.0,0.0,-0.6190921078043299,0.13274336283185842,-0.6190921078043299,-0.584276939657106,-0.06750178082426067,-0.5783003991724575,-1.2143801758115293,-1.53359775648956,,,,,,,,2026-10-02,False,max 6 positions in RISK_ON
IBM,No clean setup,False,16.55409200685517,,,False,True,weak momentum,222.63999938964844,208.94975299929257,6.149050677275734,243.17536897518224,263.71073856071604,3.9779,885.6396535720825,3252.5116277434727,199.99858827423202,1.0,9.757534883230418,0,No actionable pattern today.,Stop 208.9; to breakeven at +1.0R; trail 2.5×ATR from +1.0R; scale 1/2 at T1 (+1.5R); time-stop 15 bars if < +0.5R,,222.63999938964844,6.845123195177933,3.074525338637867,41.56147086006255,44.747302929692985,13.655420671354785,-0.987908664521695,0.6744784719234238,-0.039102277418750275,-0.2513451065582174,-0.08975063760160729,-0.17022059193192096,1.0011826634056535,1377706366.6525269,0.0,0.0,0.0,0.0,-0.6358533307764832,0.12389380530973451,-0.6358533307764832,-0.8773251294134139,-1.1749544806477088,0.13676767217060196,0.1859130629153726,-0.7858547569370407,,,,,,,,2026-10-02,False,max 6 positions in RISK_ON
BA,No clean setup,False,16.396976634967324,,,False,True,no dominant factor,193.55999755859375,180.63133571347674,6.679407939754334,212.95299032626926,232.34598309394477,4.2122,815.3134217163087,2994.2385412531435,199.99740685964682,1.0,8.982715623759432,0,No actionable pattern today.,Stop 180.6; to breakeven at +1.0R; trail 2.5×ATR from +1.0R; scale 1/2 at T1 (+1.5R); time-stop 15 bars if < +0.5R,,193.55999755859375,6.464330922558503,3.339703969877167,41.20412676005549,78.558872026301,31.2455684139875,-0.8558241667698184,0.7609985960834555,-0.07329917133384334,-0.17472498038978157,-0.07040631820269028,-0.02941450706701043,1.939243084068421,1662729134.9617004,0.0,0.0,0.0,0.0,-0.6408978881430915,0.11504424778761062,-0.6408978881430915,-1.0300695389436496,-0.7795669169082502,0.14996320924519896,-0.7339700418616363,-0.6091015069929685,,,,,,,,2026-10-02,False,max 6 positions in RISK_ON
KWEB,No clean setup,False,15.511490770928397,,,False,True,weak momentum,23.860000610351562,23.007853670395104,3.571445591609743,25.138221020286252,26.41644143022094,57.0607,1361.4683368270873,4999.992466997478,178.5720105434007,1.0,14.999977400992437,0,No actionable pattern today.,Stop 23.01; to breakeven at +1.0R; trail 2.5×ATR from +1.0R; scale 1/2 at T1 (+1.5R); time-stop 15 bars if < +0.5R,size capped at 25% of capital,23.860000610351562,0.42607346997823003,1.7857227958048743,33.164905612214355,6.468954208645371,21.668100185435918,-2.3752424948952773,0.5837340506140433,-0.07159533455116673,-0.06760451472921836,-0.15058738053608112,-0.3575464842051018,1.0497496000659587,368479190.63676834,0.0,0.0,0.0,0.0,-0.6696974411371419,0.10619469026548672,-0.6696974411371419,-0.9032586392377322,-1.1619108887990786,-0.4290755532196094,0.4103242521625102,-0.41299595095707,,,,,,,,2026-10-02,False,max 6 positions in RISK_ON
XLU,No clean setup,False,15.304770484919747,,,False,True,no dominant factor,39.83000183105469,38.65460160917876,2.9510423495875626,41.59310216386858,43.356202496682464,34.182,1361.4691225891115,4999.995352708512,147.55198033583818,1.0,14.999986058125536,0,No actionable pattern today.,Stop 38.65; to breakeven at +1.0R; trail 2.5×ATR from +1.0R; scale 1/2 at T1 (+1.5R); time-stop 15 bars if < +0.5R,size capped at 25% of capital,39.83000183105469,0.5877001109379614,1.4755211747937778,35.381046434417726,77.33675026235363,34.35982113640724,-1.4425406150894817,0.8463440014209626,-0.05969369518491341,-0.11428548161233154,-0.12863460247965186,-0.010410969500814438,2.158142570060202,1197847882.8165245,0.0,0.0,0.0,0.0,-0.6765145584444852,0.09734513274336283,-0.6765145584444852,-1.0611494618745205,-0.5232565005326909,-0.3258297559669632,-0.9319227193506663,-0.5610089391740011,,,,,,,,2026-10-02,False,max 6 positions in RISK_ON
BKNG,No clean setup,False,13.7198160352349,,,False,True,distribution in volume,159.02000427246094,147.01512570333563,7.54928829492197,177.0273221261489,195.03463997983687,4.5363,721.3624453811645,2649.2035806623267,199.99601582359475,1.0,7.947610741986981,0,No actionable pattern today.,Stop 147; to breakeven at +1.0R; trail 2.5×ATR from +1.0R; scale 1/2 at T1 (+1.5R); time-stop 15 bars if < +0.5R,,159.02000427246094,6.002439284562657,3.7746441474609864,30.462212788472897,11.516533824241591,32.87513016707963,-1.906714168185047,0.7132396000243254,-0.20138256945434796,-0.11946061134060626,-0.04749067670023688,-0.061117065604964105,1.056327265293137,1523793865.8691406,0.0,0.0,0.0,0.0,-0.7300639837594671,0.08849557522123894,-0.7300639837594671,-0.9837771295347553,-0.7799053408978297,-0.4337191218556583,-0.2956054384245952,-0.9770101375535685,,,,,,,,2026-10-02,False,max 6 positions in RISK_ON
NEE,No clean setup,False,10.247648762961322,,,False,True,distribution in volume,76.83000183105469,74.07611392730242,3.5843913030328087,80.96083368668309,85.0916655423115,17.7205,1361.4660474472046,4999.984059249859,179.21899377277876,1.0,14.999952177749579,0,No actionable pattern today.,Stop 74.08; to breakeven at +1.0R; trail 2.5×ATR from +1.0R; scale 1/2 at T1 (+1.5R); time-stop 15 bars if < +0.5R,size capped at 25% of capital,76.83000183105469,1.3355589392278555,1.7383299588677381,33.19029793970088,87.81446229135595,47.295819927319116,-1.5550907802197973,0.7896174742656916,-0.07545122452702568,-0.1147329050756396,-0.16291224148730088,0.08666842987884427,1.3378166683502,1004939149.1556549,0.0,0.0,0.0,0.0,-0.8568047171789296,0.07964601769911504,-0.8568047171789296,-1.2205967818049497,-0.6155540455281534,-0.5014623868217629,-0.7737993128458583,-1.34836616692265,,,,,,,,2026-10-02,False,max 6 positions in RISK_ON
HD,No clean setup,False,10.236720280230244,,,False,True,weak momentum; distribution in volume,282.8500061035156,269.477586532493,4.72774236608243,302.9086354600496,322.96726481658357,4.0724,1151.878364855957,4230.273294933502,199.99642276564234,1.0,12.690819884800508,0,No actionable pattern today.,Stop 269.5; to breakeven at +1.0R; trail 2.5×ATR from +1.0R; scale 1/2 at T1 (+1.5R); time-stop 15 bars if < +0.5R,,282.8500061035156,6.686209785511321,2.3638711830412142,26.515071584741136,15.428845841135285,32.59178762218471,-2.51295557427851,0.7267832708787364,-0.10541459720521595,-0.18741079839681507,-0.10744770943047433,-0.1810644027170999,1.3724650106557985,1527906785.209961,0.0,0.0,0.0,0.0,-0.8572277842914707,0.07079646017699115,-0.8572277842914707,-1.0299752527437402,-0.9692915676657664,-0.6703778465112442,0.028391335198934844,-1.3974674151119366,,,,,,,,2026-10-02,False,max 6 positions in RISK_ON
PEP,No clean setup,False,9.919197219406428,,,False,True,distribution in volume,125.88999938964844,121.4619336900766,3.5174086274051874,132.53209793900618,139.17419648836392,10.8147,1361.462576399231,4999.971311826176,175.8694222899582,1.0,14.99991393547853,0,No actionable pattern today.,Stop 121.5; to breakeven at +1.0R; trail 2.5×ATR from +1.0R; scale 1/2 at T1 (+1.5R); time-stop 15 bars if < +0.5R,size capped at 25% of capital,125.88999938964844,2.2140328497859167,1.7587043137025944,26.050812666688728,23.262424128762376,28.02707102446072,-2.4107144649134966,0.7564859394577309,-0.09454267931651983,-0.11204637323527555,-0.18111247763409044,0.010677256703386373,1.0180863028420972,1214527028.0843735,0.0,0.0,0.0,0.0,-0.8695951303597685,0.061946902654867256,-0.8695951303597685,-0.9808755618335062,-0.727132106085375,-0.8704455282665194,-0.4778175908644282,-1.3936937707334902,,,,,,,,2026-10-02,False,max 6 positions in RISK_ON
TLT,No clean setup,False,9.838751018334378,,,False,True,distribution in volume,77.4800033569336,75.85591764120927,2.096135319254581,79.91613193052007,82.35226050410655,17.5718,1361.4631229873658,4999.9733191711,104.806206696451,1.0,14.999919957513303,0,No actionable pattern today.,Stop 75.86; to breakeven at +1.0R; trail 2.5×ATR from +1.0R; scale 1/2 at T1 (+1.5R); time-stop 15 bars if < +0.5R,size capped at 25% of capital,77.4800033569336,0.8120428578621612,1.048067659627292,27.02228116483556,20.884985012591528,25.69051446376794,-2.7125545549419927,0.8791230065661432,-0.050737582353322264,-0.08244917083988113,-0.08635149092060657,-0.04348384696010488,1.8541310235847182,3802131605.1558304,0.0,0.0,0.0,0.0,-0.8727519194709824,0.05309734513274336,-0.8727519194709824,-0.9455141879586935,-0.38815149536176863,-0.7120629645942302,-2.182405638106461,-0.8701081564482421,,,,,,,,2026-10-02,False,max 6 positions in RISK_ON
INTU,No clean setup,False,9.073221279989898,,,False,True,weak momentum; distribution in volume,281.0799865722656,255.9158031808466,8.95267702915921,318.82626165939416,356.5725367465227,2.1641,608.28519894104,2233.927393110969,199.9963045711409,1.0,6.701782179332908,0,No actionable pattern today.,Stop 255.9; to breakeven at +1.0R; trail 2.5×ATR from +1.0R; scale 1/2 at T1 (+1.5R); time-stop 15 bars if < +0.5R,,281.0799865722656,12.582091695709508,4.476338514579605,37.11816743326935,67.9948786096636,22.02158738902562,-1.398757319314993,0.4116823717179135,-0.1803814528161084,0.03742578555436671,-0.32967822414487014,-0.48963562458841425,0.9506289319445006,1107955559.3736267,0.0,0.0,0.0,0.0,-0.9032871596010197,0.04424778761061947,-0.9032871596010197,-0.9489127676405025,-1.3807276340231773,0.0026574138207526342,-0.44962362312652215,-1.4310151540738147,,,,,,,,2026-10-02,False,max 6 positions in RISK_ON
LOW,No clean setup,False,8.02652912112088,,,False,True,weak momentum; distribution in volume,180.8000030517578,171.82995073165586,4.961312040207261,194.25508153191075,207.71016001206368,6.0711,1097.654898527527,4031.1376148423424,199.99731584249696,1.0,12.093412844527029,0,No actionable pattern today.,Stop 171.8; to breakeven at +1.0R; trail 2.5×ATR from +1.0R; scale 1/2 at T1 (+1.5R); time-stop 15 bars if < +0.5R,,180.8000030517578,4.48502616005098,2.480656020103632,25.497365930748728,1.2568495197983651,27.562595028142866,-2.60684607177343,0.6237310556424541,-0.09527618912652436,-0.18707045839108694,-0.20880138264839831,-0.1776063155587887,1.140828952247709,635000821.9524384,0.0,0.0,0.0,0.0,-0.9465944725806172,0.035398230088495575,-0.9465944725806172,-1.0755811163942348,-1.2430421876879958,-0.7529250728920284,0.27614779206734014,-1.4607482613657765,,,,,,,,2026-10-02,False,max 6 positions in RISK_ON
NVO,No clean setup,False,7.334185573303877,,,False,True,weak momentum; distribution in volume,37.31999969482422,35.18829383174254,5.711966453679571,40.517558489446735,43.71511728406925,25.547,953.4140322036743,3501.413033267994,199.9995378650321,1.0,10.504239099803984,0,No actionable pattern today.,Stop 35.19; to breakeven at +1.0R; trail 2.5×ATR from +1.0R; scale 1/2 at T1 (+1.5R); time-stop 15 bars if < +0.5R,,37.31999969482422,1.065852931540838,2.855983226839783,27.076037975721448,2.5754676590330803,33.15380203097905,-3.1977540045674715,0.6107088459146764,-0.20205261215409676,-0.23270630948984206,0.02208994905228634,-0.17010569844542311,0.9722386254289801,567133419.0462303,0.0,0.0,0.0,0.0,-0.9763284698087584,0.02654867256637168,-0.9763284698087584,-1.03713508218712,-1.2023684826114849,-1.0532981657594376,0.4236160236494353,-1.5741051625773939,,,,,,,,2026-10-02,False,max 6 positions in RISK_ON
NFLX,No clean setup,False,6.951241215014662,,,False,True,weak momentum; distribution in volume,67.05999755859375,63.10416820323914,5.898940500106936,72.99374159162566,78.92748562465758,13.7667,923.1948683898926,3390.4331541618803,199.9996344599082,1.0,10.171299462485642,0,No actionable pattern today.,Stop 63.1; to breakeven at +1.0R; trail 2.5×ATR from +1.0R; scale 1/2 at T1 (+1.5R); time-stop 15 bars if < +0.5R,,67.05999755859375,1.9779146776773044,2.9494702500534675,31.05639503967032,6.694433850346357,25.83663917274907,-2.901226038739281,0.5370815091365146,-0.18941140048952432,-0.11786371323511335,-0.3202919615910341,-0.29344943253566447,1.1760206296413005,2612330058.6914825,0.0,0.0,0.0,0.0,-0.993179269614513,0.017699115044247787,-0.993179269614513,-0.9772930751361321,-1.4238436338480027,-0.8060932692952717,0.2793858284674066,-1.5014848465483324,,,,,,,,2026-10-02,False,max 6 positions in RISK_ON
MCD,No clean setup,False,4.091347982200398,,,False,True,weak momentum; distribution in volume,231.88999938964844,222.9157136447045,3.870061567365953,245.35142800706433,258.8128566244802,5.8711,1361.449375416565,4999.922831217335,193.5000918888977,1.0,14.99976849365201,0,No actionable pattern today.,Stop 222.9; to breakeven at +1.0R; trail 2.5×ATR from +1.0R; scale 1/2 at T1 (+1.5R); time-stop 15 bars if < +0.5R,size capped at 25% of capital,231.88999938964844,4.487142872471956,1.9350307836829734,24.016014562614316,34.36109302872542,46.711119894035434,-2.68990434514125,0.6918378497943029,-0.11136237385697967,-0.16444278694442727,-0.23447891257838493,-0.10933757033223046,1.10992251299454,1489251773.4804535,0.0,0.0,0.0,0.0,-1.1298272219594316,0.008849557522123894,-1.1298272219594316,-1.3470474163482429,-1.0455542347811346,-0.9567517989680283,-0.3712291408594929,-1.9242805167145949,,,,,,,,2026-10-02,False,max 6 positions in RISK_ON
