ticker,setup,eligible,conviction,earnings_flag,earnings_date,veto,liquid,why,entry,stop,stop_pct,t1,t2,units,pos_native,pos_aed,risk_aed,risk_pct,cost_aed,hold_days,entry_note,exit_rule,plan_flags,close,atr,atr_pct,rsi14,rsi2,adx,dist21_atr,pct_52w_high,mom_1m,mom_3m,mom_6m,mom_12_1,rvol,adv20,squeeze_on,breakout20,breakout55,uptrend,composite,comp_rank,composite_final,g_trend,g_momentum,g_timing,g_volatility,g_volume,g_fundamentals,g_sentiment,social_buzz,social_bull,sector,shortName,shortPercentOfFloat,date,selected,skip_reason
MU,Pullback in uptrend,True,84.50204251535827,,2026-12-23,False,True,momentum leader; strong trend structure; favourable entry timing; volume accumulation; quality/growth fundamentals,1041.6874697434005,952.5975049670027,8.552465817635625,1175.3224169079972,1308.957364072594,0.6112,636.6793815071663,2338.2050285850682,199.97418581597526,1.0,7.0146150857552065,15,"Limit near the 21-EMA, or at market on the first up-close / reclaim day.",Stop 952.6; to breakeven at +1.0R; trail 2.5×ATR from +1.0R; scale 1/2 at T1 (+1.5R); time-stop 15 bars if < +0.5R,55-day high sits before T1 (resistance); Ex-dividend 2026-10-14,1063.9599609375,44.54498238819889,4.186716044177868,57.256778491093065,28.036226740921364,14.113949271615562,0.698738654041496,0.8479072694224167,0.11041996196705006,0.13382633410903755,1.8169303591893562,4.222845354918508,0.9193327428127669,26310616092.28607,0.0,0.0,0.0,1.0,0.9973909676163588,0.9823008849557522,1.060042166120437,0.8534118741491545,1.7131508748128224,0.615056345063983,0.3013781274989233,0.7654641605056067,1.8159658469054574,0.8053280733680386,6.297075881463078,0.8823529411764706,Technology,"Micron Technology, Inc.",0.024500001,2026-10-05,True,
PANW,Momentum continuation,True,74.4657797524189,,2026-11-19,False,True,momentum leader; strong trend structure; volume accumulation,406.760009765625,359.4187683751099,11.63861742893386,477.7718718513977,548.7837339371704,0.5751,233.92768161621092,859.0994107355345,99.98729374973402,0.5,2.577298232206604,15,Half-size starter at market; add on a 2–3 day tight consolidation.,Stop 359.4; to breakeven at +1.0R; trail 2.5×ATR from +1.0R; scale 1/2 at T1 (+1.5R); time-stop 15 bars if < +0.5R,55-day high sits before T1 (resistance),406.760009765625,16.644872788622934,4.092062245306195,63.6870648352899,91.97170381869111,16.074651181292765,1.5954867339889036,0.9933089371565934,0.22540220152413215,0.20685971829190297,1.5116395025041092,0.5859531657977128,0.8365022333585421,2323773597.0152283,0.0,0.0,0.0,1.0,0.9205291411416776,0.9734513274336283,0.6689501029110948,1.6050935428310062,1.5676478168892434,-0.2906072710932348,-0.39215487061461474,1.0629922785027663,-0.44280405482767676,-0.2319280451947973,2.2383755844202784,0.8181818181818182,Technology,"Palo Alto Networks, Inc.",0.0269,2026-10-05,True,
ANET,Momentum continuation,True,74.30609356417155,,2026-11-03,False,True,momentum leader; strong trend structure; volatility compression,206.89999389648438,193.52991376962683,6.462097883650411,226.9551140867707,247.010234277057,2.0365,421.35183757019047,1547.4146234765244,99.99544763497344,0.5,4.642243870429574,15,Half-size starter at market; add on a 2–3 day tight consolidation.,Stop 193.5; to breakeven at +1.0R; trail 2.5×ATR from +1.0R; scale 1/2 at T1 (+1.5R); time-stop 15 bars if < +0.5R,55-day high sits before T1 (resistance),206.89999389648438,6.685040063428776,3.2310489418252066,59.52329860253066,73.6824855763835,16.90188066817516,0.8562868947142112,0.9628181603803897,0.08075632708900504,0.24294116034808666,0.6388118328434407,0.32521108641918195,0.6963485161640638,951502161.6095734,0.0,0.0,0.0,1.0,0.804675455732561,0.9469026548672567,0.6637119382588601,1.2524226826580107,0.9809724513841491,0.24242745961510495,0.9445350440163165,0.17195091864512002,-0.12791625876120902,0.32763199548932187,2.1002220620574588,1.0,Technology,"Arista Networks, Inc.",0.0127,2026-10-05,False,sector cap (Technology)
XOM,Pullback in uptrend,True,70.46656878032043,,2026-10-30,False,True,favourable entry timing; volatility compression; volume accumulation,162.34413633167796,154.97164275044207,4.541274940890676,173.40287670353177,184.46161707538562,7.3867,1199.1874318412056,4404.015843436828,199.9984678908518,1.0,13.212047530310485,15,"Limit near the 21-EMA, or at market on the first up-close / reclaim day.",Stop 155; to breakeven at +1.0R; trail 2.5×ATR from +1.0R; scale 1/2 at T1 (+1.5R); time-stop 15 bars if < +0.5R,55-day high sits before T1 (resistance),164.0,3.513453412294258,2.14234964164284,55.10186164098905,84.4722323104834,13.150147880233648,0.47129233663035114,0.9420229473994604,0.011035036138616894,0.16495109069357472,0.01721414659579934,0.49978686018994867,0.8197541413682872,2270526545.2028656,0.0,0.0,0.0,1.0,0.7180234187012268,0.9292035398230089,0.5435096951737018,0.7682717657934223,0.48387378615767973,0.6686526917260616,0.6143442223819929,1.380636092657684,-0.03873252789298261,-0.270357869979814,2.050407395410192,0.8181818181818182,Energy,ExxonMobil Holdings Corporation,0.0108,2026-10-05,True,
MSFT,Momentum continuation,True,69.72364634541762,,2026-10-28,False,True,momentum leader; strong trend structure; new 55-day high,525.1799926757812,488.266674867311,7.028698412595206,580.5499693884866,635.919946101192,0.7376,387.3727625976563,1422.6264706398927,99.99212415902532,0.5,4.267879411919679,15,Half-size starter at market; add on a 2–3 day tight consolidation.,Stop 488.3; to breakeven at +1.0R; trail 2.5×ATR from +1.0R; scale 1/2 at T1 (+1.5R); time-stop 15 bars if < +0.5R,crowd euphoric on social (contrarian caution),525.1799926757812,11.813305413568502,2.2493822267257277,66.2482159111559,97.39157778218282,37.7798060214915,1.7256907771662287,0.9562614587781538,0.029522460798922623,0.3531752297294577,0.41415009808355774,-0.0027588830258414854,0.81200520109423,10927956025.449982,0.0,1.0,1.0,1.0,0.5634398139372289,0.9026548672566371,0.5213578242081619,1.535634531202288,0.8622009381231728,-0.8441688732544759,0.22270038463059505,0.3243000290364414,-0.09901915410019874,0.8050788846839859,4.435513144243468,1.0,Technology,Microsoft Corporation,0.0091,2026-10-05,False,sector cap (Technology)
AAPL,Pullback in uptrend,True,69.16815243462516,,2026-10-29,False,True,favourable entry timing; volatility compression,331.19362661658874,317.48018990450254,4.140610087271327,351.7637816847181,372.33393675284736,3.9712,1315.2361300197972,4830.204687497705,199.99994252638245,1.0,14.490614062493115,15,"Limit near the 21-EMA, or at market on the first up-close / reclaim day.",Stop 317.5; to breakeven at +1.0R; trail 2.5×ATR from +1.0R; scale 1/2 at T1 (+1.5R); time-stop 15 bars if < +0.5R,55-day high sits before T1 (resistance); crowd euphoric on social (contrarian caution),332.8900146484375,6.856718356043105,2.059754890300459,53.80707346633708,50.95058912184177,16.604519816101693,0.24740523728142627,0.9639486250608756,0.01425923437800014,0.07248153684985703,0.28827986257107274,0.28115117933782874,0.8473980645475843,13926660371.802673,0.0,0.0,0.0,1.0,0.5667939216840828,0.911504424778761,0.5049952275838442,0.6706741428106939,0.42736366240269413,0.7793841253730804,0.5949287944701811,0.36058894931473723,-0.27808415349626237,0.7936850558620406,4.3797835805118375,1.0,Technology,Apple Inc.,0.0088,2026-10-05,False,sector cap (Technology)
AMD,Extended (wait),False,68.98825151790281,,2026-11-03,False,True,momentum leader; strong trend structure; volume accumulation,631.75,584.803784954417,7.431138115644323,702.1693225683746,772.588645136749,1.16,732.8299999999999,2691.3181749999994,199.9955707156882,1.0,8.073954525,15,Too far above the 21-EMA. Set an alert for a pullback toward it.,Stop 584.8; to breakeven at +1.0R; trail 2.5×ATR from +1.0R; scale 1/2 at T1 (+1.5R); time-stop 15 bars if < +0.5R,55-day high sits before T1 (resistance),631.75,23.473107522791533,3.715569057822166,69.23859238517238,78.72555695421491,26.029932295121334,2.23759305513549,0.9787593011093768,0.38493071494263464,0.2240607969823838,1.8692434417974684,1.6875626886503032,0.7390418797851805,12849264239.866638,0.0,0.0,0.0,1.0,1.0086830299429392,0.9911504424778761,0.827635871017127,1.0434040522319454,2.1108457657921407,-0.6533487982418629,-0.3431348564922784,2.0286997744543434,-0.13291211626829177,0.3398065868960484,4.418759522747246,0.8571428571428571,Technology,"Advanced Micro Devices, Inc.",0.024600001,2026-10-05,False,not actionable today
ABBV,Pullback in uptrend,True,67.05699055299995,,2026-10-30,False,True,strong trend structure; volume accumulation,263.1153170733301,252.5365463041505,4.020583403067833,278.9834732270995,294.851629380869,5.1479,1354.491340761796,4974.369448947696,199.99867247166785,1.0,14.923108346843089,15,"Limit near the 21-EMA, or at market on the first up-close / reclaim day.",Stop 252.5; to breakeven at +1.0R; trail 2.5×ATR from +1.0R; scale 1/2 at T1 (+1.5R); time-stop 15 bars if < +0.5R,55-day high sits before T1 (resistance); Ex-dividend 2026-10-15,265.760009765625,5.289385384589803,1.9902864201632655,58.3959797897324,84.32092348962743,17.527303163275572,0.7057743833043514,0.9865250948980059,0.02132899770493646,0.05105700131550739,0.30568547511375654,0.13409897933817194,1.089830466761658,1154948779.3380737,0.0,0.0,0.0,1.0,0.5016267497868873,0.8849557522123894,0.4442273631551722,0.8747479541570521,0.3736832817573797,0.25173509532165367,0.3023620047818945,0.6493452378231691,0.1504372420265083,0.27882239123011554,1.861484233555074,1.0,Healthcare,AbbVie Inc.,0.0123000005,2026-10-05,True,
CRWD,Extended (wait),False,66.92199329639938,,2026-12-01,False,True,momentum leader; strong trend structure; volume accumulation,272.6700134277344,241.9382236001067,11.270689226621723,318.7676981691759,364.86538291061737,1.772,483.17126379394534,1774.4464662832643,199.99234670755772,1.0,5.323339398849794,15,Too far above the 21-EMA. Set an alert for a pullback toward it.,Stop 241.9; to breakeven at +1.0R; trail 2.5×ATR from +1.0R; scale 1/2 at T1 (+1.5R); time-stop 15 bars if < +0.5R,55-day high sits before T1 (resistance),272.6700134277344,11.047093392541866,4.051451515943711,69.74193948833661,97.53466416555173,25.54295170027748,2.236130401526646,0.9943113536225198,0.2684096007786334,0.4010380241945348,1.7362085592235958,0.7308374114557143,0.6799310243124896,2543991879.0839386,0.0,0.0,0.0,1.0,1.0797582980602125,1.0,0.7524448506414557,2.006671706400213,1.9934712606222313,-0.867453057804022,-0.5279700778950632,1.4701944847267896,-0.514177818831119,-0.5994400592360237,3.8908909527221827,0.6,Technology,"CrowdStrike Holdings, Inc.",0.0277,2026-10-05,False,not actionable today
PLTR,No clean setup,False,66.41307162580208,,2026-11-02,False,True,strong trend structure; volume accumulation,189.39999389648438,177.0267772667987,6.5328495398200515,207.95981884101292,226.51964378554143,4.4013,833.6061931365966,3061.418744294151,199.99788034858528,1.0,9.184256232882454,0,No actionable pattern today.,Stop 177; to breakeven at +1.0R; trail 2.5×ATR from +1.0R; scale 1/2 at T1 (+1.5R); time-stop 15 bars if < +0.5R,55-day high sits before T1 (resistance),189.39999389648438,6.186608314842845,3.266424769910027,61.79943825763379,64.71681580748884,28.067449942868762,1.0541815476865124,0.9126830666783039,0.03763762210667765,0.4095408259210236,0.2803353158516886,-0.02416468430214469,0.5031439822264906,4065553196.0082245,0.0,0.0,0.0,1.0,0.8532405266557006,0.9646017699115044,0.7346631874895327,1.7528937263640791,0.7786420360234902,-0.10040907734136315,0.300000408809449,1.2241448776613169,0.1936612751805754,0.32704638646914663,4.356346754043039,0.8571428571428571,Technology,Palantir Technologies Inc.,0.027999999,2026-10-05,False,not actionable today
DE,Squeeze (pre-breakout),True,65.67420582506526,,2026-11-25,False,True,strong trend structure; favourable entry timing; volatility compression; Bollinger/Keltner squeeze on,721.2442183956429,660.3036053350684,8.449372834645747,812.6551379865045,904.0660575773663,0.8936,644.5038335583464,2366.9403287430273,199.9916131490881,1.0,7.100820986229084,15,Buy-stop just above the 20-day high (+0.1 ATR). Let price trigger it; don't anticipate.,Stop 660.3; to breakeven at +1.0R; trail 2.5×ATR from +1.0R; scale 1/2 at T1 (+1.5R); time-stop 15 bars if < +0.5R,,682.2000122070312,17.41160373159272,2.552272562303725,54.364209385162354,56.7618115712736,17.565581883812904,0.306001973031345,0.9481544304787559,-0.015238858980268777,0.1328969796583277,0.19216188331705153,0.5171742860706123,1.005499884589976,855356320.5743408,1.0,0.0,0.0,1.0,0.6591766889390454,0.9203539823008849,0.40550572167975835,0.9653146041360434,0.5590391626054103,0.8984570236090933,0.7978164767130963,-0.20031561539998569,-0.7281989873182512,-0.490157307396528,0.9753230715086199,0.8181818181818182,Industrials,Deere & Company,0.0208,2026-10-05,True,
CVX,Pullback in uptrend,True,65.01543968140196,,2026-10-30,False,True,favourable entry timing; quality/growth fundamentals,206.37295943644133,198.02096527420957,4.047039004062936,218.900950679789,231.42894192313662,6.5204,1345.634244709372,4941.841763695169,199.99826369581518,1.0,14.82552529108551,15,"Limit near the 21-EMA, or at market on the first up-close / reclaim day.",Stop 198; to breakeven at +1.0R; trail 2.5×ATR from +1.0R; scale 1/2 at T1 (+1.5R); time-stop 15 bars if < +0.5R,55-day high sits before T1 (resistance),206.47000122070312,4.175997081115878,2.022568439204883,51.50675207938174,57.04833772708436,17.19909990712809,0.023237991401052364,0.9480668673799766,-0.022951002912253715,0.1968962047387517,0.056921957908766974,0.4321382912023668,0.7234281596526347,2061977027.3719788,0.0,0.0,0.0,1.0,0.42863068486104206,0.8584070796460177,0.3873237155263025,0.485844289044401,0.5464733909920105,1.0052446683470593,0.27294524402568937,-0.6896388232267702,0.5277208405418427,-0.08352916416715406,1.8461396018651965,0.8888888888888888,Energy,Chevron Corporation,0.0106,2026-10-05,False,correlated with XOM (0.85)
CRM,Pullback in uptrend,True,63.55193427724058,,2026-12-02,False,True,strong trend structure; favourable entry timing; distribution in volume,229.7899932861328,212.4436493194022,7.548781267046331,255.80950923622873,281.82902518632466,3.1394,721.4027049224854,2649.351433827828,199.9937447350184,1.0,7.948054301483484,15,"Limit near the 21-EMA, or at market on the first up-close / reclaim day.",Stop 212.4; to breakeven at +1.0R; trail 2.5×ATR from +1.0R; scale 1/2 at T1 (+1.5R); time-stop 15 bars if < +0.5R,,229.7899932861328,8.673171983365307,3.7743906335231654,47.694434449862754,27.002080182455458,19.133643854980903,-0.5417564247198365,0.8580693505421226,-0.12946994811913815,0.3579179978777567,0.2504220725007342,0.11438598760555796,0.6966283948676703,2850391538.6289215,0.0,0.0,0.0,1.0,0.3720132243072787,0.8230088495575221,0.3474806523808331,0.8624179452782099,0.6216957595215655,0.750112673046117,-0.014440926721121062,-1.4136975777501586,0.185954959854777,0.3127457694953241,2.0274104643741513,1.0,Technology,"Salesforce, Inc.",0.0454,2026-10-05,False,sector cap (Technology)
TMO,Momentum continuation,True,63.05440135691909,Earnings in 15d — binary gap risk,2026-10-21,False,True,momentum leader; strong trend structure; volume accumulation,676.760009765625,643.740418914021,4.879069444874456,726.289396043031,775.818782320437,0.8246,558.0563040527344,2049.461776633667,99.99466332811443,0.5,6.148385329901001,15,Half-size starter at market; add on a 2–3 day tight consolidation.,Stop 643.7; to breakeven at +1.0R; trail 2.5×ATR from +1.0R; scale 1/2 at T1 (+1.5R); time-stop 15 bars if < +0.5R,55-day high sits before T1 (resistance),676.760009765625,16.509795425801972,2.4395347224372244,64.72833889708306,78.9047307658849,41.72997618452766,1.5204438960005107,0.9899507115426199,0.09515836483747098,0.3109805258305953,0.3887167506087357,0.1812859110662146,1.0331313716577675,1533372086.5856934,0.0,0.0,0.0,1.0,0.8321411025141133,0.9557522123893806,0.6233652620701697,1.918438242867754,0.9290318429485394,-0.3295203365183999,-0.2835077469988402,1.2754609787824898,-0.5134571730672141,0.0899809736560045,0.937821961606786,1.0,Healthcare,Thermo Fisher Scientific Inc,0.0136,2026-10-05,True,
MRVL,No clean setup,False,62.71581430615515,,2026-12-01,False,True,momentum leader; strong trend structure; volume accumulation,271.25,244.9122892416781,9.709755118275352,310.7565661374828,350.26313227496564,2.0677,560.863625,2059.7716628125,199.998784454722,1.0,6.1793149884375005,0,No actionable pattern today.,Stop 244.9; to breakeven at +1.0R; trail 2.5×ATR from +1.0R; scale 1/2 at T1 (+1.5R); time-stop 15 bars if < +0.5R,55-day high sits before T1 (resistance); Ex-dividend 2026-10-09,271.25,12.91084059188136,4.75975690023276,64.24699234482156,74.29821278867111,22.9552578686345,1.5456468612639125,0.8224715398188365,0.29890340287141126,0.17605947725191462,1.4787939740535,1.4277835110296482,0.7140190194370312,4272466185.2610016,0.0,0.0,0.0,1.0,0.7735996386334683,0.9380530973451328,0.6126572708974212,0.990478088202747,1.574846464498724,-0.4105430199706582,-0.39017734473830945,1.2767166461097383,-0.3009100946791035,0.23868569458556868,3.924156409019399,0.8571428571428571,Technology,"Marvell Technology, Inc.",0.0418,2026-10-05,False,max 6 positions in RISK_ON
XBI,Squeeze (pre-breakout),True,61.62917433255328,,,False,True,volatility compression; Bollinger/Keltner squeeze on,164.75741899196464,151.54146533747118,8.021461938013251,184.58134947370485,204.40527995544502,4.1206,678.8994206982894,2493.2581225144677,199.99575131392186,1.0,7.479774367543404,15,Buy-stop just above the 20-day high (+0.1 ATR). Let price trigger it; don't anticipate.,Stop 151.5; to breakeven at +1.0R; trail 2.5×ATR from +1.0R; scale 1/2 at T1 (+1.5R); time-stop 15 bars if < +0.5R,55-day high sits before T1 (resistance),156.19000244140625,4.074128884490249,2.6084440878465536,47.256684745436885,68.98042515233746,11.733651961033166,-0.27481952416131805,0.9193596032876498,-0.04982359288311833,-0.04686637520364301,0.21384567020117617,0.6091794621842062,1.0073336752417519,1401044644.6292877,1.0,0.0,0.0,1.0,0.2961487157009632,0.7433628318584071,0.2961487157009632,0.13570595686401038,0.23271559400485808,0.48848589413255267,0.9081829738542253,-0.12492298818551482,,,,,ETF,State Street SPDR S&P Biotech E,,2026-10-05,False,max 6 positions in RISK_ON
MRK,Mean-reversion bounce,True,61.033464640787265,,2026-10-29,False,True,volatility compression,139.5399932861328,132.51630962708361,5.0334556378018664,150.0755187747066,160.6110442632804,7.7535,1081.9233379440307,3973.3634585994523,199.99748701723337,1.0,11.92009037579836,7,Buy at market; exit on a close above the 8-EMA or after 5–7 days.,Stop 132.5; to breakeven at +1.0R; trail 2.5×ATR from +1.0R; scale 1/2 at T1 (+1.5R); time-stop 15 bars if < +0.5R,,139.5399932861328,3.511841829524605,2.5167278189009377,38.08582179578336,5.051908584763055,24.903061513282463,-1.7444301118142407,0.8944919268024129,-0.07861579773763028,0.08927255871748052,0.1698225488269114,0.7416275633296829,0.8954470887229897,1475993046.6874695,0.0,0.0,0.0,1.0,0.33459075999321014,0.7787610619469026,0.2804494402183109,0.5166709900640026,0.4656785082735864,0.14136332813347624,0.7338732575021866,-0.4667304205686913,-0.15268111798088296,,,,Healthcare,"Merck & Company, Inc.",0.0139999995,2026-10-05,False,max 6 positions in RISK_ON
LLY,Mean-reversion bounce,True,60.69320530608592,,,False,True,favourable entry timing; volatility compression,1143.1199951171875,1080.1067450747037,5.512391552211804,1237.6398701809132,1332.159745244639,0.8642,987.8842997802734,3628.005090943054,199.98984614695908,1.0,10.884015272829163,7,Buy at market; exit on a close above the 8-EMA or after 5–7 days.,Stop 1080; to breakeven at +1.0R; trail 2.5×ATR from +1.0R; scale 1/2 at T1 (+1.5R); time-stop 15 bars if < +0.5R,,1143.1199951171875,31.506625021241888,2.7561957761059,43.15099918837588,6.396991237109489,18.036010603328364,-0.551603350128754,0.8843228820850759,-0.014211780627558901,-0.07349059707288597,0.23695198357430125,0.42332559897802224,0.8889807634194894,2583455835.0811768,0.0,0.0,0.0,0.0,0.28152480769508675,0.7079646017699115,0.27152147246858865,0.01273492606728649,0.035804965061963276,0.6129917734723155,0.793589724242651,0.4241388123200884,0.19149479065660385,,,,Healthcare,Eli Lilly and Company,0.0084,2026-10-05,False,max 6 positions in RISK_ON
COP,Pullback in uptrend,True,60.62462624551977,,,False,True,favourable entry timing,128.39999389648438,121.9535338025529,5.020607788446307,138.0696840373816,147.7393741782788,8.4478,1084.6974684387208,3983.551452841202,199.9984944981114,1.0,11.950654358523607,15,"Limit near the 21-EMA, or at market on the first up-close / reclaim day.",Stop 122; to breakeven at +1.0R; trail 2.5×ATR from +1.0R; scale 1/2 at T1 (+1.5R); time-stop 15 bars if < +0.5R,,128.39999389648438,3.2232300469657353,2.510303894223151,48.608578445529965,87.37910760512318,19.116943484212047,-0.20645629032986806,0.9066515910428901,-0.053934624656503005,0.19196233517655825,-0.01080973313280309,0.4992374062897189,0.9107813022075365,901855158.2137299,0.0,0.0,0.0,1.0,0.27965222438890636,0.6991150442477876,0.2697253718364166,0.20270639173305272,0.4419969345714687,0.8316506987377351,0.1724964645614154,-0.6931598374515443,0.19031055141649855,,,,Energy,ConocoPhillips,0.0134000005,2026-10-05,False,max 6 positions in RISK_ON
META,Momentum continuation,True,60.589696318654454,,,False,True,strong trend structure; volume accumulation,741.9000244140625,691.883140230837,6.741728337686452,816.9253506889008,891.9506769637392,0.5444,403.89037329101564,1483.2873959112549,99.99920669948051,0.5,4.449862187733766,15,Half-size starter at market; add on a 2–3 day tight consolidation.,Stop 691.9; to breakeven at +1.0R; trail 2.5×ATR from +1.0R; scale 1/2 at T1 (+1.5R); time-stop 15 bars if < +0.5R,55-day high sits before T1 (resistance),741.9000244140625,25.00844209161278,3.370864168843226,64.00476916956475,83.87096197090865,39.978356054058736,1.7245797277394481,0.9513734162319452,0.2158340527638385,0.2061559620191491,0.2969417977777211,-0.15787320401926697,0.8458441657164576,16698462755.829163,0.0,0.0,0.0,1.0,0.3114376067017838,0.7522123893805309,0.268810971252568,0.96624656375738,0.4337990052273957,-0.542395011448338,-0.42071900675191215,0.7088217369554397,-0.07220211234115832,,,,Communication Services,"Meta Platforms, Inc.",0.014099999,2026-10-05,False,max 6 positions in RISK_ON
NOW,Squeeze (pre-breakout),True,60.28069813187223,,,False,True,strong trend structure; favourable entry timing; Bollinger/Keltner squeeze on,148.15759621183503,127.59198514526521,13.880902223309024,179.00601281168974,209.85442941154446,2.648,392.32131476893915,1440.800028488929,199.99604318795681,1.0,4.3224000854667874,15,Buy-stop just above the 20-day high (+0.1 ATR). Let price trigger it; don't anticipate.,Stop 127.6; to breakeven at +1.0R; trail 2.5×ATR from +1.0R; scale 1/2 at T1 (+1.5R); time-stop 15 bars if < +0.5R,55-day high sits before T1 (resistance),136.0800018310547,5.875888876162803,4.317966488167604,52.23244120182316,61.56097244126973,18.485876067298452,0.16072363115261043,0.7052019496734993,-0.06532038427121589,0.22893522717963277,0.3286467903132164,-0.2001428803398949,0.5465892001434975,1577071382.7201843,1.0,0.0,0.0,1.0,0.32398690664600105,0.7699115044247787,0.2607341828025777,1.198231977391824,-0.03104486805354248,0.5573782874173513,0.1061850294893578,-0.6692089920971686,-0.245287607944809,,,,Technology,"ServiceNow, Inc.",0.0279,2026-10-05,False,max 6 positions in RISK_ON
EEM,Momentum continuation,True,60.23514158125371,,,False,True,no dominant factor,68.7300033569336,65.89852386101514,4.119713891491923,72.97722260081127,77.22444184468897,9.6166,660.9489502822876,2427.3350199117012,99.9992580083506,0.5,7.282005059735106,15,Half-size starter at market; add on a 2–3 day tight consolidation.,Stop 65.9; to breakeven at +1.0R; trail 2.5×ATR from +1.0R; scale 1/2 at T1 (+1.5R); time-stop 15 bars if < +0.5R,55-day high sits before T1 (resistance),68.7300033569336,1.0459192043769319,1.5217796497770983,58.007490879935034,93.27303498314274,9.325067129047403,1.271005297593383,0.9603186202319349,0.018674997975898,0.04580039683995407,0.2097223303034701,0.2722628753734744,0.90133354602173,1306425572.1072006,0.0,0.0,0.0,1.0,0.25954522577736444,0.6814159292035398,0.25954522577736444,0.4282279398045573,0.3167151172149237,0.09516334952114841,-0.08668390115696469,0.3720570104477335,,,,,ETF,iShares MSCI Emerging Index Fun,,2026-10-05,False,max 6 positions in RISK_ON
AMGN,Pullback in uptrend,True,60.09687671737434,,,False,True,favourable entry timing,402.9800109863281,382.8406551093047,4.997606662357925,433.18904480186325,463.3980786173984,2.704,1089.6579497070313,4001.7688202990726,199.99266517542858,1.0,12.00530646089722,15,"Limit near the 21-EMA, or at market on the first up-close / reclaim day.",Stop 382.8; to breakeven at +1.0R; trail 2.5×ATR from +1.0R; scale 1/2 at T1 (+1.5R); time-stop 15 bars if < +0.5R,,402.9800109863281,10.069677938511715,2.498803331178962,47.80486493926801,9.515284858172478,25.33882065055806,-0.3769047785215062,0.9014607791126862,-0.0926325871007091,0.10115470378975,0.1921531859879546,0.5347677382184894,1.1077701740267787,1349443765.7810974,0.0,0.0,0.0,1.0,0.4125152969162,0.8407079646017699,0.25593954593845347,0.19371171756158745,0.4141366116714354,0.8882226265194985,0.17209041314785972,0.37293305810072847,-0.24019721052735768,-0.5005297054177076,1.212097230483676,0.8,Healthcare,Amgen Inc.,0.025999999,2026-10-05,False,max 6 positions in RISK_ON
PFE,Pullback in uptrend,True,59.91103179213698,,,False,True,volume accumulation,27.40999984741211,26.357308468523566,3.8405377043003956,28.989036915744926,30.56807398407774,49.6705,1361.468397420883,4999.992689528193,192.02660445359368,1.0,14.999978068584582,15,"Limit near the 21-EMA, or at market on the first up-close / reclaim day.",Stop 26.36; to breakeven at +1.0R; trail 2.5×ATR from +1.0R; scale 1/2 at T1 (+1.5R); time-stop 15 bars if < +0.5R,size capped at 25% of capital,27.40999984741211,0.5263456894442717,1.9202688521501987,42.04869793120955,1.3016846822893058,28.023613950626867,-1.1067384336838908,0.9383772922465655,-0.048594225771690036,0.1586833804187351,0.01868031000041337,0.13849744061620584,0.9159816393785404,917846389.196682,0.0,0.0,0.0,1.0,0.28164524562108684,0.7168141592920354,0.2510996680555587,-0.02168930414034524,0.288234249430788,0.46384872913644715,0.047783275633698885,0.8323985803340456,0.006735047531333463,,,,Healthcare,"Pfizer, Inc.",0.0272,2026-10-05,False,max 6 positions in RISK_ON
BRK-B,Pullback in uptrend,True,59.874892437989395,,,False,True,favourable entry timing; volume accumulation,504.260009765625,492.91938161001264,2.2489644104206032,521.2709519990435,538.281894232462,2.6999,1361.4516003662109,4999.931002344909,112.44666878832315,1.0,14.99979300703473,15,"Limit near the 21-EMA, or at market on the first up-close / reclaim day.",Stop 492.9; to breakeven at +1.0R; trail 2.5×ATR from +1.0R; scale 1/2 at T1 (+1.5R); time-stop 15 bars if < +0.5R,size capped at 25% of capital,504.260009765625,5.670314077806183,1.1244822052103018,48.74634201778938,82.76498063473052,9.698823338396386,-0.12070903702648277,0.9377394631666548,-0.007616151536022797,0.0005158923921131375,0.058524716816506395,0.024620888700748855,1.0200354613923666,2375505317.893219,0.0,0.0,0.0,1.0,0.25015937322934473,0.6460176991150443,0.25015937322934473,0.170651330626491,-0.03066172673809378,0.7776445084841227,-0.32377516327220257,0.8939350419730285,,,,,,,,2026-10-05,False,max 6 positions in RISK_ON
XLE,Pullback in uptrend,True,59.841240270343874,,,False,True,strong trend structure; favourable entry timing,62.829101027178694,60.34550208413565,3.95294362395649,66.55449944174326,70.27989785630783,21.6694,1361.468921798346,4999.994615304426,197.6469683438441,1.0,14.99998384591328,15,"Limit near the 21-EMA, or at market on the first up-close / reclaim day.",Stop 60.35; to breakeven at +1.0R; trail 2.5×ATR from +1.0R; scale 1/2 at T1 (+1.5R); time-stop 15 bars if < +0.5R,size capped at 25% of capital; 55-day high sits before T1 (resistance); crowd bearish on social,63.45000076293945,1.2417994715215208,1.957130743246333,55.361698103941876,95.05272011052033,17.620678365973152,0.5565701879744341,0.9645935145798313,-0.01226943552864812,0.16813968427782156,0.07720260825836234,0.49411392056898173,1.0443635924927883,2201285076.663513,0.0,0.0,0.0,1.0,0.5137837125540167,0.8938053097345132,0.24928404263341342,0.8723902968326909,0.571715415511372,0.6007623772228955,0.06723084563669936,-0.032173843482721086,,-1.8667133167314125,3.2861447557354495,0.0,ETF,State Street Energy Select Sect,,2026-10-05,False,max 6 positions in RISK_ON
MA,Squeeze (pre-breakout),True,59.70275594916232,,,False,True,favourable entry timing; Bollinger/Keltner squeeze on,585.4670994554639,551.6186185142273,5.781448858991173,636.2398208673188,687.0125422791738,1.6088,941.8994696039503,3459.125802120507,199.9875892177653,1.0,10.377377406361523,15,Buy-stop just above the 20-day high (+0.1 ATR). Let price trigger it; don't anticipate.,Stop 551.6; to breakeven at +1.0R; trail 2.5×ATR from +1.0R; scale 1/2 at T1 (+1.5R); time-stop 15 bars if < +0.5R,55-day high sits before T1 (resistance),564.5900268554688,9.67099455463905,1.7129233770745935,49.471008946548196,86.0590764157077,19.401573101347534,0.008864213237635475,0.9390583390656686,-0.03605879074094698,0.0637982741850196,0.12962779558743565,0.020837100905110706,1.0843016243512376,1568976230.1049805,1.0,0.0,0.0,1.0,0.256934076597231,0.6548672566371682,0.2456844386604306,0.3907652638178528,0.13066797350121187,0.6920397788275179,0.13384034408860207,-0.2246278609407666,0.15568733516602726,,,,Financial Services,Mastercard Incorporated,0.0083,2026-10-05,False,max 6 positions in RISK_ON
ETN,Pullback in uptrend,True,59.468773520813414,,,False,True,favourable entry timing,426.99023413931627,399.8436207696824,6.3576661008075,467.7101541937671,508.4300742482179,2.006,856.5424096834683,3145.651999562537,199.99005082556073,1.0,9.436955998687614,15,"Limit near the 21-EMA, or at market on the first up-close / reclaim day.",Stop 399.8; to breakeven at +1.0R; trail 2.5×ATR from +1.0R; scale 1/2 at T1 (+1.5R); time-stop 15 bars if < +0.5R,,432.6000061035156,13.573306684816954,3.1376113021988803,54.20182589470008,29.863289800523475,10.967866360788516,0.413294423714335,0.9050209332709532,0.08934330031873161,0.09599770214832115,0.19503902535706108,0.06579130788319243,0.8400511950359971,883185920.1011658,0.0,0.0,0.0,1.0,0.35204576303621,0.7964601769911505,0.23961166175522866,0.48436732501457624,0.1832581933541819,0.7179795109424618,0.015869668976930106,0.29664703548444965,-0.4552749793706136,0.035025492633220225,0.6690233838922599,1.0,Industrials,"Eaton Corporation, PLC",0.02,2026-10-05,False,max 6 positions in RISK_ON
V,Pullback in uptrend,True,58.91789284983848,,,False,True,favourable entry timing,366.93401576947343,354.6969147949203,3.334959542764522,385.28966723130316,403.6453186931328,3.7103,1361.4352787094774,4999.871061060556,166.74367707676075,1.0,14.99961318318167,15,"Limit near the 21-EMA, or at market on the first up-close / reclaim day.",Stop 354.7; to breakeven at +1.0R; trail 2.5×ATR from +1.0R; scale 1/2 at T1 (+1.5R); time-stop 15 bars if < +0.5R,size capped at 25% of capital,369.7099914550781,6.118550487276571,1.654959462468303,53.033315784099166,90.92072147646087,15.629422916402044,0.4536982560456581,0.9588660539775745,-0.023868009359529707,0.05166608938416539,0.22363338804740462,0.10356719474081255,0.8104172031308454,2249021958.867798,0.0,0.0,0.0,1.0,0.22535759405474093,0.6283185840707964,0.22535759405474093,0.3910782683584683,0.25032257245622797,0.6261515893262835,0.0406903645061979,-0.5850199639152024,,,,,,,,2026-10-05,False,max 6 positions in RISK_ON
GILD,Pullback in uptrend,True,58.29242136445611,,,False,True,favourable entry timing,144.6300048828125,137.90083484906998,4.652679116753732,154.72375993342627,164.81751498404006,8.0929,1170.4761665161134,4298.573721530426,199.99884185990985,1.0,12.89572116459128,15,"Limit near the 21-EMA, or at market on the first up-close / reclaim day.",Stop 137.9; to breakeven at +1.0R; trail 2.5×ATR from +1.0R; scale 1/2 at T1 (+1.5R); time-stop 15 bars if < +0.5R,55-day high sits before T1 (resistance),144.6300048828125,3.364585016871258,2.3263395583768647,44.25356479082804,2.829155740156139,27.223727970047193,-0.9126074147657257,0.9360538245336233,-0.03819206159323196,0.06662219440455219,0.044747533755855606,0.39371682181874124,0.8619645946754687,878370188.0878448,0.0,0.0,0.0,1.0,0.2624670936217893,0.6902654867256637,0.2092432731291551,0.15499821077214457,0.2585960386228169,0.623245905276803,0.49337614643075844,-0.28499477347297986,-0.21654729081191834,,,,Healthcare,"Gilead Sciences, Inc.",0.0148,2026-10-05,False,max 6 positions in RISK_ON
KO,Pullback in uptrend,True,58.08197895607218,,,False,True,no dominant factor,86.51000213623047,84.04692571186801,2.8471579742695634,90.20461677277416,93.89923140931784,15.7377,1361.4684606193543,4999.992921624578,142.3576971809479,1.0,14.999978764873738,15,"Limit near the 21-EMA, or at market on the first up-close / reclaim day.",Stop 84.05; to breakeven at +1.0R; trail 2.5×ATR from +1.0R; scale 1/2 at T1 (+1.5R); time-stop 15 bars if < +0.5R,size capped at 25% of capital,86.51000213623047,1.2315382121812277,1.4235789871347817,44.86133874998556,70.19003675995378,15.921779630785883,-0.6119222506317848,0.9409257451649256,-0.020085372143315405,0.03541010006707901,0.134266865396927,0.37110616927250706,1.1242578509946466,1402083305.2368164,0.0,0.0,0.0,1.0,0.20383725743394354,0.6017699115044248,0.20383725743394354,0.08866896809904204,0.2582372858293026,0.43986712343850765,0.08935056195091279,0.05861566159153354,,,,,,,,2026-10-05,False,max 6 positions in RISK_ON
VRTX,Pullback in uptrend,True,57.81967931478388,,,False,True,volatility compression; Bollinger/Keltner squeeze on,503.5,479.8072427834442,4.705612158203729,539.0391358248337,574.5782716496674,2.2985,1157.29475,4250.164969375,199.9962795426258,1.0,12.750494908125,15,"Limit near the 21-EMA, or at market on the first up-close / reclaim day.",Stop 479.8; to breakeven at +1.0R; trail 2.5×ATR from +1.0R; scale 1/2 at T1 (+1.5R); time-stop 15 bars if < +0.5R,,503.5,11.846378608277895,2.352806079101866,38.35759443011024,2.434196757118144,17.580179616169183,-1.2616508607252852,0.8987059348505132,-0.09760559865940566,-0.03590234561991379,0.15933689650486227,0.3647059157225201,0.8631586761259399,524040105.87280273,1.0,0.0,0.0,1.0,0.19710963281508465,0.5929203539823009,0.19710963281508465,0.10370438381066929,0.05497536699514077,0.33000186209160726,0.9556298596231318,-0.21860277534905623,,,,,,,,2026-10-05,False,max 6 positions in RISK_ON
NVDA,Extended (wait),False,56.40028728172487,,2026-11-17,False,True,volume accumulation; quality/growth fundamentals; new 55-day high,238.89999389648438,219.60998805504363,8.074510813842517,267.8350026586455,296.7700114208066,2.8231,674.438572769165,2476.8756584947587,199.99559289059235,1.0,7.4306269754842775,15,Too far above the 21-EMA. Set an alert for a pullback toward it.,Stop 219.6; to breakeven at +1.0R; trail 2.5×ATR from +1.0R; scale 1/2 at T1 (+1.5R); time-stop 15 bars if < +0.5R,,238.89999389648438,5.92003313138797,2.478038209558568,67.01015770219968,98.35423291780094,17.27251708539482,2.19275503038932,0.995002031751245,0.04691318234445885,0.21447884700547548,0.3479287816506984,0.210976583034725,0.954377957553771,24589363393.67073,0.0,1.0,1.0,1.0,0.38429450853276775,0.831858407079646,0.42573991632734903,0.7045532550221489,0.7526712994552687,-0.8459403159983508,0.41609674792063717,0.6363850356565611,0.8158399602082661,0.3672031348030818,5.456357292384179,0.8,Technology,NVIDIA Corporation,0.0127,2026-10-05,False,max 6 positions in RISK_ON
XLV,Pullback in uptrend,True,55.67287523788688,,,False,True,favourable entry timing,167.3699951171875,162.62224067218455,2.8366819522691133,174.49162678469193,181.61325845219636,8.1344,1361.45448828125,4999.94160821289,141.83244122416912,1.0,14.999824824638672,15,"Limit near the 21-EMA, or at market on the first up-close / reclaim day.",Stop 162.6; to breakeven at +1.0R; trail 2.5×ATR from +1.0R; scale 1/2 at T1 (+1.5R); time-stop 15 bars if < +0.5R,size capped at 25% of capital,167.3699951171875,2.373877222501482,1.4183409761345596,46.83366654173365,58.02341873735195,14.275201840945305,-0.45004992110406267,0.9513620264280246,-0.030298079578650938,0.02171335083203596,0.15361978871962534,0.22552995087143746,1.0741189145280479,1371975812.0049286,0.0,0.0,0.0,1.0,0.14243516372635476,0.5663716814159292,0.14243516372635476,0.12542325739525456,0.1956193500759888,0.6089852103776937,-0.1513886239787122,-0.36250277175747136,,,,,,,,2026-10-05,False,max 6 positions in RISK_ON
SMH,Extended (wait),False,55.123888934643276,,,False,True,volume accumulation,633.9000244140625,585.2275248996474,7.678261183126616,706.9087736856852,779.9175229573078,1.1188,709.2073473144532,2604.563983012329,199.9852252973322,1.0,7.813691949036988,15,Too far above the 21-EMA. Set an alert for a pullback toward it.,Stop 585.2; to breakeven at +1.0R; trail 2.5×ATR from +1.0R; scale 1/2 at T1 (+1.5R); time-stop 15 bars if < +0.5R,55-day high sits before T1 (resistance),633.9000244140625,14.769832042035354,2.3299939222573247,69.4600898747638,98.17972067335904,19.057273954829952,2.6565471278636905,0.9435422774944143,0.1471227875859391,0.09020553978139034,0.6008384434232186,0.6388346962838856,0.6487167210302142,3612398608.394165,0.0,0.0,0.0,1.0,0.4198412889864255,0.8495575221238938,0.39030583830285637,0.6663396619054911,0.7940175297952468,-0.9758048998128674,0.23266518201400463,1.2720493312976016,,0.15402223283430302,3.2276763498574077,0.875,ETF,VanEck Semiconductor ETF,,2026-10-05,False,max 6 positions in RISK_ON
CSCO,No clean setup,False,52.01585426979801,,2026-11-12,False,True,volatility compression,112.81999969482422,103.82597640508075,7.972011446615951,126.31103462943942,139.80206956405462,6.055,683.1250981521606,2508.7769229638097,199.99998346873434,1.0,7.52633076889143,0,No actionable pattern today.,Stop 103.8; to breakeven at +1.0R; trail 2.5×ATR from +1.0R; scale 1/2 at T1 (+1.5R); time-stop 15 bars if < +0.5R,55-day high sits before T1 (resistance),112.81999969482422,2.569720939926704,2.277717556175985,59.50140455140689,99.50125910813426,25.624232861365556,1.4444347259617902,0.8719879080646619,0.04278946764192271,0.013126102403028694,0.4132404307056903,0.6228797828340975,0.8005838527362908,2025873104.5485687,0.0,1.0,0.0,0.0,0.35597797631091815,0.8053097345132744,0.3063882570901249,0.3157058441959152,0.3789240494320085,0.06560509862552737,0.6946895248766326,0.4760048257005695,-0.1504077048066183,0.36646646522052206,2.290169452850319,1.0,Technology,"Cisco Systems, Inc.",0.0146,2026-10-05,False,max 6 positions in RISK_ON
MDT,Pullback in uptrend,True,51.819305795978394,,,False,True,no dominant factor,87.97000122070312,83.78385053178461,4.758611607172895,94.24922725408089,100.52845328745867,13.0092,1144.4193398803711,4202.880025710663,199.99873673901877,1.0,12.60864007713199,15,"Limit near the 21-EMA, or at market on the first up-close / reclaim day.",Stop 83.78; to breakeven at +1.0R; trail 2.5×ATR from +1.0R; scale 1/2 at T1 (+1.5R); time-stop 15 bars if < +0.5R,,87.97000122070312,2.0930753444592596,2.3793058035864494,45.52474432815755,84.96255328315695,22.285987945668797,-0.4769182068981624,0.854751875533124,-0.04735252182894967,0.05799208396400779,0.037224157966313065,-0.0008027565822283922,2.828630305082187,1386694899.054985,0.0,0.0,0.0,1.0,0.045502733099955395,0.504424778761062,0.045502733099955395,0.10289349262341123,-0.12298123767987841,0.49639229857406214,0.11069447894629802,-0.38959495305487457,,,,,,,,2026-10-05,False,max 6 positions in RISK_ON
ADI,Extended (wait),False,51.58170099376356,,2026-11-24,False,True,volume accumulation,419.1000061035156,380.0027596910114,9.328858468889495,477.74587572227193,536.3917453410282,1.3929,583.7643985015869,2143.874753497078,199.99904150399593,1.0,6.431624260491235,15,Too far above the 21-EMA. Set an alert for a pullback toward it.,Stop 380; to breakeven at +1.0R; trail 2.5×ATR from +1.0R; scale 1/2 at T1 (+1.5R); time-stop 15 bars if < +0.5R,55-day high sits before T1 (resistance),419.1000061035156,11.170641832144058,2.6653881339684267,72.9717557593838,97.88314967855663,26.701506833911427,2.7294491235559946,0.942739344623076,0.17559609005193733,0.10908610165341259,0.2876599979597072,0.4936017994629356,0.7135695476854718,1203418878.715973,0.0,0.0,0.0,1.0,0.3694938521555006,0.8141592920353983,0.2948943011946392,0.6544216081369401,0.5543437442420476,-1.0430359598636259,-0.14145170193155512,1.9672538820919996,-0.019024642605975202,0.01201683730836208,0.556483311249069,1.0,Technology,"Analog Devices, Inc.",0.0199,2026-10-05,False,max 6 positions in RISK_ON
XLK,Extended (wait),False,51.457940752105415,,,False,True,volume accumulation,200.92999267578125,191.8386591734228,4.524627399468502,214.56699292931893,228.2039931828566,5.9901,1203.5907491271973,4420.187026169632,199.9969932938231,1.0,13.2605610785089,15,Too far above the 21-EMA. Set an alert for a pullback toward it.,Stop 191.8; to breakeven at +1.0R; trail 2.5×ATR from +1.0R; scale 1/2 at T1 (+1.5R); time-stop 15 bars if < +0.5R,55-day high sits before T1 (resistance),200.92999267578125,3.0853657477150147,1.5355426567369321,70.37466258274938,97.75259700270809,17.902117909403344,2.5952142901460205,0.9977158413264744,0.08170386816504416,0.12269499700402053,0.47246922755052,0.30490653967680914,1.1324029284607782,1424692593.7852478,0.0,0.0,0.0,1.0,0.29162684852456094,0.7345132743362832,0.29162684852456094,0.6378414521850441,0.7177067176873957,-1.0559638618581078,-0.2805659797691282,1.1275768621641993,,,,,ETF,State Street Technology Select ,,2026-10-05,False,max 6 positions in RISK_ON
SPY,Momentum continuation,True,51.18646140939751,,,False,True,no dominant factor,774.8300170898438,757.0999332030291,2.2882546488591724,801.4251429200658,828.0202687502878,1.5357,1189.906457244873,4369.931464231796,99.99515988224377,0.5,13.10979439269539,15,Half-size starter at market; add on a 2–3 day tight consolidation.,Stop 757.1; to breakeven at +1.0R; trail 2.5×ATR from +1.0R; scale 1/2 at T1 (+1.5R); time-stop 15 bars if < +0.5R,55-day high sits before T1 (resistance),774.8300170898438,6.760179297258536,0.8724725614850146,59.602473109467475,94.49410075459595,9.690360659157186,1.3311512259548373,0.9966435092337118,0.004635556513294725,0.038844003045465314,0.18184816748955024,0.16490206148549502,1.0798510415027545,35590588402.04956,0.0,0.0,0.0,1.0,0.02966710435210616,0.49557522123893805,0.02966710435210616,0.4660761379148325,0.3080269246592795,-0.06480310341218395,-1.1093945369724187,-0.2582835605703199,,,,,,,,2026-10-05,False,max 6 positions in RISK_ON
GOOGL,No clean setup,False,50.09041291144148,,,False,True,favourable entry timing; volatility compression; Bollinger/Keltner squeeze on,346.4700012207031,328.93754978119864,5.060308649445302,372.76867837995985,399.0673555392166,3.1061,1076.170470791626,3952.2360539822466,199.9953428861593,1.0,11.856708161946742,0,No actionable pattern today.,Stop 328.9; to breakeven at +1.0R; trail 2.5×ATR from +1.0R; scale 1/2 at T1 (+1.5R); time-stop 15 bars if < +0.5R,,346.4700012207031,8.766225719752237,2.5301543247226497,52.44086391794222,78.393119533224,13.644125940186168,0.3400630995829473,0.848975257978643,0.012300564877448128,-0.05541041173337835,0.15637122954996552,0.39667918116406864,1.0660541568095159,9437483372.266998,1.0,0.0,0.0,0.0,0.2582732973954387,0.672566371681416,0.2557710855811384,0.12989650531466254,-0.0687806551154456,0.5236548126693837,0.7327036568110411,0.4601591305076817,0.2357533910667363,,,,Communication Services,Alphabet Inc.,0.0149,2026-10-05,False,max 6 positions in RISK_ON
LRCX,Extended (wait),False,49.5577348076728,,,False,True,volume accumulation,345.79998779296875,298.4821143511776,13.683596041686526,416.7767979556555,487.75360811834224,1.1509,397.98120595092774,1461.585978854782,199.99752114841823,1.0,4.3847579365643465,15,Too far above the 21-EMA. Set an alert for a pullback toward it.,Stop 298.5; to breakeven at +1.0R; trail 2.5×ATR from +1.0R; scale 1/2 at T1 (+1.5R); time-stop 15 bars if < +0.5R,55-day high sits before T1 (resistance),345.79998779296875,13.519392411940332,3.9095988690532932,66.66541601547824,82.09783828421524,17.016506039793097,2.2425145490578196,0.7894351923520715,0.1828310806198019,0.06143975332934848,0.5699578607667861,0.9980936183561608,0.8096820423175377,2868868528.969116,0.0,0.0,0.0,1.0,0.2860753140201435,0.7256637168141593,0.2419192304646792,0.5851808239288775,0.582105925451211,-0.6850952843862166,-0.2380657024262903,0.9286846796809799,-0.11132943797903534,,,,Technology,Lam Research Corporation,0.0233,2026-10-05,False,max 6 positions in RISK_ON
ARM,No clean setup,False,49.1330920407811,,,False,True,volume accumulation,302.8999938964844,265.97080601825974,12.19187475152117,358.29377571382133,413.6875575311583,1.4746,446.6563309997558,1640.3453755966032,199.98885368510733,1.0,4.92103612678981,0,No actionable pattern today.,Stop 266; to breakeven at +1.0R; trail 2.5×ATR from +1.0R; scale 1/2 at T1 (+1.5R); time-stop 15 bars if < +0.5R,55-day high sits before T1 (resistance),302.8999938964844,18.464593939112333,6.095937375760589,56.786885435659194,59.51591365400225,19.482233443789582,0.8720065286006075,0.669096500394969,0.24860875744682875,0.008221553376558832,1.036028669742767,0.5944657368010651,0.8576915076387337,1712875150.9684753,0.0,0.0,0.0,1.0,0.2309187884463588,0.6371681415929203,0.2309187884463588,0.6254463714978018,0.3386543830426105,0.2033307577074883,-1.2867846490953587,0.7316101195028667,,,,,,,,2026-10-05,False,max 6 positions in RISK_ON
TXN,Extended (wait),False,48.757585728035,,,False,True,volume accumulation,294.8999938964844,266.7874670326211,9.532901812718007,337.0687841922793,379.23757448807413,1.9371,571.2507781768799,2097.9184828545913,199.99250908139146,1.0,6.293755448563775,15,Too far above the 21-EMA. Set an alert for a pullback toward it.,Stop 266.8; to breakeven at +1.0R; trail 2.5×ATR from +1.0R; scale 1/2 at T1 (+1.5R); time-stop 15 bars if < +0.5R,55-day high sits before T1 (resistance),294.8999938964844,8.03215053253236,2.7236862322051456,71.05715034120692,97.3643574984339,19.926706473461397,2.4276510971772414,0.8873750873902672,0.16180117310468778,0.01060323182766254,0.4939122116132775,0.4282769419475718,0.6988971926858017,1578809739.6995544,0.0,0.0,0.0,1.0,0.34009783355553985,0.7876106194690266,0.22122066501985344,0.5162320012982865,0.3619738762262168,-0.8878248311062025,0.20036850588884822,1.9147527160526587,-0.3417834959842985,-0.16679252226148603,0.9996335001507177,0.9166666666666666,Technology,Texas Instruments Incorporated,0.0241,2026-10-05,False,max 6 positions in RISK_ON
ABNB,No clean setup,False,48.327994914414894,,,False,True,favourable entry timing,164.07000732421875,147.71305550442827,9.969495391968568,188.60543505390447,213.1408627835902,3.3293,546.2382753845214,2006.060066349655,199.99406587485046,1.0,6.018180199048966,0,No actionable pattern today.,Stop 147.7; to breakeven at +1.0R; trail 2.5×ATR from +1.0R; scale 1/2 at T1 (+1.5R); time-stop 15 bars if < +0.5R,,164.07000732421875,5.147777982286952,3.137549675434845,48.37662917508426,95.67593486589175,21.10204745808398,-0.033038679366729586,0.8481130033626394,-0.11433194426872473,0.10262099435004379,0.293825490757609,0.5248168841662713,0.8368508169343467,817748730.3786469,0.0,0.0,0.0,0.0,0.21015787677086897,0.6194690265486725,0.21015787677086897,0.04696117160342484,0.3675141200273405,0.565430117129882,-0.04189173418948753,-0.1376980706135851,,,,,,,,2026-10-05,False,max 6 positions in RISK_ON
AMZN,No clean setup,False,48.18082679210059,,,False,True,volatility compression; Bollinger/Keltner squeeze on,251.39999389648438,240.31453867486204,4.409489057580029,268.02817672891786,284.6563595613514,4.9126,1235.0276100158692,4535.638897783279,199.99850088909716,1.0,13.60691669334984,0,No actionable pattern today.,Stop 240.3; to breakeven at +1.0R; trail 2.5×ATR from +1.0R; scale 1/2 at T1 (+1.5R); time-stop 15 bars if < +0.5R,,251.39999389648438,5.542727610811166,2.2047445287900134,48.415046099155845,80.3276375652439,8.88717211690245,-0.08355782977652117,0.8753481309578077,-0.028968714472039414,0.02203430467146128,0.18144650513914806,0.1640663173128285,0.9112524381219009,8948386563.598633,1.0,0.0,0.0,0.0,0.20637558771888806,0.6106194690265486,0.20637558771888806,-0.11421832870187207,0.027651965578810472,0.4602814847863552,1.026980983328009,0.09290823470028033,,,,,,,,2026-10-05,False,max 6 positions in RISK_ON
SHOP,Extended (wait),False,47.403713180677975,,,False,True,strong trend structure; volume accumulation; new 55-day high,160.11000061035156,136.2807728310358,14.883035218585306,195.85384227932522,231.59768394829888,2.2853,365.89938439483643,1343.7654891900368,199.9930910113483,1.0,4.031296467570111,15,Too far above the 21-EMA. Set an alert for a pullback toward it.,Stop 136.3; to breakeven at +1.0R; trail 2.5×ATR from +1.0R; scale 1/2 at T1 (+1.5R); time-stop 15 bars if < +0.5R,,160.11000061035156,6.80835079409022,4.252295776738658,67.61144546636037,99.3602712621742,16.044666460519814,2.3539527698214227,0.8788078295451157,0.09754589560762783,0.313669217414275,0.3477272432442291,-0.03582285564853027,0.7042017145063325,1470105522.5886917,0.0,1.0,1.0,1.0,0.2580861550385298,0.6637168141592921,0.18646369073839808,1.2106050949611082,0.5724977399994517,-0.9685978862472363,-0.9474854955277052,0.6126170252859513,-0.3865160236626551,,,,Technology,Shopify Inc.,0.0136,2026-10-05,False,max 6 positions in RISK_ON
AMAT,No clean setup,False,47.175504925472566,,,False,True,volume accumulation,542.280029296875,475.76472042680723,12.265859938879197,642.0529926019767,741.8259559070783,0.8187,443.96465998535155,1630.4602137962036,199.98996618339265,1.0,4.891380641388611,0,No actionable pattern today.,Stop 475.8; to breakeven at +1.0R; trail 2.5×ATR from +1.0R; scale 1/2 at T1 (+1.5R); time-stop 15 bars if < +0.5R,55-day high sits before T1 (resistance),542.280029296875,19.004373962876514,3.504531411108344,69.65923514156168,99.41710922917551,20.028740592556822,2.772110284369782,0.7339217511472943,0.24401831740759294,-0.02099209892780607,0.5414177975168066,0.9603784995573541,0.8638518477447257,2949737406.9311523,0.0,0.0,0.0,0.0,0.1806345733716035,0.584070796460177,0.1806345733716035,0.37826220888511763,0.2815611724461501,-1.0521330098186537,-0.19705212615972476,1.759900878974922,,,,,,,,2026-10-05,False,max 6 positions in RISK_ON
COST,No clean setup,False,47.08105449958729,,,False,True,favourable entry timing; volume accumulation,923.52001953125,879.2773342760881,4.790657952127347,989.8840474139928,1056.2480752967356,1.2309,1136.7607920410157,4174.75400877063,199.9981849029254,1.0,12.524262026311892,0,No actionable pattern today.,Stop 879.3; to breakeven at +1.0R; trail 2.5×ATR from +1.0R; scale 1/2 at T1 (+1.5R); time-stop 15 bars if < +0.5R,55-day high sits before T1 (resistance),923.52001953125,15.290565239397308,1.655683137996112,52.78206207074454,80.06798815915535,12.137824458317084,0.4767053831755085,0.8435825743272194,-0.002042287924409525,-0.02375903579010996,-0.0905399748949528,0.015313899584088686,1.0321744950437162,2176354102.976074,0.0,0.0,0.0,0.0,0.1782243237484162,0.5752212389380531,0.1782243237484162,-0.18990555105191337,-0.3683486507195364,0.7477324292767027,0.2227619384587647,1.3821167365161784,,,,,,,,2026-10-05,False,max 6 positions in RISK_ON
CAT,No clean setup,False,45.08687154183484,,,False,True,volatility compression; volume accumulation,848.1400146484375,788.145576290188,7.073647902713062,938.1316721858117,1028.1233297231859,0.9077,769.8566912963867,2827.29869878598,199.99315511010815,1.0,8.481896096357941,0,No actionable pattern today.,Stop 788.1; to breakeven at +1.0R; trail 2.5×ATR from +1.0R; scale 1/2 at T1 (+1.5R); time-stop 15 bars if < +0.5R,55-day high sits before T1 (resistance),848.1400146484375,24.21774366737268,2.85539453971066,59.55585715205771,88.90462955320915,10.89877150713498,1.1718387019350283,0.7915650336995261,0.05998950073893017,-0.09616495727802155,0.18037151320934153,0.6457234520501032,0.8385646941813986,1897600485.196228,0.0,0.0,0.0,0.0,0.12761329778334857,0.5575221238938053,0.12761329778334857,0.01666145182055659,-0.12281449511907398,0.01765054748922578,0.5276870431533809,0.7404568520361406,,,,,,,,2026-10-05,False,max 6 positions in RISK_ON
QQQ,Extended (wait),False,45.03453589402551,,,False,True,volume accumulation; new 55-day high,756.2000122070312,729.2873005225221,3.558940921722846,796.569079733795,836.9381472605588,1.8004,1361.462501977539,4999.971038512512,177.94601536391255,1.0,14.999913115537538,15,Too far above the 21-EMA. Set an alert for a pullback toward it.,Stop 729.3; to breakeven at +1.0R; trail 2.5×ATR from +1.0R; scale 1/2 at T1 (+1.5R); time-stop 15 bars if < +0.5R,size capped at 25% of capital,756.2000122070312,9.370817441161742,1.2391982663174324,68.60352048461901,97.63921846198564,14.847400667227673,2.4576702868226334,0.9990488153049456,0.054785666518957665,0.06703690108913785,0.2877143119059711,0.18912945697093164,0.8687166306496327,24448366205.71411,0.0,1.0,1.0,1.0,0.12629136419288614,0.5486725663716814,0.12629136419288614,0.5258235351852691,0.44396354729261434,-0.8784230444965604,-0.9470799365528362,1.1134894782386917,,,,,,,,2026-10-05,False,max 6 positions in RISK_ON
PG,No clean setup,False,45.025327491994666,,,False,True,favourable entry timing; volume accumulation; Bollinger/Keltner squeeze on,145.94000244140625,141.30184580304672,3.178125641200887,152.89723739894555,159.85447235648485,9.3289,1361.459688775635,4999.960707028519,158.90503328004252,1.0,14.999882121085559,0,No actionable pattern today.,Stop 141.3; to breakeven at +1.0R; trail 2.5×ATR from +1.0R; scale 1/2 at T1 (+1.5R); time-stop 15 bars if < +0.5R,size capped at 25% of capital,145.94000244140625,2.319078319179766,1.5890628206004431,49.71918094068239,67.53077259764594,7.424175574639147,-0.05523108156471913,0.8857195281613545,-0.006670267763086657,-0.03745040481266548,0.03758897832300101,-0.005324331212244071,0.8488776729243243,1175932702.2460175,1.0,0.0,0.0,0.0,0.1260588005778473,0.5398230088495575,0.1260588005778473,-0.1735243656888485,-0.23461064378079305,0.8112673635065526,0.12458631800928481,0.600558382183344,,,,,,,,2026-10-05,False,max 6 positions in RISK_ON
QCOM,Pullback in uptrend,True,44.58385835190049,,,False,True,favourable entry timing,180.7899932861328,164.55990889329607,8.977313455147765,205.13511987538794,229.48024646464305,3.3554,606.62274347229,2227.8220254019852,199.99856644315787,1.0,6.683466076205957,15,"Limit near the 21-EMA, or at market on the first up-close / reclaim day.",Stop 164.6; to breakeven at +1.0R; trail 2.5×ATR from +1.0R; scale 1/2 at T1 (+1.5R); time-stop 15 bars if < +0.5R,,180.7899932861328,8.115042196418377,4.488656727573886,49.084986617923256,22.561131894146754,15.938653221387838,-0.3220063146446762,0.7019286867514607,0.07249205333669351,-0.0065368612819509675,0.4510881489670373,0.019132176157385716,0.8044307449654335,2823946490.453949,0.0,0.0,0.0,1.0,-0.13593690227978486,0.40707964601769914,-0.13593690227978486,-0.21574063033728796,-0.2788422388487805,0.587729836598579,-0.38588890898721906,-0.4546142063524012,,,,,,,,2026-10-05,False,max 6 positions in RISK_ON
TSM,Extended (wait),False,43.912361446123555,Earnings in 9d — binary gap risk,2026-10-15,False,True,volume accumulation; quality/growth fundamentals; new 55-day high,485.79998779296875,447.5745424489027,7.868556258662649,543.1381558090678,600.4763238251669,1.4246,692.0706626098633,2541.629508434723,199.98954775795713,1.0,7.62488852530417,15,Too far above the 21-EMA. Set an alert for a pullback toward it.,Stop 447.6; to breakeven at +1.0R; trail 2.5×ATR from +1.0R; scale 1/2 at T1 (+1.5R); time-stop 15 bars if < +0.5R,,485.79998779296875,10.921555812590297,2.248158931046472,75.79375329960756,99.41076387171498,19.48636068645536,3.54398128256146,0.9965741206155202,0.1680852631313241,0.12606799546989245,0.42861653163397784,0.4588037979785091,0.899495106381063,4467711795.150604,0.0,1.0,1.0,1.0,0.32069658756326075,0.7610619469026548,0.357226505104335,0.6820653688809367,0.7690582477185322,-1.3873098319819523,-0.12203266791896918,1.481793759339779,0.6494658454329286,,,,Technology,Taiwan Semiconductor Manufactur,0.0057,2026-10-05,False,max 6 positions in RISK_ON
HON,No clean setup,False,43.88234370654488,,,False,True,volatility compression; volume accumulation,214.13999938964844,205.43054501802345,4.067177732534356,227.20418094708592,240.2683625045234,6.2528,1338.9745881835936,4917.384175104247,199.99875419300818,1.0,14.752152525312745,0,No actionable pattern today.,Stop 205.4; to breakeven at +1.0R; trail 2.5×ATR from +1.0R; scale 1/2 at T1 (+1.5R); time-stop 15 bars if < +0.5R,,214.13999938964844,4.237841900562463,1.9790052828249522,52.941451103826616,89.64842160307168,20.329407422949583,0.5377489579359671,0.829722997108229,0.03135382340577508,-0.045623065464198476,-0.09767034399926955,0.01495978235922557,0.6623418743625723,607754100.9325409,0.0,0.0,0.0,0.0,0.09725435793619226,0.5309734513274337,0.09725435793619226,-0.16221222572324626,-0.4412597727140902,0.4891371178309679,0.6480676534440314,0.8238354165307727,,,,,,,,2026-10-05,False,max 6 positions in RISK_ON
UNH,No clean setup,False,43.632069383543396,,,False,True,favourable entry timing; volatility compression,378.5799865722656,360.39506352173424,4.803455992267604,405.8573711480627,433.13475572385977,2.9947,1133.733485787964,4163.6362265562975,199.99843382074317,1.0,12.490908679668895,0,No actionable pattern today.,Stop 360.4; to breakeven at +1.0R; trail 2.5×ATR from +1.0R; scale 1/2 at T1 (+1.5R); time-stop 15 bars if < +0.5R,,378.5799865722656,8.819770327125424,2.3296979872024624,48.07911450215146,85.99082922471575,32.40899775932615,0.036061129083187676,0.8251616483751755,-0.04995481941205271,-0.11041564390319669,0.3615535394406608,0.15655596851428122,0.9197978905973015,1928963846.29776,0.0,0.0,0.0,0.0,0.09096195549083105,0.5221238938053098,0.09096195549083105,-0.3697666931089478,-0.20407266013449699,0.8005142779133357,0.6672952999024857,0.10934396370829709,,,,,,,,2026-10-05,False,max 6 positions in RISK_ON
ASML,Extended (wait),False,42.445658067540606,Earnings in 8d — binary gap risk,2026-10-14,False,True,volume accumulation,1859.8599853515625,1687.1191524715096,9.287840710622117,2118.971234671642,2378.0824839917213,0.3152,586.2278673828125,2152.921842963379,199.95995139862862,1.0,6.4587655288901376,15,Too far above the 21-EMA. Set an alert for a pullback toward it.,Stop 1687; to breakeven at +1.0R; trail 2.5×ATR from +1.0R; scale 1/2 at T1 (+1.5R); time-stop 15 bars if < +0.5R,55-day high sits before T1 (resistance),1859.8599853515625,49.35452368001515,2.653668774463463,63.666886048571044,75.4629927351044,18.059502672415363,2.060007350194194,0.9311512939256924,0.1297967133505784,0.06580817517451631,0.43122597553873043,0.6085041730424547,1.0085221959759814,2358289265.405884,0.0,0.0,0.0,1.0,0.45318328303868527,0.8761061946902655,0.3178173158732267,0.62079483159492,0.6005697679916049,-0.33058442729701937,0.3378337767379049,1.040495045348254,-0.19110696625420553,-0.25618613932301026,1.8801345040067647,0.8333333333333334,Technology,ASML Holding N.V. - New York Re,0.0038,2026-10-05,False,max 6 positions in RISK_ON
BLK,No clean setup,False,42.40662941297146,,,False,True,volatility compression; Bollinger/Keltner squeeze on,1066.449951171875,1018.6935841864849,4.4780692176799,1138.0845016499602,1209.7190521280452,1.1403,1216.072879321289,4466.027649307434,199.99180941670946,1.0,13.398082947922305,0,No actionable pattern today.,Stop 1019; to breakeven at +1.0R; trail 2.5×ATR from +1.0R; scale 1/2 at T1 (+1.5R); time-stop 15 bars if < +0.5R,,1066.449951171875,23.878183492695,2.2390346088399475,45.46917605850118,66.73453635638339,21.103112039214587,-0.4277380571701746,0.8928640614144427,-0.048152820995563506,0.06190896813200286,0.12356893425764182,-0.01395572495416153,0.8950273584646264,573184367.5201416,1.0,0.0,0.0,0.0,0.06021226292695205,0.5132743362831859,0.06021226292695205,-0.41926452442212253,0.011336084791229203,0.4483333774124493,0.6606612485517122,-0.041274374388597566,,,,,,,,2026-10-05,False,max 6 positions in RISK_ON
DHR,No clean setup,False,42.38755715440351,Earnings in 15d — binary gap risk,2026-10-21,False,True,strong trend structure; volume accumulation,221.2100067138672,208.90524184713655,5.562481123490367,239.66715401396314,258.1243013140591,4.4258,979.0312477142334,3595.492257230522,199.9985781050055,1.0,10.786476771691566,0,No actionable pattern today.,Stop 208.9; to breakeven at +1.0R; trail 2.5×ATR from +1.0R; scale 1/2 at T1 (+1.5R); time-stop 15 bars if < +0.5R,55-day high sits before T1 (resistance),221.2100067138672,6.152382433365311,2.7812405617451805,57.85187589236905,73.48016431667483,26.573191294913144,0.8907267206357221,0.9165367628729147,0.05009729387995998,0.1411608950369816,0.15584938896857814,0.0089475643975645,1.0456248879370087,945991464.5631409,0.0,0.0,0.0,1.0,0.4311832591491018,0.8672566371681416,0.31626933032407534,1.0539909302146253,0.23580737260879708,0.16746816179170573,-0.42098653638432637,0.9217500749383385,-0.2949847393329934,0.008211969380931716,0.5378729184683954,1.0,Healthcare,Danaher Corporation,0.013300001,2026-10-05,False,max 6 positions in RISK_ON
AVGO,No clean setup,False,40.0706609485933,,,False,True,volatility compression,362.510009765625,340.6118097043504,6.040715972348611,395.35730985753696,428.20460994944887,2.4869,901.5261432861328,3310.8547612183224,199.9993323821797,1.0,9.932564283654969,0,No actionable pattern today.,Stop 340.6; to breakeven at +1.0R; trail 2.5×ATR from +1.0R; scale 1/2 at T1 (+1.5R); time-stop 15 bars if < +0.5R,,362.510009765625,10.712795362286094,2.955172291438871,52.24868213155734,84.12220921065264,20.1315236491246,0.5470781817104939,0.7348381794544057,0.01682755890912513,-0.020523952114324007,0.15683908758472587,0.06204262372341929,0.9487736230476275,8664891766.000824,0.0,0.0,0.0,0.0,0.0017665248908604622,0.48672566371681414,0.0017665248908604622,-0.3511040765478563,-0.40423720335519714,0.49401046235974133,0.8258420155598489,0.16007565151112824,,,,,,,,2026-10-05,False,max 6 positions in RISK_ON
KLAC,No clean setup,False,39.830858520251404,,,False,True,volume accumulation,206.85000610351562,180.20757349018376,12.880073399658965,246.81365502351343,286.77730394351124,2.044,422.80141247558595,1552.7381873165893,199.99381823091082,1.0,4.658214561949769,0,No actionable pattern today.,Stop 180.2; to breakeven at +1.0R; trail 2.5×ATR from +1.0R; scale 1/2 at T1 (+1.5R); time-stop 15 bars if < +0.5R,55-day high sits before T1 (resistance),206.85000610351562,7.612123603809103,3.6800209713311323,67.19154681908252,95.4115812329353,15.632436949001505,2.21063547996824,0.6737281177768686,0.19607958357464694,-0.04336031273847851,0.3463638917908991,0.5261918505086085,0.7646500900501729,1718803881.6561127,0.0,0.0,0.0,0.0,-0.0042285531236310216,0.4778761061946903,-0.0042285531236310216,0.154852714051997,-0.22137677488588192,-0.565386071352689,-0.10494359187467127,1.1629307830253672,,,,,,,,2026-10-05,False,max 6 positions in RISK_ON
PGR,No clean setup,False,38.95001019901972,,,False,True,favourable entry timing,212.6199951171875,199.7368825972141,6.059219648120464,231.9446638971476,251.26933267710768,4.2271,898.7659813598633,3300.718066544098,199.99775761710185,1.0,9.902154199632294,0,No actionable pattern today.,Stop 199.7; to breakeven at +1.0R; trail 2.5×ATR from +1.0R; scale 1/2 at T1 (+1.5R); time-stop 15 bars if < +0.5R,55-day high sits before T1 (resistance),212.6199951171875,4.50475539373363,2.1186885039907897,50.443029683777134,82.0744679544077,13.80911754646338,0.19761881922420238,0.8886398273630157,-0.049794036155558885,-0.09248032528890415,0.08370030211442758,-0.02128026933423821,1.0923766232529497,614312637.9966736,0.0,0.0,0.0,0.0,-0.026253604683361194,0.4690265486725664,-0.026253604683361194,-0.15142452615606675,-0.306783027028494,0.9070448502068386,-0.06604077880815731,-0.43474871408562127,,,,,,,,2026-10-05,False,max 6 positions in RISK_ON
UNP,No clean setup,False,38.607181032950194,,,False,True,favourable entry timing,277.05999755859375,267.1598163438788,3.573298672473002,291.9102693806662,306.76054120273864,4.9139,1361.4451220031738,4999.907210556656,178.6616179797029,1.0,14.99972163166997,0,No actionable pattern today.,Stop 267.2; to breakeven at +1.0R; trail 2.5×ATR from +1.0R; scale 1/2 at T1 (+1.5R); time-stop 15 bars if < +0.5R,size capped at 25% of capital,277.05999755859375,4.950090607357469,1.7866493362364966,42.927602414377,66.88630182025011,30.87745330489269,-0.5094917304644083,0.8808688292645437,-0.0418121964139444,-0.01686299369901012,0.13949608119844426,0.25892915510915837,0.9954237529609399,705174903.8809204,0.0,0.0,0.0,0.0,-0.03482948501107005,0.46017699115044247,-0.03482948501107005,-0.554958219046343,-0.011861711751373405,0.6790092851290636,0.23696788581639705,-0.3945469761274331,,,,,,,,2026-10-05,False,max 6 positions in RISK_ON
LIN,No clean setup,False,37.240898643978035,,,False,True,volume accumulation,482.3800048828125,453.18337936700374,6.052619349946248,526.1749431565256,569.9698814302387,1.8652,899.7351851074219,3304.2774673070066,199.99533736213766,1.0,9.91283240192102,0,No actionable pattern today.,Stop 453.2; to breakeven at +1.0R; trail 2.5×ATR from +1.0R; scale 1/2 at T1 (+1.5R); time-stop 15 bars if < +0.5R,55-day high sits before T1 (resistance),482.3800048828125,8.346438586672582,1.73026213818714,58.88360684924056,86.29249438982072,20.099569747982716,1.1574148017527321,0.8828320893696481,0.00039404060732128876,-0.10081455933074046,-0.02797172952785998,0.04100534312046711,1.1291173723317094,1005635641.2510681,0.0,0.0,0.0,0.0,-0.06904767558361549,0.45132743362831856,-0.06904767558361549,-0.13722448533471587,-0.37482898699960193,0.11689948348050853,-0.147544115209015,0.6313349234877649,,,,,,,,2026-10-05,False,max 6 positions in RISK_ON
REGN,No clean setup,False,36.997356710229376,,,False,True,distribution in volume,726.469970703125,684.2063010461143,5.817676072158246,789.8654751886411,853.2609796741572,1.2885,936.0565572509765,3437.6677065042113,199.99237160160664,1.0,10.313003119512635,0,No actionable pattern today.,Stop 684.2; to breakeven at +1.0R; trail 2.5×ATR from +1.0R; scale 1/2 at T1 (+1.5R); time-stop 15 bars if < +0.5R,,726.469970703125,21.131834828505358,2.9088380360791226,32.90516397343379,6.938686119273925,21.326538269014826,-2.1648929300465256,0.8453812786557294,-0.1387127035506286,0.07554866384190739,-0.04539131309338307,0.41299183691539954,1.0611237411322763,590951893.5839844,0.0,0.0,0.0,0.0,-0.0751565161123443,0.4424778761061947,-0.0751565161123443,0.5040688284429271,0.04019080023360329,-0.3694064574861086,-0.23396242921092297,-0.9217946709285308,,,,,,,,2026-10-05,False,max 6 positions in RISK_ON
JPM,No clean setup,False,36.96131226469957,,,False,True,no dominant factor,332.3800048828125,319.93046711864775,3.7455736149212973,351.05431152905965,369.72861817530674,4.0961,1361.4617380004881,4999.968232806793,187.2774908824579,1.0,14.99990469842038,0,No actionable pattern today.,Stop 319.9; to breakeven at +1.0R; trail 2.5×ATR from +1.0R; scale 1/2 at T1 (+1.5R); time-stop 15 bars if < +0.5R,size capped at 25% of capital,332.3800048828125,6.224768882082379,1.8727868074606504,34.50131263627736,34.75244072851784,25.16320371151335,-1.5785729112029014,0.9069031511127217,-0.081975343522942,-0.020163894561866957,0.13006376500743722,0.19976089691768983,1.0579468558307534,2899904536.2065125,0.0,0.0,0.0,0.0,-0.07606092818462082,0.4336283185840708,-0.07606092818462082,-0.4140282320573174,0.00047795638339703794,0.024183834030147507,-0.19479876834785778,0.37689716498181225,,,,,,,,2026-10-05,False,max 6 positions in RISK_ON
XLI,No clean setup,False,36.14777493991019,,,False,True,favourable entry timing,170.10000610351562,165.31316884513836,2.8141311502741484,177.28026199108152,184.4605178786474,8.0039,1361.4634388519287,4999.974479183708,140.70583932446635,1.0,14.999923437551127,0,No actionable pattern today.,Stop 165.3; to breakeven at +1.0R; trail 2.5×ATR from +1.0R; scale 1/2 at T1 (+1.5R); time-stop 15 bars if < +0.5R,size capped at 25% of capital,170.10000610351562,2.393418629188627,1.4070655751370722,45.074317813316426,79.30322799947324,28.704459564209717,-0.2599579577415423,0.9063030389771163,-0.02293094230145587,-0.06482524354431196,0.03867800412949007,0.14190792995121027,1.0342115204785045,1264369157.4906158,0.0,0.0,0.0,0.0,-0.09649686013026898,0.4247787610619469,-0.09649686013026898,-0.6209921623544478,-0.16889841377443326,0.6236718333433005,-0.043815192417700134,0.0005629205055762224,,,,,,,,2026-10-05,False,max 6 positions in RISK_ON
MELI,No clean setup,False,34.85795202936191,,,False,True,no dominant factor,1860.6099853515625,1652.4814275699232,11.186038956053082,2172.802822024021,2484.9956586964804,0.2616,486.73557216796877,1787.5363887868652,199.9545168033232,1.0,5.362609166360596,0,No actionable pattern today.,Stop 1652; to breakeven at +1.0R; trail 2.5×ATR from +1.0R; scale 1/2 at T1 (+1.5R); time-stop 15 bars if < +0.5R,55-day high sits before T1 (resistance),1860.6099853515625,63.834055345307576,3.4308133272350534,55.10779773368192,93.12973401424941,23.77765892650081,0.9379476806549232,0.766313832517118,-0.06551789971334265,0.02591516388838655,0.08784063720907431,-0.11374522743459792,1.279590647534416,1260825984.5239258,0.0,0.0,0.0,0.0,-0.12900729414555343,0.415929203539823,-0.12900729414555343,0.13234788391639937,-0.3859909196437805,0.2015078375418114,-0.6653332026493018,0.03129462444880997,,,,,,,,2026-10-05,False,max 6 positions in RISK_ON
TSLA,No clean setup,False,34.57993541381222,,,False,True,Bollinger/Keltner squeeze on,378.7300109863281,342.69356392726576,9.515075651177602,432.7846815749217,486.83935216351523,1.5112,572.336792602539,2101.9068708328246,199.99802887704317,1.0,6.305720612498475,0,No actionable pattern today.,Stop 342.7; to breakeven at +1.0R; trail 2.5×ATR from +1.0R; scale 1/2 at T1 (+1.5R); time-stop 15 bars if < +0.5R,55-day high sits before T1 (resistance),378.7300109863281,12.745763822187014,3.3653957839235313,58.771516795035026,94.17072179892779,17.837217497379026,1.1468854328953577,0.7592366561376747,0.006270467624300835,-0.0599900304698594,0.07343688885052302,-0.13676606624498278,1.0752229179287993,13543779954.740448,1.0,0.0,0.0,0.0,-0.13603614102681155,0.39823008849557523,-0.13603614102681155,0.11464666917154327,-0.577038351800371,-0.06758176853546335,0.255619997314251,-0.02923393156770726,,,,,,,,2026-10-05,False,max 6 positions in RISK_ON
ACN,No clean setup,False,33.959473470619024,,,False,True,no dominant factor,195.0500030517578,169.69046750677964,13.001556087260788,233.08930636922508,271.12860968669236,2.1474,418.85037655334474,1538.2280078921585,199.9935771960533,1.0,4.614684023676476,0,No actionable pattern today.,Stop 169.7; to breakeven at +1.0R; trail 2.5×ATR from +1.0R; scale 1/2 at T1 (+1.5R); time-stop 15 bars if < +0.5R,55-day high sits before T1 (resistance),195.0500030517578,9.678132414287667,4.961872475192687,56.35323140621218,43.38692859354992,18.81751364127013,0.8627757077665112,0.683875503130722,0.009993827585792703,0.38873872860867853,0.0005996805043797515,-0.19333909293038676,1.9967192786349608,1326756999.0344238,0.0,0.0,0.0,1.0,-0.1517543531410345,0.3893805309734513,-0.1517543531410345,0.47306000647148,0.008187416359494992,0.11863847604588976,-1.7309632871635545,-0.6276178058752532,,,,,,,,2026-10-05,False,max 6 positions in RISK_ON
ISRG,No clean setup,False,32.9809419465919,,,False,True,weak momentum; volume accumulation,406.4800109863281,382.92414447908095,5.795086073258218,441.8138107471989,477.14761050806965,2.3119,939.741137399292,3451.1993270989,199.99997156508965,1.0,10.353597981296703,0,No actionable pattern today.,Stop 382.9; to breakeven at +1.0R; trail 2.5×ATR from +1.0R; scale 1/2 at T1 (+1.5R); time-stop 15 bars if < +0.5R,55-day high sits before T1 (resistance),406.4800109863281,11.777933253623582,2.8975430366291075,59.17875182347192,68.52370698866989,14.253926822866688,1.0824868774919523,0.6731138764318064,0.099099655908786,-0.048724496609927614,-0.10186039364022226,-0.1651881934497944,0.6758250746188453,926673681.2332153,0.0,0.0,0.0,0.0,-0.17664297303953222,0.3805309734513274,-0.17664297303953222,-0.2674910337479321,-0.8599292003056831,-0.011081102791209423,-0.44841988586482756,1.736702823995456,,,,,,,,2026-10-05,False,max 6 positions in RISK_ON
TJX,No clean setup,False,32.2983078207091,,,False,True,no dominant factor,134.41000366210938,127.84417173404742,4.8849280181314985,144.25875155420232,154.10749944629524,8.2942,1114.8234523742676,4094.1891288444976,199.99819187021876,1.0,12.282567386533493,0,No actionable pattern today.,Stop 127.8; to breakeven at +1.0R; trail 2.5×ATR from +1.0R; scale 1/2 at T1 (+1.5R); time-stop 15 bars if < +0.5R,,134.41000366210938,2.9033423606853206,2.1600641928289614,52.750384417007275,77.42854474233307,28.50324407618536,0.7176432061851133,0.7931417500067791,0.016794017548241946,-0.1250788390051396,-0.164035836197718,-0.06096729255811073,1.0859101975747856,1206309962.2313309,0.0,0.0,0.0,0.0,-0.19408713704246885,0.37168141592920356,-0.19408713704246885,-0.2489351946231877,-0.7405630191861289,0.426488419806366,-0.13329180595866985,0.29014001712106796,,,,,,,,2026-10-05,False,max 6 positions in RISK_ON
SNPS,Extended (wait),False,31.85129837538677,,,False,True,volume accumulation,488.4700012207031,420.0005323035882,14.01712873789739,591.1742045963755,693.8784079720479,0.7953,388.4801919708252,1426.6935050128557,199.9814652928725,1.0,4.280080515038568,15,Too far above the 21-EMA. Set an alert for a pullback toward it.,Stop 420; to breakeven at +1.0R; trail 2.5×ATR from +1.0R; scale 1/2 at T1 (+1.5R); time-stop 15 bars if < +0.5R,55-day high sits before T1 (resistance),488.4700012207031,19.562705404889982,4.004893925113541,73.38162423493438,88.43048534707302,22.359938508880372,3.038827188817115,0.9054460200659815,0.1733323823239512,0.1187275170239479,0.23018609366245513,-0.11639604594782071,1.8653036787456934,1006246962.1710205,0.0,0.0,0.0,1.0,-0.2055504560763018,0.36283185840707965,-0.2055504560763018,0.28493229209198917,0.1583207577397459,-1.3444090464692786,-1.7050025595743081,1.1115460021344685,,,,,,,,2026-10-05,False,max 6 positions in RISK_ON
JNJ,No clean setup,False,31.85020976198154,,,False,True,distribution in volume,252.92999267578125,242.8520938322758,3.9844617622805254,268.0468409410394,283.1636892062976,5.3827,1361.4462715759278,4999.9114323625945,199.21955917038008,1.0,14.999734297087787,0,No actionable pattern today.,Stop 242.9; to breakeven at +1.0R; trail 2.5×ATR from +1.0R; scale 1/2 at T1 (+1.5R); time-stop 15 bars if < +0.5R,size capped at 25% of capital,252.92999267578125,5.038949421752716,1.9922308811402616,29.5698425380903,0.6636891450535529,16.61043357972001,-2.4539748112302284,0.89988254201745,-0.09158496092658219,-0.048879479702816475,0.060875668094541924,0.5308346708877794,1.2133376861283507,1826210056.735077,0.0,0.0,0.0,1.0,-0.20557841409046224,0.35398230088495575,-0.20557841409046224,0.10306248833032591,0.052401376732257005,-0.7298601406099687,0.22654472522300553,-1.1135102455230443,,,,,,,,2026-10-05,False,max 6 positions in RISK_ON
ABT,No clean setup,False,30.758077253367716,,,False,True,no dominant factor,100.0999984741211,94.4675072275252,5.626864467987041,108.54873534401493,116.99747221390876,9.6686,967.8268452468872,3554.344089169193,199.99812462345898,1.0,10.663032267507582,0,No actionable pattern today.,Stop 94.47; to breakeven at +1.0R; trail 2.5×ATR from +1.0R; scale 1/2 at T1 (+1.5R); time-stop 15 bars if < +0.5R,,100.0999984741211,2.3699613242741817,2.3675937666341613,40.861498174395024,78.35955669210537,31.329928218279168,-0.8870032800644809,0.7565463512411722,-0.07987868708773904,0.05189842779339249,-0.008343925489068926,-0.1630609078766868,1.0592376469440743,925119715.0511932,0.0,0.0,0.0,0.0,-0.23373463182457105,0.34513274336283184,-0.23373463182457105,-0.6292376792741844,-0.4448359329325294,0.1487051173891893,0.32890807137637434,-0.051277611177034214,,,,,,,,2026-10-05,False,max 6 positions in RISK_ON
SBUX,No clean setup,False,30.670736339107492,,,False,True,volatility compression,94.43000030517578,90.45161453090589,4.213052802512633,100.39757896658062,106.36515762798547,13.6886,1292.6145021774291,4747.126759246608,199.99895696926635,1.0,14.241380277739827,0,No actionable pattern today.,Stop 90.45; to breakeven at +1.0R; trail 2.5×ATR from +1.0R; scale 1/2 at T1 (+1.5R); time-stop 15 bars if < +0.5R,,94.43000030517578,1.9891928871349456,2.1065264012563136,34.306991708447285,32.78877905697382,37.17821707304812,-1.3015310756736387,0.8594014171431738,-0.10763560217819146,-0.08336595001793334,0.007903700231049138,0.25138854566774915,0.9320397067568919,697755057.7991867,0.0,0.0,0.0,0.0,-0.23599615269753185,0.336283185840708,-0.23599615269753185,-0.7338839031491801,-0.2647971658764439,0.11120653907558443,0.7163878612824293,-0.6414061704865907,,,,,,,,2026-10-05,False,max 6 positions in RISK_ON
CDNS,No clean setup,False,30.329319334832427,,,False,True,volume accumulation,353.4800109863281,311.0642215543082,11.999487414766573,417.1036951343581,480.727379282388,1.2839,453.8329861053467,1666.7016414718858,199.99565371012685,1.0,5.000104924415658,0,No actionable pattern today.,Stop 311.1; to breakeven at +1.0R; trail 2.5×ATR from +1.0R; scale 1/2 at T1 (+1.5R); time-stop 15 bars if < +0.5R,55-day high sits before T1 (resistance),353.4800109863281,12.11879698057713,3.4284249756475935,71.53264427810872,98.17969555265823,27.148901043284884,2.7223837491345177,0.8483045163437379,0.159406997261746,-0.04737774669307915,0.2651848400205701,-0.12199051532909844,1.0385708791989576,821771271.2997437,0.0,0.0,0.0,0.0,-0.24485128579726653,0.3274336283185841,-0.24485128579726653,-0.1210264872978052,-0.24091261068103176,-1.1908026353919317,-1.0681903305465847,1.73991849855454,,,,,,,,2026-10-05,False,max 6 positions in RISK_ON
EFA,No clean setup,False,29.748693676193042,,,False,True,distribution in volume,104.02999877929688,101.67696038997757,2.261884472681153,107.55955636327585,111.0891139472548,13.0872,1361.461400024414,4999.96699158966,113.0934770219495,1.0,14.999900974768982,0,No actionable pattern today.,Stop 101.7; to breakeven at +1.0R; trail 2.5×ATR from +1.0R; scale 1/2 at T1 (+1.5R); time-stop 15 bars if < +0.5R,size capped at 25% of capital,104.02999877929688,1.1765191946596572,1.130942236340579,42.62760219276324,61.87417681205924,22.39866487592874,-0.9883063555080112,0.9553677965139783,-0.03862859569856125,-0.0012481267112300909,0.07296394346287638,0.18691492352958905,1.7211466265988493,1539272883.6127853,0.0,0.0,0.0,0.0,-0.25996704799395653,0.3185840707964602,-0.25996704799395653,-0.4827333760922374,0.09144241929611388,0.35729112552372133,-0.8931628300949396,-0.9856495381981043,,,,,,,,2026-10-05,False,max 6 positions in RISK_ON
SCHW,No clean setup,False,29.15182596351483,,,False,True,no dominant factor,97.95999908447266,93.62961344825273,4.420565206912427,104.45557753880254,110.95115599313245,12.5759,1231.9351524864198,4524.281847506377,199.99882921352162,1.0,13.572845542519133,0,No actionable pattern today.,Stop 93.63; to breakeven at +1.0R; trail 2.5×ATR from +1.0R; scale 1/2 at T1 (+1.5R); time-stop 15 bars if < +0.5R,,97.95999908447266,2.1651928181099676,2.210282603456216,35.11303211560828,58.28666332605139,28.37208701292577,-1.8033591025576867,0.8553217508824464,-0.11252037033875462,-0.0361458815955531,0.06030953396487626,0.20594168376741684,0.9853631825590872,875874976.7718124,0.0,0.0,0.0,0.0,-0.2755842186405137,0.30973451327433627,-0.2755842186405137,-0.3807390319987182,-0.17620182172157534,-0.19307888027821624,-0.11091177381183502,-0.6021610365935751,,,,,,,,2026-10-05,False,max 6 positions in RISK_ON
GE,No clean setup,False,29.077490846995012,,,False,True,volatility compression,306.3399963378906,289.9516492057388,5.349724922656064,330.92251703611834,355.50503773434605,3.323,1017.9678078308106,3738.4867742586516,199.99875869271582,1.0,11.215460322775957,0,No actionable pattern today.,Stop 290; to breakeven at +1.0R; trail 2.5×ATR from +1.0R; scale 1/2 at T1 (+1.5R); time-stop 15 bars if < +0.5R,,306.3399963378906,8.194173566075909,2.6748624613280336,32.98288067753269,2.7795722240157517,24.282034983787206,-1.6622324179263208,0.7890284833948241,-0.07998739240329056,-0.16397129560788293,0.064076533506783,0.11793118096551725,1.0687231841296005,1445819851.3171387,0.0,0.0,0.0,0.0,-0.2775350595567087,0.3008849557522124,-0.2775350595567087,-0.6071883369431278,-0.5853160653344602,-0.18765742725750736,0.9134175454974307,-0.17454504384243305,,,,,,,,2026-10-05,False,max 6 positions in RISK_ON
WMT,No clean setup,False,28.849104352982046,,,False,True,no dominant factor,105.06999969482422,100.79351375429847,4.070130344481581,111.48472860561284,117.89945751640145,12.7344,1338.0034041137696,4913.8175016078185,199.99877720538655,1.0,14.741452504823458,0,No actionable pattern today.,Stop 100.8; to breakeven at +1.0R; trail 2.5×ATR from +1.0R; scale 1/2 at T1 (+1.5R); time-stop 15 bars if < +0.5R,,105.06999969482422,2.1382429702628714,2.035065172240789,43.14114965375753,64.90892053208057,11.236779021898856,-0.8057145247022335,0.7792359948863987,-0.030898344684538448,-0.055750982783167924,-0.16773773444086215,0.07505253720725147,0.9756638932915304,2380849473.3241653,0.0,0.0,0.0,0.0,-0.28353717886048563,0.2920353982300885,-0.28353717886048563,-0.8533151280682375,-0.5787465815133664,0.3513065581512711,0.49402036861210824,-0.1357809268030085,,,,,,,,2026-10-05,False,max 6 positions in RISK_ON
IWM,No clean setup,False,28.594111079236313,,,False,True,no dominant factor,283.3800048828125,274.53759154050493,3.120337776112401,296.6436248962739,309.9072449097352,4.8043,1361.442557458496,4999.897792266326,156.01369957909614,1.0,14.99969337679898,0,No actionable pattern today.,Stop 274.5; to breakeven at +1.0R; trail 2.5×ATR from +1.0R; scale 1/2 at T1 (+1.5R); time-stop 15 bars if < +0.5R,size capped at 25% of capital,283.3800048828125,3.6496826661052473,1.2879111451827796,44.497810110482334,92.2021871610152,37.056871802247414,-0.3422086339906116,0.9309919567476781,-0.03750087197951735,-0.040750408743722155,0.12852980181385432,0.21880318989340708,1.2302679034469988,7029197881.611633,0.0,0.0,0.0,0.0,-0.2902537744985948,0.2831858407079646,-0.2902537744985948,-0.6818271728765574,0.02097778655687846,0.3519047682916717,-0.7754318438368896,-0.7632456252284574,,,,,,,,2026-10-05,False,max 6 positions in RISK_ON
XLB,No clean setup,False,28.398328093106166,,,False,True,distribution in volume,49.5,47.61262876864966,3.812871174445138,52.331056847025515,55.16211369405103,27.5044,1361.4678000000001,4999.9904955,190.64319632791612,1.0,14.999971486500003,0,No actionable pattern today.,Stop 47.61; to breakeven at +1.0R; trail 2.5×ATR from +1.0R; scale 1/2 at T1 (+1.5R); time-stop 15 bars if < +0.5R,size capped at 25% of capital,49.5,0.7894904185654406,1.5949301385160415,42.61405979359306,86.11490863959258,19.994055930513,-0.6602432515550885,0.9176563924979793,-0.05496391040656834,-0.03459911744362343,-0.006098463297545265,0.1888417007705705,1.3206802911582547,587707880.579052,0.0,0.0,0.0,0.0,-0.29542193257064986,0.2743362831858407,-0.29542193257064986,-0.5118339099693451,-0.09633551451933028,0.22324998777752852,-0.4794850673059608,-0.9542587686885143,,,,,,,,2026-10-05,False,max 6 positions in RISK_ON
XLP,No clean setup,False,28.396103494403235,,,False,True,no dominant factor,81.04000091552734,79.13841305591019,2.346480550511452,83.89238270495306,86.7447644943788,16.7999,1361.463911380768,4999.97621454587,117.3234694045176,1.0,14.999928643637611,0,No actionable pattern today.,Stop 79.14; to breakeven at +1.0R; trail 2.5×ATR from +1.0R; scale 1/2 at T1 (+1.5R); time-stop 15 bars if < +0.5R,size capped at 25% of capital,81.04000091552734,0.9507939298085728,1.1732402752557223,39.25458969906733,70.73261445579138,17.240823187758906,-1.236987680899595,0.9163669935353999,-0.04324438205030323,-0.0387345956089431,-0.006303222438042488,0.11659552367391113,1.0996192901910753,905012035.0168228,0.0,0.0,0.0,0.0,-0.2954807128467284,0.26548672566371684,-0.2954807128467284,-0.4827728340700091,-0.14215974846132937,0.07006722989954312,-0.6019352033012703,-0.5460663050285298,,,,,,,,2026-10-05,False,max 6 positions in RISK_ON
GLD,No clean setup,False,27.030082027879757,,,False,True,no dominant factor,379.54998779296875,366.1824473721933,3.5219446319853382,399.601298424132,419.65260905529516,3.587,1361.445806213379,4999.909723318634,176.0940521045336,1.0,14.999729169955904,0,No actionable pattern today.,Stop 366.2; to breakeven at +1.0R; trail 2.5×ATR from +1.0R; scale 1/2 at T1 (+1.5R); time-stop 15 bars if < +0.5R,size capped at 25% of capital,379.54998779296875,6.683770210387722,1.7609723159926658,38.41722671497764,23.519300375438377,18.692349987424514,-1.6805248325572208,0.7446536760897745,-0.07476479288301097,0.005457091874978559,-0.1124751707938959,0.1562332403415554,0.7024146607734334,3331369191.9345093,0.0,0.0,0.0,0.0,-0.33182906859559474,0.25663716814159293,-0.33182906859559474,-0.8031729591930165,-0.4633053109766001,0.09873894978357992,0.459947946837667,-0.49807972445026144,,,,,,,,2026-10-05,False,max 6 positions in RISK_ON
WFC,No clean setup,False,26.48209953174222,,,False,True,no dominant factor,81.44000244140625,77.53709434833117,4.792372269245835,87.29436458101887,93.1487267206315,13.9533,1136.3567860656738,4173.2702968261865,199.9986484257715,1.0,12.519810890478562,0,No actionable pattern today.,Stop 77.54; to breakeven at +1.0R; trail 2.5×ATR from +1.0R; scale 1/2 at T1 (+1.5R); time-stop 15 bars if < +0.5R,,81.44000244140625,1.8516226066753612,2.273603329036674,38.735662352171126,88.2238467656313,24.79519651779592,-1.1886014245924297,0.8467748266469372,-0.08689314707768281,-0.06047760056921425,0.00642444479559634,0.13211102177991774,1.0766806674950213,1184241364.465065,0.0,0.0,0.0,0.0,-0.3465625292547175,0.24778761061946902,-0.3465625292547175,-0.5680221289486068,-0.3088068515559746,-0.055285389862972927,-0.12598994852113546,-0.6555208139349946,,,,,,,,2026-10-05,False,max 6 positions in RISK_ON
ADBE,No clean setup,False,25.95803618573524,,,False,True,no dominant factor,238.7899932861328,220.98642003916487,7.455745109735235,265.4953531565847,292.2007130270366,3.0588,730.4108314636231,2682.4337785501557,199.9954252661393,1.0,8.047301335650468,0,No actionable pattern today.,Stop 221; to breakeven at +1.0R; trail 2.5×ATR from +1.0R; scale 1/2 at T1 (+1.5R); time-stop 15 bars if < +0.5R,,238.7899932861328,8.901786623483966,3.7278725548676155,42.0064492018697,54.48797496615527,21.94285840569357,-0.8654744371322096,0.6565575619233273,-0.16433948106340224,0.07786404497051924,-0.02279426792562711,-0.18700924357512005,0.7790464852420242,1350845208.180542,0.0,0.0,0.0,0.0,-0.36074122253335406,0.23893805309734514,-0.36074122253335406,-0.7488194536814331,-0.6241659458686344,0.1404125104796476,0.14367658765620314,-0.182171361608054,,,,,,,,2026-10-05,False,max 6 positions in RISK_ON
XLY,No clean setup,False,25.904889951496884,,,False,True,no dominant factor,110.41999816894531,107.38662989167378,2.747118572335427,114.97005058485261,119.52010300075992,12.3299,1361.4675354232788,4999.989523841991,137.35564082428903,1.0,14.999968571525976,0,No actionable pattern today.,Stop 107.4; to breakeven at +1.0R; trail 2.5×ATR from +1.0R; scale 1/2 at T1 (+1.5R); time-stop 15 bars if < +0.5R,size capped at 25% of capital,110.41999816894531,1.5166841386357708,1.3735592861677166,43.53736570065113,90.62084387045564,23.726781494433997,-0.536564156189322,0.8887805931526219,-0.04977506875899107,-0.05730304086674365,0.016908555048150253,-0.021234718097381644,1.1669180693795305,756618321.3822174,0.0,0.0,0.0,0.0,-0.3621841113470783,0.23008849557522124,-0.3621841113470783,-0.8554136317324523,-0.28545076494690347,0.24369464852614986,-0.08403485019464992,-0.7545258375390375,,,,,,,,2026-10-05,False,max 6 positions in RISK_ON
RTX,No clean setup,False,24.726153975904197,,,False,True,volatility compression,184.3300018310547,177.2507426684434,3.840535502787928,194.94889057497164,205.56777931888857,7.386,1361.46139352417,4999.966967717514,192.02550652286018,1.0,14.999900903152545,0,No actionable pattern today.,Stop 177.3; to breakeven at +1.0R; trail 2.5×ATR from +1.0R; scale 1/2 at T1 (+1.5R); time-stop 15 bars if < +0.5R,size capped at 25% of capital,184.3300018310547,3.539629581305645,1.9202677513939632,23.64705113515285,1.7966363000404328,46.52947343178971,-2.2734248706624256,0.8141424797914221,-0.08806215119856942,-0.07920171801534892,-0.06399520849887086,0.2310519158552069,0.8622096936479119,761718898.97995,0.0,0.0,0.0,0.0,-0.3944364473825991,0.22123893805309736,-0.3944364473825991,-0.826570394416022,-0.4063349104726699,-0.617798077145853,0.5214602866564777,-0.08127668498477165,,,,,,,,2026-10-05,False,max 6 positions in RISK_ON
SLV,No clean setup,False,24.492165092562573,,,False,True,weak momentum; volatility compression,55.130001068115234,51.84265103788296,5.962905798188953,60.06102611346365,64.99205115881206,16.5661,913.2891106945037,3354.054259025565,199.99909588583895,1.0,10.062162777076697,0,No actionable pattern today.,Stop 51.84; to breakeven at +1.0R; trail 2.5×ATR from +1.0R; scale 1/2 at T1 (+1.5R); time-stop 15 bars if < +0.5R,,55.130001068115234,1.6436750151161388,2.981452899094479,41.8110455880208,59.93496134737423,13.80459718249142,-1.2093968869721228,0.5019575721478965,-0.08951277022688908,0.012302644048953093,-0.16583440576606334,0.423700939924212,0.874981954579912,889318006.4472961,0.0,0.0,0.0,0.0,-0.4008984705718336,0.21238938053097345,-0.4008984705718336,-0.8088130357303337,-0.8521367275221428,0.07695795307937453,0.8684822301697911,-0.44313903409749705,,,,,,,,2026-10-05,False,max 6 positions in RISK_ON
UBER,No clean setup,False,24.4355270333187,,,False,True,weak momentum; volatility compression; distribution in volume,69.4800033569336,65.78895501470565,5.3123894126288995,75.01657587027552,80.55314838361743,14.7542,1025.1218655288696,3764.7600511547735,199.99871436842855,1.0,11.294280153464321,0,No actionable pattern today.,Stop 65.79; to breakeven at +1.0R; trail 2.5×ATR from +1.0R; scale 1/2 at T1 (+1.5R); time-stop 15 bars if < +0.5R,,69.4800033569336,1.8455241711139718,2.6561947063144493,43.43049763918385,83.25954815339117,24.541005586068948,-0.5777686069262521,0.6859174155968794,-0.08530800165403984,-0.065249540624857,-0.03727303422835915,-0.21374600347188388,0.8702072209372258,1360056958.0884552,0.0,0.0,0.0,0.0,-0.402465740359006,0.20353982300884957,-0.402465740359006,-0.8611216659792199,-0.8460846712160018,0.2973142706245657,1.0929197250366625,-0.9211620438471139,,,,,,,,2026-10-05,False,max 6 positions in RISK_ON
LMT,No clean setup,False,23.52461031872184,,,False,True,volatility compression,506.6300048828125,484.1660862886426,4.433988981636804,540.3258827740674,574.0217606653223,2.4242,1228.172457836914,4510.463351406066,199.99344802211112,1.0,13.5313900542182,0,No actionable pattern today.,Stop 484.2; to breakeven at +1.0R; trail 2.5×ATR from +1.0R; scale 1/2 at T1 (+1.5R); time-stop 15 bars if < +0.5R,,506.6300048828125,11.231959297084963,2.216994490818404,32.369416077374765,39.76550671076583,38.041739837287004,-1.5639165376808017,0.741475173357043,-0.04938550843675449,-0.04784712101581312,-0.19564070138717293,0.09484375331094874,0.9937018147946024,642979311.7419434,0.0,0.0,0.0,0.0,-0.42784499605435916,0.19469026548672566,-0.42784499605435916,-1.035403790011843,-0.6501358299797217,-0.14335964763849326,0.9595098564853743,-0.4710831984895172,,,,,,,,2026-10-05,False,max 6 positions in RISK_ON
SPGI,No clean setup,False,20.833694136334504,,,False,True,volatility compression; distribution in volume,390.9200134277344,372.06329059795627,4.823678036955754,419.2050976724015,447.4901819170687,2.888,1128.9769987792968,4146.168028016968,199.99779654273595,1.0,12.438504084050905,0,No actionable pattern today.,Stop 372.1; to breakeven at +1.0R; trail 2.5×ATR from +1.0R; scale 1/2 at T1 (+1.5R); time-stop 15 bars if < +0.5R,,390.9200134277344,9.428361414889064,2.4118390184778797,36.826532662239025,62.10519048697164,20.876646690207487,-1.3784032913130806,0.753389088461165,-0.13240706405623448,-0.11649809918004617,-0.04380409253529727,0.008116356058606833,1.36269360719901,785349691.9342041,0.0,0.0,0.0,0.0,-0.5049411106620892,0.18584070796460178,-0.5049411106620892,-0.8188613335559748,-0.6955613309713602,-0.09544143592601974,0.5343326778339237,-1.0540734147012574,,,,,,,,2026-10-05,False,max 6 positions in RISK_ON
AXP,No clean setup,False,20.795015639102296,,,False,True,no dominant factor,304.0199890136719,292.7418375945149,3.7096743065304834,320.93721614240735,337.8544432711428,4.4782,1361.4623148010255,4999.970351106766,185.4826154491497,1.0,14.999911053320302,0,No actionable pattern today.,Stop 292.7; to breakeven at +1.0R; trail 2.5×ATR from +1.0R; scale 1/2 at T1 (+1.5R); time-stop 15 bars if < +0.5R,size capped at 25% of capital,304.0199890136719,5.639075709578483,1.8548371532652388,34.93816533958997,66.65137092049542,31.539164825274888,-1.4355725951678235,0.7909761233401861,-0.07822453986299571,-0.1303278199799791,-0.0028711380015958854,0.008678003699824854,1.1903803056123126,1051419684.6064758,0.0,0.0,0.0,0.0,-0.5060750258637489,0.17699115044247787,-0.5060750258637489,-0.9622937356472415,-0.6169183238998901,-0.07243055757001281,0.021856087686292505,-0.49492717719705587,,,,,,,,2026-10-05,False,max 6 positions in RISK_ON
MS,Counter-trend bounce,False,20.482328848427375,,,False,True,distribution in volume,190.19000244140625,180.87605638360924,4.8971796299684325,204.16092152810177,218.13184061479728,5.847,1112.0409442749024,4083.970367849579,199.99936494827642,1.0,12.25191110354874,5,"Speculative: below the 200-day. Small size only, if at all.",Stop 180.9; to breakeven at +1.0R; trail 2.5×ATR from +1.0R; scale 1/2 at T1 (+1.5R); time-stop 15 bars if < +0.5R,,190.19000244140625,4.656973028898507,2.448589814984217,29.897991274299898,56.25814358638695,37.361296888630754,-1.9573160128460054,0.8234098986384288,-0.12415377486922696,-0.13872741941858824,0.15439601653792856,0.42995912835561256,1.2973213512236823,1126565981.4105988,0.0,0.0,0.0,0.0,-0.5152711548359922,0.168141592920354,-0.5152711548359922,-0.7487131373410978,-0.25744746140087227,-0.36555726513997927,0.06037738708695748,-1.4931657998805494,,,,,,,,2026-10-05,False,max 6 positions in RISK_ON
KWEB,No clean setup,False,19.989197741338984,,,False,True,weak momentum,24.559999465942383,23.658720371637806,3.6697032325036925,25.91191810739925,27.263836748856114,55.4344,1361.4688343948364,4999.994294315036,183.48495224347906,1.0,14.999982882945112,0,No actionable pattern today.,Stop 23.66; to breakeven at +1.0R; trail 2.5×ATR from +1.0R; scale 1/2 at T1 (+1.5R); time-stop 15 bars if < +0.5R,size capped at 25% of capital,24.559999465942383,0.4506395471522878,1.834851616251843,44.06330385254613,70.39715540524382,21.07562853067502,-0.6294669193851128,0.6049047478592251,-0.03837123784083962,-0.03724032749572004,-0.1272210377169728,-0.36898043216327436,1.1650951854265015,379901067.8384781,0.0,0.0,0.0,0.0,-0.5298826916210336,0.1592920353982301,-0.5298826916210336,-0.8971261069833473,-1.0957188837703178,0.27053631982070697,0.2456383253487107,-0.35695491465555146,,,,,,,,2026-10-05,False,max 6 positions in RISK_ON
GS,No clean setup,False,19.085082036398752,,,False,True,distribution in volume,893.4600219726562,846.4865981285245,5.257473495055756,963.9201577388538,1034.3802935050514,1.1593,1035.7882034729005,3803.932177254227,199.99072598903828,1.0,11.411796531762684,0,No actionable pattern today.,Stop 846.5; to breakeven at +1.0R; trail 2.5×ATR from +1.0R; scale 1/2 at T1 (+1.5R); time-stop 15 bars if < +0.5R,,893.4600219726562,23.486711922065837,2.6287367475278747,30.463083889126253,19.785045199195864,34.10482183645582,-2.2157717515742643,0.778027393135458,-0.13919052755217354,-0.13916288834394797,0.04127099452129568,0.3579312202917915,0.9716050979494781,2052171228.0410767,0.0,0.0,0.0,0.0,-0.5570346387411553,0.1504424778761062,-0.5570346387411553,-0.7971593945283377,-0.4594560253355394,-0.4237873853695047,0.16803752627286625,-1.2456747057523276,,,,,,,,2026-10-05,False,max 6 positions in RISK_ON
XLF,No clean setup,False,18.678682962441247,,,False,True,distribution in volume,53.880001068115234,52.47672759951875,2.6044421692242716,55.984911271009956,58.08982147390468,25.2685,1361.4668069896697,4999.986848669562,130.22176594241785,1.0,14.99996054600869,0,No actionable pattern today.,Stop 52.48; to breakeven at +1.0R; trail 2.5×ATR from +1.0R; scale 1/2 at T1 (+1.5R); time-stop 15 bars if < +0.5R,size capped at 25% of capital,53.880001068115234,0.7016367342982396,1.302221084612134,33.44718443031749,79.26311609783156,35.04306850213947,-1.6821651322533757,0.9227080870263392,-0.07666169358281294,-0.03531326647202615,0.0878127063574301,0.11103376742076043,1.2762888219348938,2103215415.4265976,0.0,0.0,0.0,0.0,-0.5694007290963577,0.1415929203539823,-0.5694007290963577,-0.6220643384788053,-0.06529492322932781,-0.33896956840857173,-1.224599045081764,-1.41478645004531,,,,,,,,2026-10-05,False,max 6 positions in RISK_ON
BAC,No clean setup,False,18.572258354404525,,,False,True,no dominant factor,54.0,51.77849680226623,4.1138948106180875,57.33225479660065,60.6645095932013,24.5143,1323.7721999999999,4861.5534044999995,199.99919322315247,1.0,14.584660213500001,0,No actionable pattern today.,Stop 51.78; to breakeven at +1.0R; trail 2.5×ATR from +1.0R; scale 1/2 at T1 (+1.5R); time-stop 15 bars if < +0.5R,,54.0,1.1107515988668855,2.056947405309047,24.75679800108962,46.14373654531547,43.51618675766254,-2.7668739222631555,0.8320636234175247,-0.13903057663664475,-0.09329249369967307,0.08984243997995822,0.2689566639772254,1.1840191722138351,2263547160.6394196,0.0,0.0,0.0,0.0,-0.5726562955391115,0.13274336283185842,-0.5726562955391115,-0.769944634634464,-0.2777863739698091,-0.9789045763727953,-0.252750860331337,-0.6257874352289098,,,,,,,,2026-10-05,False,max 6 positions in RISK_ON
ORCL,No clean setup,False,17.60559460591253,,,False,True,weak momentum; distribution in volume,142.47999572753906,129.09786427880476,9.392287935160114,162.5531929006405,182.62639007374196,4.0695,579.8223426132201,2129.397553247051,199.99914948521746,1.0,6.388192659741153,0,No actionable pattern today.,Stop 129.1; to breakeven at +1.0R; trail 2.5×ATR from +1.0R; scale 1/2 at T1 (+1.5R); time-stop 15 bars if < +0.5R,,142.47999572753906,6.691065724367148,4.696143967580056,48.51339860151431,90.39187534158253,11.481894333610217,-0.09815817413191022,0.4460044792060401,-0.0750454301638458,0.009715254292271824,-0.014188194860218495,-0.4605038635201294,0.9742466791920616,5223012241.100006,0.0,0.0,0.0,0.0,-0.6025691047182565,0.12389380530973451,-0.6025691047182565,-0.5759573828420479,-1.2485998086416596,0.36039785213182574,-0.2206058045673905,-0.8671295240881548,,,,,,,,2026-10-05,False,max 6 positions in RISK_ON
BA,No clean setup,False,16.313406892610583,,,False,True,weak momentum,192.72000122070312,180.1591010231447,6.5176941251539695,211.56135151704075,230.4027018133784,4.3355,835.5375652923583,3068.511708536186,199.99620735692466,1.0,9.20553512560856,0,No actionable pattern today.,Stop 180.2; to breakeven at +1.0R; trail 2.5×ATR from +1.0R; scale 1/2 at T1 (+1.5R); time-stop 15 bars if < +0.5R,,192.72000122070312,6.2804500987792125,3.2588470625769848,40.44733989684799,61.80942124632614,30.843123249263773,-0.9223900231800641,0.7576960746848567,-0.08450901976321656,-0.16816295185920394,-0.09222798657370335,-0.031826327563115986,1.588841674786674,1676722063.7060547,0.0,0.0,0.0,0.0,-0.6435889336667913,0.11504424778761062,-0.6435889336667913,-1.0508796249176915,-0.8312062406315324,0.17041363275699573,-0.4284948132978878,-0.796062253757721,,,,,,,,2026-10-05,False,max 6 positions in RISK_ON
XLU,No clean setup,False,16.10417575439052,,,False,True,no dominant factor,39.970001220703125,38.78855854989806,2.9558234543988804,41.742165226910714,43.51432923311831,34.0623,1361.4701725799562,4999.999208799889,147.79114933346554,1.0,14.99999762639967,0,No actionable pattern today.,Stop 38.79; to breakeven at +1.0R; trail 2.5×ATR from +1.0R; scale 1/2 at T1 (+1.5R); time-stop 15 bars if < +0.5R,size capped at 25% of capital,39.970001220703125,0.5907213354025296,1.4779117271994369,37.52306385204079,86.27722874547541,34.226054169881365,-1.0892413108169376,0.8493188354200704,-0.0642830861996907,-0.11895192076778238,-0.12235209961628701,-0.00024507911055482445,2.161846690738325,1234122815.0537682,0.0,0.0,0.0,0.0,-0.6503506429777104,0.10619469026548672,-0.6503506429777104,-1.0788896438659763,-0.5574269184617929,-0.12377205640182734,-0.9628812334340562,-0.5029192418984506,,,,,,,,2026-10-05,False,max 6 positions in RISK_ON
IBM,No clean setup,False,15.266492766720845,,,False,True,weak momentum; distribution in volume,221.5800018310547,208.49905849500595,5.9034855257481205,241.2014168351278,260.8228318392009,4.1632,922.4818636230468,3387.814644155639,199.99914715690335,1.0,10.163443932466919,0,No actionable pattern today.,Stop 208.5; to breakeven at +1.0R; trail 2.5×ATR from +1.0R; scale 1/2 at T1 (+1.5R); time-stop 15 bars if < +0.5R,,221.5800018310547,6.540471668024371,2.951742762874062,40.64207383489348,33.605508423782396,13.290282756860801,-1.0872657717141272,0.6712672541030732,-0.05594139366549966,-0.2709975912217699,-0.08887073925399602,-0.1601153433321143,1.049960835636247,1403927908.9939117,0.0,0.0,0.0,0.0,-0.6777808922086414,0.09734513274336283,-0.6777808922086414,-0.9024216332132339,-1.2563958688076715,0.1024513394023705,0.3925607238531368,-1.0226519321801766,,,,,,,,2026-10-05,False,max 6 positions in RISK_ON
BKNG,No clean setup,False,13.826879419077624,,,False,True,weak momentum; distribution in volume,158.3300018310547,146.47404220067648,7.48813206168535,176.113941276622,193.8978807221893,4.5933,727.2571974105836,2670.852057490368,199.9969292371191,1.0,8.012556172471106,0,No actionable pattern today.,Stop 146.5; to breakeven at +1.0R; trail 2.5×ATR from +1.0R; scale 1/2 at T1 (+1.5R); time-stop 15 bars if < +0.5R,,158.3300018310547,5.927979815189106,3.7440660308426765,29.90985706124009,8.067892446531374,33.215433011763736,-1.8609648798461258,0.7101447877233448,-0.18663266346748753,-0.12771434554459749,-0.0969330598453414,-0.09466244443668548,1.0398689253122544,1529447683.9203644,0.0,0.0,0.0,0.0,-0.7263714508905769,0.08849557522123894,-0.7263714508905769,-1.0098503476683354,-0.8893944148976138,-0.31509578281000056,-0.09611926931478446,-0.9990219310141232,,,,,,,,2026-10-05,False,max 6 positions in RISK_ON
PEP,No clean setup,False,10.216261634323441,,,False,True,distribution in volume,125.6500015258789,121.27679740041178,3.480464840715835,132.2098077140796,138.7696139022803,10.8354,1361.4680265335082,4999.991327444309,174.02294019054014,1.0,14.999973982332929,0,No actionable pattern today.,Stop 121.3; to breakeven at +1.0R; trail 2.5×ATR from +1.0R; scale 1/2 at T1 (+1.5R); time-stop 15 bars if < +0.5R,size capped at 25% of capital,125.6500015258789,2.1866020627335634,1.740232420357918,25.589216837724877,17.447214462906558,29.45006594370829,-2.3188319013730068,0.7550437676385096,-0.09304176572836975,-0.12407020331922847,-0.1812134560780887,0.012954687600758685,1.0489012582073414,1227720223.4088516,0.0,0.0,0.0,0.0,-0.8580202449160937,0.07964601769911504,-0.8580202449160937,-1.0196424094709589,-0.7916571969086569,-0.6414251708913636,-0.48435398218170894,-1.3992424095964349,,,,,,,,2026-10-05,False,max 6 positions in RISK_ON
NEE,No clean setup,False,10.066867602479562,,,False,True,distribution in volume,76.27999877929688,73.64538906248734,3.4538670149069195,80.23191335451118,84.18382792972548,17.8483,1361.4683022125243,4999.992339875495,172.6930861748324,1.0,14.999977019626488,0,No actionable pattern today.,Stop 73.65; to breakeven at +1.0R; trail 2.5×ATR from +1.0R; scale 1/2 at T1 (+1.5R); time-stop 15 bars if < +0.5R,size capped at 25% of capital,76.27999877929688,1.3173048584047689,1.726933507453461,31.166818156995006,41.098909842925686,47.726189886647155,-1.812873961228851,0.7839648384435239,-0.09255292654361369,-0.1313031245528108,-0.16514044529363325,0.10611156114668274,1.3191670126942445,1009683876.8468094,0.0,0.0,0.0,0.0,-0.8638252269503262,0.07079646017699115,-0.8638252269503262,-1.2514238862533997,-0.6892405098773073,-0.39756447875318046,-0.7064229916310139,-1.3818830586417563,,,,,,,,2026-10-05,False,max 6 positions in RISK_ON
HD,No clean setup,False,9.329655661823491,,,False,True,weak momentum; distribution in volume,281.1499938964844,268.19274731768166,4.608659740385196,300.58586376468844,320.0217336328925,4.2029,1181.645309347534,4339.592398578819,199.99704777011826,1.0,13.018777195736456,0,No actionable pattern today.,Stop 268.2; to breakeven at +1.0R; trail 2.5×ATR from +1.0R; scale 1/2 at T1 (+1.5R); time-stop 15 bars if < +0.5R,,281.1499938964844,6.478623289401348,2.3043298701925954,25.53329799158611,7.157788132476227,33.47866533941642,-2.5962530972328453,0.7224150884297398,-0.11607511735647758,-0.1795664493234581,-0.12644660259720464,-0.17197709997287725,1.3168886640244584,1551518119.0394592,0.0,0.0,0.0,0.0,-0.8929565925147216,0.061946902654867256,-0.8929565925147216,-1.070745323508818,-1.0152735395465633,-0.668002821032991,0.16254476206857668,-1.6245187747528183,,,,,,,,2026-10-05,False,max 6 positions in RISK_ON
TLT,No clean setup,False,9.010575741033406,,,False,True,distribution in volume,77.11000061035156,75.48906349449497,2.1021101063757355,79.54140628413646,81.97281195792134,17.6562,1361.4695927764892,4999.997079471656,105.10544392606529,1.0,14.999991238414971,0,No actionable pattern today.,Stop 75.49; to breakeven at +1.0R; trail 2.5×ATR from +1.0R; scale 1/2 at T1 (+1.5R); time-stop 15 bars if < +0.5R,size capped at 25% of capital,77.11000061035156,0.8104685579282936,1.051055053187865,25.33811277738978,9.236908039049766,27.61245295584969,-2.885775446090195,0.8749247887948501,-0.056652139471896845,-0.07711063226971004,-0.08924553255997758,-0.04486439150799115,1.7486890300381324,3923371606.108322,0.0,0.0,0.0,0.0,-0.9058269619892204,0.05309734513274336,-0.9058269619892204,-0.9953902218347677,-0.42958002556252006,-0.7269859238181867,-2.0884971909852954,-1.0029091116253521,,,,,,,,2026-10-05,False,max 6 positions in RISK_ON
NFLX,No clean setup,False,8.53803630961129,,,False,True,weak momentum; distribution in volume,67.5,63.68958715796034,5.645056062280978,73.2156192630595,78.93123852611899,14.2921,964.7167499999999,3542.9222643749995,199.99994806700346,1.0,10.628766793125001,0,No actionable pattern today.,Stop 63.69; to breakeven at +1.0R; trail 2.5×ATR from +1.0R; scale 1/2 at T1 (+1.5R); time-stop 15 bars if < +0.5R,,67.5,1.9052064210198296,2.822528031140488,32.78561075412405,33.963551714233105,27.439448074146803,-2.528179941515502,0.5406054754928769,-0.18350064721114112,-0.11394067039122935,-0.3176993855071426,-0.2888785722446964,1.1368699361940413,2579287043.282242,0.0,0.0,0.0,0.0,-0.9251947312570943,0.04424778761061947,-0.9251947312570943,-1.010603073629098,-1.4498178200222875,-0.5903308097768292,0.3783432068969395,-1.2486541449745343,,,,,,,,2026-10-05,False,max 6 positions in RISK_ON
INTU,No clean setup,False,8.255133283830997,,,False,True,weak momentum; distribution in volume,284.67999267578125,259.214343071581,8.945359793233788,322.87846708208156,361.0769414883819,2.1385,608.7881643371583,2235.774533528214,199.99807618959304,1.0,6.707323600584642,0,No actionable pattern today.,Stop 259.2; to breakeven at +1.0R; trail 2.5×ATR from +1.0R; scale 1/2 at T1 (+1.5R); time-stop 15 bars if < +0.5R,,284.67999267578125,12.42265701055091,4.363726756414151,39.620150920177444,83.1280196888862,20.96957472921307,-1.0244687835856072,0.41695510233444655,-0.17316293125469884,0.016968417421738602,-0.312764332914487,-0.48938505008153443,0.9084189974069808,1091065107.533722,0.0,0.0,0.0,0.0,-0.936972936899276,0.035398230088495575,-0.936972936899276,-0.9510812931257179,-1.441134776640957,-0.15221715696339833,-0.4148553490561234,-1.3476028828391569,,,,,,,,2026-10-05,False,max 6 positions in RISK_ON
NVO,No clean setup,False,8.093453587458253,,,False,True,weak momentum; distribution in volume,37.540000915527344,35.453416899810584,5.5582950581487705,40.66987693910248,43.79975296267762,26.0995,979.7752538948059,3598.2246199286747,199.99994123058792,1.0,10.794673859786025,0,No actionable pattern today.,Stop 35.45; to breakeven at +1.0R; trail 2.5×ATR from +1.0R; scale 1/2 at T1 (+1.5R); time-stop 15 bars if < +0.5R,,37.540000915527344,1.043292007858379,2.779147529074383,28.798071182429197,47.120363293907026,34.45201214529904,-2.77821134307503,0.6143089716567476,-0.20985051059214843,-0.23409147299901845,0.03680669531395031,-0.15080385297409138,1.0679962499486642,587760042.1748543,0.0,0.0,0.0,0.0,-0.9437679542768364,0.02654867256637168,-0.9437679542768364,-1.072810692722452,-1.221229990685236,-0.9545232275452211,0.4684168856797243,-1.3880793164185894,,,,,,,,2026-10-05,False,max 6 positions in RISK_ON
LOW,No clean setup,False,6.676352283923887,,,False,True,weak momentum; distribution in volume,179.5,170.82780725245266,4.831305151836959,192.508289121321,205.51657824264203,6.2797,1127.20615,4139.664585875,199.999828406149,1.0,12.418993757625001,0,No actionable pattern today.,Stop 170.8; to breakeven at +1.0R; trail 2.5×ATR from +1.0R; scale 1/2 at T1 (+1.5R); time-stop 15 bars if < +0.5R,,179.5,4.336096373773673,2.4156525759184806,24.389300362417984,0.7263988561981733,28.941195595998096,-2.7238106182069206,0.6192461863936706,-0.11094598600121319,-0.1823931945425008,-0.22841708947130845,-0.16691160776516378,1.059242243811521,634997132.5741577,0.0,0.0,0.0,0.0,-1.0054629437696168,0.017699115044247787,-1.0054629437696168,-1.1235799219671618,-1.295265263582041,-0.7665592667342397,0.36120684665972297,-1.7697484938258699,,,,,,,,2026-10-05,False,max 6 positions in RISK_ON
MCD,Counter-trend bounce,False,4.7442697829681855,,,False,True,weak momentum; distribution in volume,233.0399932861328,224.15244153982962,3.813745280789985,246.3713209055876,259.7026485250424,5.8422,1361.466248776245,4999.9847986307595,190.68668429799726,1.0,14.99995439589228,5,"Speculative: below the 200-day. Small size only, if at all.",Stop 224.2; to breakeven at +1.0R; trail 2.5×ATR from +1.0R; scale 1/2 at T1 (+1.5R); time-stop 15 bars if < +0.5R,size capped at 25% of capital,233.0399932861328,4.443775873151592,1.9068726403949918,26.937042372176037,72.70855910305724,48.42130662780227,-2.233970619327074,0.6952688916240715,-0.10241501789703178,-0.16836248559848077,-0.23718961289861784,-0.11195179237376462,1.1106624740114308,1500412154.3367767,0.0,0.0,0.0,0.0,-1.0967505078204638,0.008849557522123894,-1.0967505078204638,-1.3852371234974752,-1.0922052245216358,-0.7562475708450257,-0.4191146431048182,-1.7195307548923127,,,,,,,,2026-10-05,False,max 6 positions in RISK_ON
