ticker,setup,eligible,conviction,earnings_flag,earnings_date,veto,liquid,why,entry,stop,stop_pct,t1,t2,units,pos_native,pos_aed,risk_aed,risk_pct,cost_aed,hold_days,entry_note,exit_rule,plan_flags,close,atr,atr_pct,rsi14,rsi2,adx,dist21_atr,pct_52w_high,mom_1m,mom_3m,mom_6m,mom_12_1,rvol,adv20,squeeze_on,breakout20,breakout55,uptrend,composite,comp_rank,composite_final,g_trend,g_momentum,g_timing,g_volatility,g_volume,g_fundamentals,g_sentiment,social_buzz,social_bull,sector,shortName,shortPercentOfFloat,date,selected,skip_reason
ANET,Momentum continuation,True,74.09584254100936,,2026-11-03,False,True,momentum leader; strong trend structure; volatility compression,207.35000610351562,193.6299203764551,6.616872593778001,227.9301346941064,248.51026328469723,1.9846,411.5068221130371,1511.2588042101288,99.99806963683713,0.5,4.533776412630387,15,Half-size starter at market; add on a 2–3 day tight consolidation.,Stop 193.6; to breakeven at +1.0R; trail 2.5×ATR from +1.0R; scale 1/2 at T1 (+1.5R); time-stop 15 bars if < +0.5R,55-day high sits before T1 (resistance),207.35000610351562,6.860042863530268,3.3084362968890004,60.17701825557926,90.49943570957879,17.013239465064384,0.9834859282800672,0.9649123118453691,0.11418591780260323,0.1966182338656004,0.6368014335649153,0.24673411118706268,0.6911166842790228,955404383.8394928,0.0,0.0,0.0,1.0,0.7642712778062137,0.9380530973451328,0.6568474682456528,1.301653681183928,0.88354926031549,0.03606068866172036,0.9129832925533837,0.3349153837471646,-0.12387467474257202,0.5781791347493895,1.9723931201320186,1.0,Technology,"Arista Networks, Inc.",0.0127,2026-10-02,True,
MU,No clean setup,False,73.44943590256305,,2026-12-23,False,True,momentum leader; strong trend structure; volume accumulation; quality/growth fundamentals,1074.8900146484375,981.9208150515034,8.649182551699617,1214.3438140438386,1353.7976134392397,0.5857,629.5630815795898,2312.0704171010434,199.97519109891203,1.0,6.936211251303131,0,No actionable pattern today.,Stop 981.9; to breakeven at +1.0R; trail 2.5×ATR from +1.0R; scale 1/2 at T1 (+1.5R); time-stop 15 bars if < +0.5R,55-day high sits before T1 (resistance); Ex-dividend 2026-10-14,1074.8900146484375,46.484599798467045,4.324591275849807,59.264294374569246,42.45357366619975,15.075832590497889,0.9716741684088404,0.8566178152483285,0.12426783892025339,0.09153593769833712,1.9353850195172875,4.25728605167939,0.9310667042970141,27127676201.046143,0.0,0.0,0.0,1.0,0.9609792906903409,0.9734513274336283,1.0111379404374081,0.9177359272960312,1.6809718036210346,0.32086039634432456,0.14030621940093707,1.0283361479606528,1.8219541339347123,0.6015909449166392,6.43330218525314,0.8181818181818182,Technology,"Micron Technology, Inc.",0.024500001,2026-10-02,False,not actionable today
PANW,Momentum continuation,True,72.10118222867693,,2026-11-19,False,True,momentum leader; strong trend structure; volume accumulation,403.239990234375,353.2769536640306,12.390397227542936,478.18454508989157,553.1290999454081,0.5449,219.72547067871096,806.941791067566,99.983293308321,0.5,2.4208253732026983,15,Half-size starter at market; add on a 2–3 day tight consolidation.,Stop 353.3; to breakeven at +1.0R; trail 2.5×ATR from +1.0R; scale 1/2 at T1 (+1.5R); time-stop 15 bars if < +0.5R,55-day high sits before T1 (resistance),403.239990234375,17.252170695440082,4.278387836834489,62.60249596625163,87.26354823593549,15.676943574032792,1.4892225458353243,0.9847130408653846,0.22759369443384037,0.1278493877748561,1.4706817820387577,0.588394613824625,0.8856297902609557,2327199734.7947693,0.0,0.0,0.0,1.0,0.8962441685646592,0.9646017699115044,0.5934288294272995,1.6585537278003228,1.4336479450389965,-0.1431361495699751,-0.6068564347061152,1.0902866893802126,-0.424489178688867,-0.8111758755554126,2.1537342085204227,0.7,Technology,"Palo Alto Networks, Inc.",0.0269,2026-10-02,True,
MSFT,Momentum continuation,True,72.04241385578383,,2026-10-28,False,True,momentum leader; strong trend structure,517.530029296875,488.3244948839057,5.643254064435342,561.3383309163289,605.1466325357829,0.9323,482.49324631347656,1771.9564470862426,99.99600422021847,0.5,5.315869341258729,15,Half-size starter at market; add on a 2–3 day tight consolidation.,Stop 488.3; to breakeven at +1.0R; trail 2.5×ATR from +1.0R; scale 1/2 at T1 (+1.5R); time-stop 15 bars if < +0.5R,55-day high sits before T1 (resistance); crowd euphoric on social (contrarian caution),517.530029296875,11.582025347189726,2.237942668355933,62.70069602436587,91.61115529424146,36.37915331363691,1.2756628999329505,0.9423320985128818,0.04168516095838526,0.3407051562809811,0.39138679429888623,-0.036178563990071355,0.7612152810976881,10681883933.50296,0.0,0.0,0.0,1.0,0.639202812466453,0.911504424778761,0.5916040285841094,1.5135999721323576,0.8035128841790599,-0.41592368025816,0.4767152878904211,0.22481057751607705,-0.09334470669432984,0.8957624928037985,5.740639438128843,0.9090909090909091,Technology,Microsoft Corporation,0.0091,2026-10-02,False,sector cap (Technology)
MRK,Squeeze (pre-breakout),True,71.23845620190583,,2026-10-29,False,True,strong trend structure; favourable entry timing; volatility compression; Bollinger/Keltner squeeze on,153.90589798317404,142.1497249197387,7.638546161967489,171.54015757832707,189.17441717348007,4.6323,712.9382912274571,2618.265874532836,199.99744746923247,1.0,7.854797623598508,15,Buy-stop just above the 20-day high (+0.1 ATR). Let price trigger it; don't anticipate.,Stop 142.1; to breakeven at +1.0R; trail 2.5×ATR from +1.0R; scale 1/2 at T1 (+1.5R); time-stop 15 bars if < +0.5R,55-day high sits before T1 (resistance),144.3000030517578,3.3589065895529537,2.3277245450564363,46.94693848169799,25.319146266471066,25.88830030679755,-0.58911109334344,0.9250049733246484,-0.04278701829089182,0.1449106965310405,0.2095275033885422,0.7216993577497857,0.866075946855062,1442704312.9659271,1.0,0.0,0.0,1.0,0.7590036922572287,0.9292035398230089,0.5668709860857175,1.2120491117031524,0.669058637403391,0.8212237036855072,1.0907128209981456,-0.34726365538335946,-0.1933266168430625,-0.20999306035759255,1.9911485675537226,0.8333333333333334,Healthcare,"Merck & Company, Inc.",0.0139999995,2026-10-02,True,
XOM,Pullback in uptrend,True,69.70436516680289,,2026-10-30,False,True,strong trend structure; favourable entry timing; volatility compression; volume accumulation,162.24698136573355,154.96849953296442,4.486050693517766,173.16470411488723,184.08242686404094,7.4821,1213.948139276555,4458.224541493148,199.99821296223263,1.0,13.374673624479444,15,"Limit near the 21-EMA, or at market on the first up-close / reclaim day.",Stop 155; to breakeven at +1.0R; trail 2.5×ATR from +1.0R; scale 1/2 at T1 (+1.5R); time-stop 15 bars if < +0.5R,55-day high sits before T1 (resistance),164.00999450683594,3.5260262822047963,2.149885007195602,55.1263842574201,85.6460773100496,13.498631482090893,0.5194075129936897,0.9420803562701152,-0.0008528747782757806,0.2098504030467554,0.034242340937941984,0.5082373977817229,0.8251149881441237,2297554136.5920258,0.0,0.0,0.0,1.0,0.7589218811957275,0.9203539823008849,0.5207870665691344,0.801986776200934,0.6068199723028689,0.6619918948209699,0.6480711070694898,1.309292617105835,-0.049228365936931695,-0.8142760179375444,2.1381483147494924,0.7,Energy,ExxonMobil Holdings Corporation,0.0108,2026-10-02,True,
AMD,Extended (wait),False,69.69572810199458,,2026-11-03,False,True,momentum leader; strong trend structure; volume accumulation,633.9099731445312,576.2180287156938,9.100968098459578,720.4478897877875,806.9858064310437,0.9439,598.3476236511231,2197.4316478587493,199.9875532570794,1.0,6.592294943576248,15,Too far above the 21-EMA. Set an alert for a pullback toward it.,Stop 576.2; to breakeven at +1.0R; trail 2.5×ATR from +1.0R; scale 1/2 at T1 (+1.5R); time-stop 15 bars if < +0.5R,55-day high sits before T1 (resistance); crowd euphoric on social (contrarian caution),633.9099731445312,24.207963262225014,3.8188330027591486,70.0723975533013,93.38921485283393,25.827877615885022,2.4758613976851342,0.9821057099821214,0.38692945462431516,0.1482836467016857,1.9145286121587644,1.7867813722751116,0.8034101853164892,12885467729.176636,0.0,0.0,0.0,1.0,0.9752923609873716,0.9823008849557522,0.8546154265009537,1.0743204404813673,2.040836348795207,-0.76819397717572,-0.5245647583116761,2.228462859023477,-0.15988634886163408,0.9037017259721981,5.780553748354887,0.9090909090909091,Technology,"Advanced Micro Devices, Inc.",0.024600001,2026-10-02,False,not actionable today
ABBV,Pullback in uptrend,True,69.2687536624018,,2026-10-30,False,True,strong trend structure; favourable entry timing,261.65358578697044,251.3456769267772,3.93952516614299,277.1154490772603,292.5773123675501,5.2033,1361.4621029253433,4999.969572993323,196.97505962756412,1.0,14.99990871897997,15,"Limit near the 21-EMA, or at market on the first up-close / reclaim day.",Stop 251.3; to breakeven at +1.0R; trail 2.5×ATR from +1.0R; scale 1/2 at T1 (+1.5R); time-stop 15 bars if < +0.5R,size capped at 25% of capital; 55-day high sits before T1 (resistance); Ex-dividend 2026-10-15,262.82000732421875,5.153954430096621,1.9610205792813273,53.783026376642496,64.58549484299907,17.22191938600131,0.22631584214966458,0.9756115410112999,0.004202988301944988,0.038980752205142855,0.2779478368923325,0.10417918105600155,0.9712056803527493,1115368080.0350952,0.0,0.0,0.0,1.0,0.5489849085246652,0.8849557522123894,0.5079462415070237,0.9135515026099784,0.3286015244315324,0.5677559432798334,0.4441295179599507,0.4475090190188326,0.15981273774639598,0.5277704091265193,1.7189644236907529,1.0,Healthcare,AbbVie Inc.,0.0123000005,2026-10-02,True,
AAPL,Pullback in uptrend,True,68.32807264306199,,2026-10-29,False,True,favourable entry timing,331.0239878138702,316.95720944055546,4.2494740233823345,352.12415537384226,373.22432293381434,3.8714,1281.526266422617,4706.405213437061,199.99746698011984,1.0,14.119215640311186,15,"Limit near the 21-EMA, or at market on the first up-close / reclaim day.",Stop 317; to breakeven at +1.0R; trail 2.5×ATR from +1.0R; scale 1/2 at T1 (+1.5R); time-stop 15 bars if < +0.5R,55-day high sits before T1 (resistance),333.69000244140625,7.033389186657367,2.107761435823173,54.73837265460698,62.385708386206694,17.18980134924186,0.3790512023127645,0.9662651473329904,0.026864879418655896,0.06818197581868257,0.306210883034,0.27680709524796754,0.8356896502573355,13988005526.706696,0.0,0.0,0.0,1.0,0.5779472710402536,0.8938053097345132,0.4805562409996245,0.7115797320708347,0.4627865521316834,0.7760082041198995,0.4465838742436185,0.43285614342768275,-0.25615350821552463,0.43813774988974125,3.9225202054596564,0.8888888888888888,Technology,Apple Inc.,0.0088,2026-10-02,False,sector cap (Technology)
TMO,Pullback in uptrend,True,67.95132940493255,Earnings in 16d — binary gap risk,2026-10-21,False,True,strong trend structure; favourable entry timing; volume accumulation,649.147570318308,618.0064773606241,4.797228608960815,695.8592097548338,742.5708491913597,1.7487,1135.164356215625,4168.891098201882,199.99123643936144,1.0,12.506673294605648,15,"Limit near the 21-EMA, or at market on the first up-close / reclaim day.",Stop 618; to breakeven at +1.0R; trail 2.5×ATR from +1.0R; scale 1/2 at T1 (+1.5R); time-stop 15 bars if < +0.5R,55-day high sits before T1 (resistance),654.7999877929688,15.570546478841958,2.3779087918622523,56.66382832662625,18.92563520255392,42.11069179009043,0.36301985176573864,0.9578280401914399,0.07684275410549546,0.26603923145795494,0.3347145059578076,0.14975760611995637,1.0029975276590053,1499171467.3980713,0.0,0.0,0.0,1.0,1.0023987709727626,0.9911504424778761,0.7892702127134912,1.935365810880431,0.7559470520711629,0.7039692272421096,-0.028306808540286485,1.2309438835204536,-0.5010726188841185,0.3745845782369281,0.9488262193238494,1.0,Healthcare,Thermo Fisher Scientific Inc,0.0136,2026-10-02,False,sector cap (Healthcare)
CRWD,Extended (wait),False,66.89520381036704,,2026-12-01,False,True,momentum leader; strong trend structure; volume accumulation; new 55-day high,270.0400085449219,229.98943233066552,14.831349039745653,330.1158728663064,390.19173718769093,1.3597,367.17339961853025,1348.4443100990522,199.9924822373807,1.0,4.045332930297157,15,Too far above the 21-EMA. Set an alert for a pullback toward it.,Stop 230; to breakeven at +1.0R; trail 2.5×ATR from +1.0R; scale 1/2 at T1 (+1.5R); time-stop 15 bars if < +0.5R,,270.0400085449219,11.443021775501817,4.237528297070188,68.74572609292407,95.51452047200755,25.260903150936112,2.144801532376257,0.9872228597057188,0.32749980815871904,0.35439864545915967,1.7063540975002685,0.6274902123821064,0.7622174910189922,2567842016.8593597,0.0,1.0,1.0,1.0,1.0321310544988924,1.0,0.7515020513484681,2.0414658617726693,1.8629592906700994,-0.7428333579033595,-0.7207973162968467,1.3517658389224378,-0.4725697371308053,-0.2694581853756526,2.4884436014838904,0.8,Technology,"CrowdStrike Holdings, Inc.",0.0277,2026-10-02,False,not actionable today
CRM,Pullback in uptrend,True,66.4568764732766,,2026-12-02,False,True,strong trend structure; favourable entry timing; distribution in volume,234.69000244140625,217.11855613536753,7.487087700050491,261.0471719004643,287.4043413595224,3.0992,727.3512555664063,2671.197486067627,199.9948984234272,1.0,8.013592458202881,15,"Limit near the 21-EMA, or at market on the first up-close / reclaim day.",Stop 217.1; to breakeven at +1.0R; trail 2.5×ATR from +1.0R; scale 1/2 at T1 (+1.5R); time-stop 15 bars if < +0.5R,,234.69000244140625,8.785723153019363,3.743543850025246,51.494252343311615,62.318079730265396,19.771264007360593,-0.030573710123905452,0.8763666994100537,-0.08495345713668345,0.4192749211426474,0.2624169265128464,0.09743377467229286,0.7485836259176508,2912990248.0052185,0.0,0.0,0.0,1.0,0.4389949027051141,0.831858407079646,0.4273258642256308,0.9011302491996295,0.7915192610465386,0.7365561355141798,-0.01915512440388217,-1.3547785082420807,0.15241533164178064,0.6088840889736141,2.1267615638326367,1.0,Technology,"Salesforce, Inc.",0.0454,2026-10-02,False,sector cap (Technology)
CVX,Pullback in uptrend,True,66.0588924742883,,2026-10-30,False,True,favourable entry timing; quality/growth fundamentals,206.36325525801516,198.1841827437607,3.9634345290920177,218.63186402939687,230.90047280077857,6.5974,1361.4609402392293,4999.96530302857,198.17035126285467,1.0,14.999895909085712,15,"Limit near the 21-EMA, or at market on the first up-close / reclaim day.",Stop 198.2; to breakeven at +1.0R; trail 2.5×ATR from +1.0R; scale 1/2 at T1 (+1.5R); time-stop 15 bars if < +0.5R,size capped at 25% of capital; 55-day high sits before T1 (resistance),206.69000244140625,4.089536257127234,1.9785844544109292,51.93026758998828,67.72555893851603,17.601507064247098,0.0798983461319453,0.9490770667643842,-0.024034358141606593,0.24029633861933886,0.05746318491239122,0.42402075330244293,0.7939793488795033,2052372150.7943726,0.0,0.0,0.0,1.0,0.4573288965061232,0.8584070796460177,0.4161998520161587,0.5087216036389222,0.6496427648135966,0.7927590979589348,0.4399216095598092,-0.6119792037610629,0.5509869805796911,-0.04761963246708978,1.8121589925033763,0.875,Energy,Chevron Corporation,0.0106,2026-10-02,False,correlated with XOM (0.85)
PLTR,No clean setup,False,65.96998800053076,,2026-11-02,False,True,strong trend structure; volume accumulation,188.75,175.1916768366589,7.18321756998204,209.08748474501164,229.4249694900233,4.0166,758.1332500000001,2784.2443606250004,199.99833010364912,1.0,8.352733081875002,0,No actionable pattern today.,Stop 175.2; to breakeven at +1.0R; trail 2.5×ATR from +1.0R; scale 1/2 at T1 (+1.5R); time-stop 15 bars if < +0.5R,55-day high sits before T1 (resistance),188.75,6.273270680708159,3.323587115606972,61.17985788011922,50.31067997119574,27.517550762378455,1.0399671234778505,0.9095508679355216,0.11383212865501613,0.4240984575313709,0.2713861744852626,-0.08375231408470818,0.5060756695436076,4140820168.4645844,0.0,0.0,0.0,1.0,0.865684517767998,0.9557522123893806,0.7193967615394189,1.7834445543014552,0.7866040684643617,0.009653218919391705,0.31920819463889144,1.0583888393621896,0.21332400666230072,0.05516746658790298,4.120491521600214,0.8,Technology,Palantir Technologies Inc.,0.027999999,2026-10-02,False,not actionable today
DE,Squeeze (pre-breakout),True,64.61706984012406,,2026-11-25,False,True,strong trend structure; favourable entry timing; volatility compression; Bollinger/Keltner squeeze on,721.2701539679749,659.4217958757818,8.574922690470746,814.0426911062647,906.8152282445544,0.8805,635.0783705688019,2332.325315913925,199.99509272989667,1.0,6.996975947741776,15,Buy-stop just above the 20-day high (+0.1 ATR). Let price trigger it; don't anticipate.,Stop 659.4; to breakeven at +1.0R; trail 2.5×ATR from +1.0R; scale 1/2 at T1 (+1.5R); time-stop 15 bars if < +0.5R,,687.0,17.67095945491235,2.5721920603948107,56.57491009959206,78.20818162799776,18.751782242852187,0.6032932970858428,0.9548256846721171,-0.013933335114637901,0.08406177600971598,0.19925703608625556,0.559907850160031,1.0094737326443153,866130007.1170044,1.0,0.0,0.0,1.0,0.6145669568254902,0.9026548672566371,0.37640569370242555,1.037125937185262,0.5369851071716305,0.6037518220670625,0.710247721583825,-0.11605444238009731,-0.7431345490822928,-0.4093441684973738,0.9889155048106089,0.8333333333333334,Industrials,Deere & Company,0.0208,2026-10-02,True,
XLE,Pullback in uptrend,True,63.8842187234648,,,False,True,favourable entry timing,62.689737341119276,60.27663090439612,3.8492846502012004,66.30939699620401,69.92905665128873,21.7175,1361.464370705758,4999.977901416896,192.46338187269268,1.0,14.99993370425069,15,"Limit near the 21-EMA, or at market on the first up-close / reclaim day.",Stop 60.28; to breakeven at +1.0R; trail 2.5×ATR from +1.0R; scale 1/2 at T1 (+1.5R); time-stop 15 bars if < +0.5R,size capped at 25% of capital; 55-day high sits before T1 (resistance),62.81999969482422,1.2065532183615766,1.9206514234685443,51.649364135781134,87.59674416253682,18.71615194390646,0.10796237722678396,0.9550159741988189,-0.029287222624625575,0.18941096231654475,0.07424704500107349,0.4900491886373659,1.0792720242658578,2191601269.854107,0.0,0.0,0.0,1.0,0.4671969952630652,0.8672566371681416,0.356464023911618,0.45426661676075236,0.6133124999007303,0.7685265207722417,0.22365938167753568,-0.08068768400470784,,-0.5293997468999596,2.375975294382481,0.75,ETF,State Street Energy Select Sect,,2026-10-02,False,max 6 positions in RISK_ON
AMGN,Pullback in uptrend,True,63.38183372227667,,2026-11-03,False,True,strong trend structure; favourable entry timing,403.0400085449219,379.31700375269287,5.886017340530325,438.6245157332654,474.2090229216089,2.2956,925.2186436157226,3397.8654686787413,199.9989506943227,1.0,10.193596406036226,15,"Limit near the 21-EMA, or at market on the first up-close / reclaim day.",Stop 379.3; to breakeven at +1.0R; trail 2.5×ATR from +1.0R; scale 1/2 at T1 (+1.5R); time-stop 15 bars if < +0.5R,,403.0400085449219,10.33196057516608,2.5635074325417757,47.83912144460854,9.60189754925986,27.051545346827222,-0.39826353555925065,0.9015949928315811,-0.0898744199306718,0.10630771768293523,0.1739285718412662,0.5247052269476951,1.0995274981066512,1322948525.081787,0.0,0.0,0.0,1.0,0.529978259974485,0.8761061946902655,0.3428955139883378,0.8782437800823494,0.4342253969769878,0.7073519254657147,-0.05297541261437773,0.3897225516045167,-0.22220654453025707,-0.5886643953822442,1.2248937574888825,0.7857142857142857,Healthcare,Amgen Inc.,0.025999999,2026-10-02,False,max 6 positions in RISK_ON
EEM,Pullback in uptrend,True,63.11937692427069,,,False,True,favourable entry timing,67.2676976223541,65.20110227207607,3.0721957541642895,70.36759064777115,73.46748367318821,20.2395,1361.464566027636,4999.978618736493,153.60913083394482,1.0,14.999935856209483,15,"Limit near the 21-EMA, or at market on the first up-close / reclaim day.",Stop 65.2; to breakeven at +1.0R; trail 2.5×ATR from +1.0R; scale 1/2 at T1 (+1.5R); time-stop 15 bars if < +0.5R,size capped at 25% of capital; 55-day high sits before T1 (resistance),67.66999816894531,1.033297675139016,1.526965720553559,52.87016512899398,80.79146159411957,9.424409881179544,0.38933654480262175,0.9455078728167028,0.007743806868954595,0.0014799241464071855,0.20200975469609062,0.27211048207671107,0.9652369526430757,1325869766.1748505,0.0,0.0,0.0,1.0,0.33583844498537735,0.7610619469026548,0.33583844498537735,0.2247193094558663,0.23280175992932983,0.7366825402010913,0.055454597994643556,0.4947861328516813,,,,,ETF,iShares MSCI Emerging Index Fun,,2026-10-02,False,max 6 positions in RISK_ON
META,Momentum continuation,True,63.04159124705221,,2026-10-28,False,True,strong trend structure; volume accumulation,728.0800170898438,673.243472274524,7.531664587431327,810.3348343128233,892.5896515358029,0.4965,361.49172848510744,1327.578372861557,99.98875017921091,0.5,3.9827351185846713,15,Half-size starter at market; add on a 2–3 day tight consolidation.,Stop 673.2; to breakeven at +1.0R; trail 2.5×ATR from +1.0R; scale 1/2 at T1 (+1.5R); time-stop 15 bars if < +0.5R,55-day high sits before T1 (resistance),728.0800170898438,25.426013245654058,3.4922003967754183,61.53780692312394,48.65340923975958,39.68607722731093,1.322344554368279,0.9336513685870802,0.2290708842756044,0.21383774642211906,0.2695921368463412,-0.17139455110645996,0.9785252567674365,16626034997.92389,0.0,0.0,0.0,1.0,0.38100834446399506,0.7787610619469026,0.33375093404289613,0.9648828816568235,0.41663613224824414,-0.12120555272689922,-0.5571025808565971,0.8156215717246481,-0.044308349325895106,,,,Communication Services,"Meta Platforms, Inc.",0.014099999,2026-10-02,False,max 6 positions in RISK_ON
NVDA,Momentum continuation,True,62.75904479655374,,2026-11-17,False,True,volatility compression; quality/growth fundamentals,233.9499969482422,219.61441067087398,6.127628324158403,255.4533763642945,276.95675578034684,1.8994,444.3646242034912,1631.9290823873214,99.99854868254383,0.5,4.895787247161965,15,Half-size starter at market; add on a 2–3 day tight consolidation.,Stop 219.6; to breakeven at +1.0R; trail 2.5×ATR from +1.0R; scale 1/2 at T1 (+1.5R); time-stop 15 bars if < +0.5R,55-day high sits before T1 (resistance),233.9499969482422,5.902342668066559,2.5229077773283155,63.01107968379264,95.186943693792,16.015164817612835,1.5806103183478244,0.9834790320585945,0.04367796703392446,0.1977078628548592,0.32186010798593445,0.20004391571319902,0.9815798149035357,24630934462.001266,0.0,0.0,0.0,1.0,0.4496746746920631,0.8407079646017699,0.32618350362342574,0.6933052714599134,0.7027113945749595,-0.5520199949854958,0.7983632529616368,0.4836751076958863,0.8591863583055848,-1.1947487196078326,6.088659740695938,0.45454545454545453,Technology,NVIDIA Corporation,0.0127,2026-10-02,False,max 6 positions in RISK_ON
LLY,Mean-reversion bounce,True,62.04884857786797,,,False,True,favourable entry timing; volatility compression,1142.8499755859375,1079.0249340734963,5.584726156179703,1238.5875378545993,1334.325100123261,0.8532,975.0795991699218,3580.979827951538,199.98791709912845,1.0,10.742939483854617,7,Buy at market; exit on a close above the 8-EMA or after 5–7 days.,Stop 1079; to breakeven at +1.0R; trail 2.5×ATR from +1.0R; scale 1/2 at T1 (+1.5R); time-stop 15 bars if < +0.5R,,1142.8499755859375,31.912520756220623,2.7923630780898536,43.04863914323339,3.640632677162216,17.531826051904936,-0.6075074916085679,0.8841139937346716,-0.01485240769726548,-0.046308047663068286,0.2253979223582252,0.4143059369931701,0.8885077349356526,2597997029.538574,0.0,0.0,0.0,0.0,0.31965792138967997,0.7256637168141593,0.3072638195206425,0.039767278634615814,0.10433998364216193,0.6403725530224081,0.7736733956686185,0.482646629540572,0.20811100456834253,,,,Healthcare,Eli Lilly and Company,0.0084,2026-10-02,False,max 6 positions in RISK_ON
PFE,Pullback in uptrend,True,61.7307296804782,,,False,True,favourable entry timing; volume accumulation,27.799999237060547,26.770946736426986,3.7016278017076987,29.34357798801089,30.88715673896123,48.9737,1361.4688226360322,4999.994251130828,185.08117728364536,1.0,14.999982753392487,15,"Limit near the 21-EMA, or at market on the first up-close / reclaim day.",Stop 26.77; to breakeven at +1.0R; trail 2.5×ATR from +1.0R; scale 1/2 at T1 (+1.5R); time-stop 15 bars if < +0.5R,size capped at 25% of capital; 55-day high sits before T1 (resistance),27.799999237060547,0.5145262503167816,1.8508139008538524,47.885719512173864,3.028834035327634,29.469936197347234,-0.4874004280815077,0.9517288636903234,-0.04204001383386402,0.19250975369192114,0.01529822074200915,0.14131711723105633,0.8734387527538037,906464677.5559807,0.0,0.0,0.0,1.0,0.4095707854984769,0.8053097345132744,0.29883414015052356,-0.012774621921207574,0.40650088845476684,0.8241866687159963,0.14337300314873336,0.9062103004705852,-0.00883834150740288,-0.2793865409751772,2.4385290244676585,0.8,Healthcare,"Pfizer, Inc.",0.0272,2026-10-02,False,max 6 positions in RISK_ON
MRVL,No clean setup,False,61.62933412821164,,2026-12-01,False,True,momentum leader; strong trend structure; volume accumulation; new 55-day high,272.2900085449219,241.73862577983746,11.220162990315565,318.1170826925485,363.9441568401751,1.7825,485.3569402313232,1782.4733629995344,199.99641658750699,1.0,5.347420088998604,0,No actionable pattern today.,Stop 241.7; to breakeven at +1.0R; trail 2.5×ATR from +1.0R; scale 1/2 at T1 (+1.5R); time-stop 15 bars if < +0.5R,Ex-dividend 2026-10-09,272.2900085449219,13.005518853306388,4.7763481748030285,64.99195427302112,92.2225952312931,22.499939806306685,1.767800967041695,0.825625004996225,0.31872343170823436,0.0926191501047322,1.5440529967380296,1.466562336832736,0.7465962062122121,4334792136.428375,0.0,1.0,1.0,1.0,0.8095495684923005,0.9469026548672567,0.57884310316529,1.0213772867536983,1.4672627196090648,-0.3254721395101589,-0.35170944017694866,1.6054028248505325,-0.3058556331522979,-0.38210988313320704,2.4529261878792825,0.7777777777777778,Technology,"Marvell Technology, Inc.",0.0418,2026-10-02,False,max 6 positions in RISK_ON
XBI,Squeeze (pre-breakout),True,61.296971670252134,,,False,True,volatility compression; Bollinger/Keltner squeeze on,166.3666821462819,152.13304201176723,8.555583336090937,187.71714234805393,209.06760254982592,3.826,636.5189258916746,2337.615755337175,199.99666402546364,1.0,7.0128472660115255,15,Buy-stop just above the 20-day high (+0.1 ATR). Let price trigger it; don't anticipate.,Stop 152.1; to breakeven at +1.0R; trail 2.5×ATR from +1.0R; scale 1/2 at T1 (+1.5R); time-stop 15 bars if < +0.5R,55-day high sits before T1 (resistance),154.42999267578125,4.0667543241470465,2.633396695604987,43.54840709599934,17.592550431193132,11.488095795926464,-0.735629621246101,0.9089999012925467,-0.06615470015375968,-0.03967418058375283,0.1986784686201437,0.6380309811087483,1.0099499229064812,1377620081.261673,1.0,0.0,0.0,1.0,0.28738286971411836,0.6814159292035398,0.28738286971411836,0.1757733032696411,0.258665571774385,0.4676513171013185,0.7879459027270724,-0.1885704566413482,,,,,ETF,State Street SPDR S&P Biotech E,,2026-10-02,False,max 6 positions in RISK_ON
COP,Pullback in uptrend,True,60.7404684757844,,,False,True,favourable entry timing,126.75,120.42919813588199,4.9868259282982335,136.231202796177,145.71240559235403,8.6158,1092.05265,4010.563357125,199.99981336393756,1.0,12.031690071375001,15,"Limit near the 21-EMA, or at market on the first up-close / reclaim day.",Stop 120.4; to breakeven at +1.0R; trail 2.5×ATR from +1.0R; scale 1/2 at T1 (+1.5R); time-stop 15 bars if < +0.5R,,126.75,3.160400932059002,2.493412964149114,44.8978708921246,61.641120964703774,20.00153599605996,-0.7537004569738532,0.895000736973032,-0.07616616020905875,0.23185366683757858,-0.015142150546991862,0.4825627126748546,0.9287470982087592,902110895.7458496,0.0,0.0,0.0,1.0,0.28494819086946716,0.672566371681416,0.2727599476653069,0.2036001302209754,0.5057330497921486,0.6358989074466331,0.3525587116963935,-0.6983544308329287,0.17525400203202518,,,,Energy,ConocoPhillips,0.0134000005,2026-10-02,False,max 6 positions in RISK_ON
NOW,Squeeze (pre-breakout),True,59.83395778390465,,,False,True,strong trend structure; favourable entry timing; Bollinger/Keltner squeeze on,148.17394920319012,127.03598343919187,14.265642427476829,179.8808978491875,211.58784649518486,2.5763,381.74054533217867,1401.9421527324262,199.99605454887896,1.0,4.205826458197279,15,Buy-stop just above the 20-day high (+0.1 ATR). Let price trigger it; don't anticipate.,Stop 127; to breakeven at +1.0R; trail 2.5×ATR from +1.0R; scale 1/2 at T1 (+1.5R); time-stop 15 bars if < +0.5R,55-day high sits before T1 (resistance),134.3800048828125,6.039418789713787,4.494283799870766,50.348044298580824,42.558365459132624,19.030025656235196,-0.10947466224722457,0.696392123496191,-0.01711524515065821,0.2450662883614234,0.31745102826286775,-0.25079180380423705,0.580298435291449,1612095306.066742,1.0,0.0,0.0,1.0,0.3094377789438622,0.7168141592920354,0.2490946487819149,0.9735296157645837,-0.024156816793440283,0.888962101887873,-0.0507295198309756,-0.6938785909955033,-0.2336503925136637,,,,Technology,"ServiceNow, Inc.",0.0279,2026-10-02,False,max 6 positions in RISK_ON
ETN,Pullback in uptrend,True,59.330878287174855,,,False,True,volume accumulation,429.1235896315875,401.17800675168746,6.512245785390628,471.04196395143754,512.9603382712876,1.9487,836.2331391150746,3071.066203400111,199.99537939747972,1.0,9.213198610200335,15,"Limit near the 21-EMA, or at market on the first up-close / reclaim day.",Stop 401.2; to breakeven at +1.0R; trail 2.5×ATR from +1.0R; scale 1/2 at T1 (+1.5R); time-stop 15 bars if < +0.5R,,436.1099853515625,13.972791439950006,3.2039604478870354,56.306738183937576,60.98815910822413,11.305079953632735,0.6928270882740503,0.9123639860911349,0.11579884493096282,0.05747901129653776,0.2140435504171072,0.05715739176400403,0.9271879668505075,891145561.4924622,0.0,0.0,0.0,1.0,0.3258936066395278,0.7345132743362832,0.23603797459688358,0.5324134747887846,0.16849800169505463,0.43278463081458707,-0.1369756809065269,0.6088756339856628,-0.4828070817442704,,,,Industrials,"Eaton Corporation, PLC",0.02,2026-10-02,False,max 6 positions in RISK_ON
GILD,Pullback in uptrend,True,59.09015363610545,,,False,True,volatility compression,144.74000549316406,137.85782397841402,4.754857851014164,155.06327776528911,165.3865500374142,7.913,1145.3276634674073,4206.215844084053,199.99958429303229,1.0,12.618647532252162,15,"Limit near the 21-EMA, or at market on the first up-close / reclaim day.",Stop 137.9; to breakeven at +1.0R; trail 2.5×ATR from +1.0R; scale 1/2 at T1 (+1.5R); time-stop 15 bars if < +0.5R,55-day high sits before T1 (resistance),144.74000549316406,3.441090757375022,2.3774289255070817,44.47660643182267,2.971389717737779,28.576166032158138,-0.949582378800574,0.9367657548976168,-0.027102356766363522,0.12302457761442898,0.04868524101114091,0.37155884738395706,0.8288388702556909,880393569.9530792,0.0,0.0,0.0,1.0,0.2876336642424604,0.6902654867256637,0.22980845557585514,0.15323009976516797,0.3836449255597533,0.44395790528048656,0.5152674493287562,-0.14570750673952185,-0.2327932137569871,,,,Healthcare,"Gilead Sciences, Inc.",0.0148,2026-10-02,False,max 6 positions in RISK_ON
SMH,Extended (wait),False,58.00233224741865,,,False,True,volume accumulation; new 55-day high,630.5999755859375,577.034456784017,8.494373751307037,710.9482537888182,791.2965319916989,1.0166,641.067935180664,2354.3219919509884,199.98490930553376,1.0,7.062965975852966,15,Too far above the 21-EMA. Set an alert for a pullback toward it.,Stop 577; to breakeven at +1.0R; trail 2.5×ATR from +1.0R; scale 1/2 at T1 (+1.5R); time-stop 15 bars if < +0.5R,,630.5999755859375,15.304433943405861,2.42696392894487,68.60750947533504,97.55892744128518,17.970256833476554,2.6044989117926445,0.9386302480462219,0.1455457018599713,0.04352141043229518,0.6073612454457384,0.654807936122922,0.6803655444719534,3769767338.3502197,0.0,1.0,1.0,1.0,0.4346168609664582,0.8230088495575221,0.4711743655826813,0.6823285613239544,0.7341261662063343,-0.8971459269951788,0.24914916140173107,1.3735320786589578,,0.7636344025124656,2.9047651683561186,1.0,ETF,VanEck Semiconductor ETF,,2026-10-02,False,max 6 positions in RISK_ON
BRK-B,Pullback in uptrend,True,57.37635446780307,,,False,True,favourable entry timing; volume accumulation,502.6499938964844,491.1416277427239,2.2895387035716306,519.912543127125,537.1750923577657,2.7085,1361.4275084686278,4999.842524851036,114.47332972409748,1.0,14.99952757455311,15,"Limit near the 21-EMA, or at market on the first up-close / reclaim day.",Stop 491.1; to breakeven at +1.0R; trail 2.5×ATR from +1.0R; scale 1/2 at T1 (+1.5R); time-stop 15 bars if < +0.5R,size capped at 25% of capital,502.6499938964844,5.754183076880216,1.1447693517858137,46.50038243192086,71.35544578857062,10.307707042326987,-0.4106438402700977,0.934745421625428,-0.005126269471838807,-0.007757891705065689,0.05300091645433502,0.014130826685765374,1.0318402857438471,2368481074.551239,0.0,0.0,0.0,1.0,0.18576444790998603,0.6371681415929203,0.18576444790998603,-0.03774451465823734,-0.02438513512058929,0.6679934491656395,-0.26508230265064275,0.8856595793000196,,,,,,,,2026-10-02,False,max 6 positions in RISK_ON
VRTX,Pullback in uptrend,True,56.5018875555787,,,False,True,volatility compression,504.7300109863281,480.7316595022128,4.75469081721899,540.7275382125011,576.7250654386742,2.2692,1145.3333409301758,4206.236694566071,199.99354986702855,1.0,12.618710083698213,15,"Limit near the 21-EMA, or at market on the first up-close / reclaim day.",Stop 480.7; to breakeven at +1.0R; trail 2.5×ATR from +1.0R; scale 1/2 at T1 (+1.5R); time-stop 15 bars if < +0.5R,,504.7300109863281,11.999175742057686,2.377345408609498,39.03390027350097,2.9553126489803105,16.39118270169661,-1.2676355847285907,0.9009014029207106,-0.09343509477085199,-0.04694200156440109,0.15048670150474597,0.37737812466190457,0.8419582385340443,522942407.9766846,0.0,0.0,0.0,1.0,0.16347281286674517,0.6194690265486725,0.16347281286674517,0.1735208166555677,0.07272578989206416,0.183926624264047,0.7128471321073161,-0.2098106736107215,,,,,,,,2026-10-02,False,max 6 positions in RISK_ON
KO,Pullback in uptrend,True,56.342187170387554,,,False,True,no dominant factor,85.6500015258789,83.21899652139723,2.8383011805868503,89.29650903260142,92.94301653932393,15.8957,1361.4667292549134,4999.98656318867,141.91467765216788,1.0,14.99995968956601,15,"Limit near the 21-EMA, or at market on the first up-close / reclaim day.",Stop 83.22; to breakeven at +1.0R; trail 2.5×ATR from +1.0R; scale 1/2 at T1 (+1.5R); time-stop 15 bars if < +0.5R,size capped at 25% of capital,85.6500015258789,1.2155025022408412,1.4191505902934287,38.37412700878306,2.167452484851921,15.38945177301578,-1.3895214573631571,0.9315719514398593,-0.023559760873702373,0.03858590151586139,0.13030978131348436,0.348434172987776,1.051451075196829,1385694870.9542084,0.0,0.0,0.0,1.0,0.15941333016439227,0.6106194690265486,0.15941333016439227,0.12050301821093472,0.2621708510759762,0.18363737345433656,0.23374936781620592,-0.13033195079438256,,,,,,,,2026-10-02,False,max 6 positions in RISK_ON
QQQ,Momentum continuation,True,55.99923963105538,,,False,True,volume accumulation; new 55-day high,749.5800170898438,725.4378537427873,3.220758664403243,785.7932621104285,822.0065071310131,1.1278,845.3763432739257,3104.644620673492,99.99311061927071,0.5,9.313933862020479,15,Half-size starter at market; add on a 2–3 day tight consolidation.,Stop 725.4; to breakeven at +1.0R; trail 2.5×ATR from +1.0R; scale 1/2 at T1 (+1.5R); time-stop 15 bars if < +0.5R,,749.5800170898438,9.488575263225918,1.265852216827257,65.5918980165431,94.5277181045528,14.088433749990735,1.972205721014905,0.9934265100830479,0.05797912352865575,0.038102234624215914,0.28412209550049283,0.17999281519373045,0.951581919550708,24662063354.744568,0.0,1.0,1.0,1.0,0.15070699859048542,0.584070796460177,0.15070699859048542,0.5469213870814855,0.40421649113701796,-0.7061715096572019,-0.8895053775748084,1.0500346287789786,,,,,,,,2026-10-02,False,max 6 positions in RISK_ON
XLV,Pullback in uptrend,True,54.51843353845106,,,False,True,no dominant factor,166.17999267578125,161.4193330097985,2.864761027683308,173.3209821747554,180.46197167372952,8.1927,1361.4628259948731,4999.972228466171,143.2372557960875,1.0,14.999916685398516,15,"Limit near the 21-EMA, or at market on the first up-close / reclaim day.",Stop 161.4; to breakeven at +1.0R; trail 2.5×ATR from +1.0R; scale 1/2 at T1 (+1.5R); time-stop 15 bars if < +0.5R,size capped at 25% of capital,166.17999267578125,2.3803298329913853,1.432380513841658,42.55154819768217,4.511980426074956,15.0429620307409,-0.9936446583964148,0.9445978323243092,-0.035466970052353886,0.029982568142372212,0.14128254507458315,0.22094971903934235,1.044227047698679,1362824265.5350494,0.0,0.0,0.0,1.0,0.1132698521189763,0.5663716814159292,0.1132698521189763,0.15154471193965494,0.21893655954410393,0.46259589546129753,-0.1524518647857804,-0.48571398419392525,,,,,,,,2026-10-02,False,max 6 positions in RISK_ON
SPY,Pullback in uptrend,True,54.30072618627945,,,False,True,no dominant factor,766.2683788908084,752.7818358602923,1.7600286534122986,786.4981934365826,806.7280079823569,1.7767,1361.4290287752992,4999.848108177286,87.99875933101299,1.0,14.99954432453186,15,"Limit near the 21-EMA, or at market on the first up-close / reclaim day.",Stop 752.8; to breakeven at +1.0R; trail 2.5×ATR from +1.0R; scale 1/2 at T1 (+1.5R); time-stop 15 bars if < +0.5R,size capped at 25% of capital; costs > 15% of risk budget; 55-day high sits before T1 (resistance),769.6400146484375,6.743271515258076,0.8761591636238304,55.39130245115545,86.84498242687026,9.564163407937142,0.6982813317077873,0.9899677453473794,0.008352759719697067,0.02698216277875387,0.17948068466436262,0.15416147130731095,1.0702246464092486,35162410153.09601,0.0,0.0,0.0,1.0,0.10778449560215145,0.5575221238938053,0.10778449560215145,0.49373052698775016,0.29878713339207374,0.2999919979050842,-0.9325275257108264,-0.38961339378527265,,,,,,,,2026-10-02,False,max 6 positions in RISK_ON
DHR,Pullback in uptrend,True,54.25336289547701,Earnings in 16d — binary gap risk,2026-10-21,False,True,strong trend structure; favourable entry timing; volume accumulation,214.05999755859375,202.14871100292623,5.5644616890211305,231.92692739209502,249.7938572255963,4.572,978.6823088378907,3594.2107792071533,199.99848183164988,1.0,10.782632337621463,15,"Limit near the 21-EMA, or at market on the first up-close / reclaim day.",Stop 202.1; to breakeven at +1.0R; trail 2.5×ATR from +1.0R; scale 1/2 at T1 (+1.5R); time-stop 15 bars if < +0.5R,55-day high sits before T1 (resistance),214.05999755859375,5.955643277833753,2.7822308445105626,50.37645996374767,29.67511229995641,26.969441027122098,-0.18837739788446414,0.88691221585067,0.021577553576866748,0.10752692586316548,0.12434194955806177,-0.008428804935960654,1.1156173333132888,941810227.6176453,0.0,0.0,0.0,1.0,0.45629932548710583,0.8495575221238938,0.3664861659263401,0.8216407812396065,0.11742204907194596,0.737807894321532,-0.2540193642622374,0.860865441517708,-0.27856813003853725,0.2930351854050912,0.5388385422782589,1.0,Healthcare,Danaher Corporation,0.013300001,2026-10-02,False,max 6 positions in RISK_ON
CSCO,No clean setup,False,54.115643890514576,,2026-11-12,False,True,volatility compression; Bollinger/Keltner squeeze on,112.19999694824219,103.44629684635566,7.801871960767166,125.33054710107197,138.46109725390176,6.2212,698.0186210144043,2563.4733856753996,199.99891129873774,1.0,7.6904201570262,0,No actionable pattern today.,Stop 103.4; to breakeven at +1.0R; trail 2.5×ATR from +1.0R; scale 1/2 at T1 (+1.5R); time-stop 15 bars if < +0.5R,55-day high sits before T1 (resistance),112.19999694824219,2.6404685871255893,2.35335887606453,58.15803173694738,99.3686901289306,26.74089746735081,1.3114985908713075,0.8671958951285795,0.029005713511640607,-0.01180064849272544,0.43073058984465096,0.6251129850768162,0.808511573559099,1988587216.3223648,1.0,1.0,0.0,0.0,0.3887950722190487,0.7876106194690266,0.3627418444058787,0.3569782477322909,0.36244960333760734,0.2078281752012001,0.7995969644126316,0.3789408467293573,-0.14694402692313646,0.6640018932295338,2.403865043650527,1.0,Technology,"Cisco Systems, Inc.",0.0146,2026-10-02,False,max 6 positions in RISK_ON
V,Pullback in uptrend,True,53.80141226083789,,,False,True,no dominant factor,360.6600036621094,349.19236040253475,3.1796271122756075,377.8614685514713,395.06293344083326,3.7749,1361.4554478240968,4999.945132133996,158.97961102023694,1.0,14.999835396401988,15,"Limit near the 21-EMA, or at market on the first up-close / reclaim day.",Stop 349.2; to breakeven at +1.0R; trail 2.5×ATR from +1.0R; scale 1/2 at T1 (+1.5R); time-stop 15 bars if < +0.5R,size capped at 25% of capital,360.6600036621094,5.73382162978732,1.5898135561378055,41.30592255909149,38.31879161150111,16.760540936889445,-1.0457971883273707,0.9353943429495982,-0.04688158171384105,0.011420613743094554,0.20372045867262156,0.09658828105336204,0.8669289997057181,2252514686.101532,0.0,0.0,0.0,1.0,0.09521905488786943,0.5486725663716814,0.09521905488786943,0.140724148758222,0.1460616727815271,0.34322974739765394,0.29705905700680996,-0.6967537184705974,,,,,,,,2026-10-02,False,max 6 positions in RISK_ON
MA,Pullback in uptrend,True,52.95608777494835,,,False,True,no dominant factor,552.260009765625,533.6947862185466,3.3616816750786183,580.1078450862426,607.9556804068602,2.4652,1361.4313760742186,4999.856728632568,168.0792674266263,1.0,14.999570185897705,15,"Limit near the 21-EMA, or at market on the first up-close / reclaim day.",Stop 533.7; to breakeven at +1.0R; trail 2.5×ATR from +1.0R; scale 1/2 at T1 (+1.5R); time-stop 15 bars if < +0.5R,size capped at 25% of capital,552.260009765625,9.282611773539207,1.6808408375393102,38.87549632916764,36.06561241115129,20.038743788288663,-1.3181331994228145,0.9185503512899582,-0.06100588973572885,0.037677358595078925,0.123006722604595,0.03143250738833481,1.1392835959816636,1552468750.2749634,0.0,0.0,0.0,1.0,0.07398848087469566,0.5309734513274337,0.07398848087469566,0.15345869954196642,0.07602020836028145,0.10187392659693031,0.31933691684254356,-0.37720787972501024,,,,,,,,2026-10-02,False,max 6 positions in RISK_ON
ADI,Extended (wait),False,52.821838610822276,,2026-11-24,False,True,volume accumulation; new 55-day high,417.1499938964844,377.65411380185805,9.468028448401995,476.3938140384239,535.6376341803634,1.3788,575.1664115844727,2112.298646543976,199.99303676999395,1.0,6.336895939631928,15,Too far above the 21-EMA. Set an alert for a pullback toward it.,Stop 377.7; to breakeven at +1.0R; trail 2.5×ATR from +1.0R; scale 1/2 at T1 (+1.5R); time-stop 15 bars if < +0.5R,,417.1499938964844,11.28453716989323,2.7051509852577116,72.28148129716996,97.41981475309538,25.31858809203566,2.799286823333803,0.9383529136918162,0.1727249836027318,0.07610254060624388,0.31798404284450354,0.5051774147424521,0.7661905046388182,1223242746.0656738,0.0,1.0,1.0,1.0,0.37099701782179756,0.7699115044247787,0.32786327008879135,0.6599934631289776,0.5372139073683773,-1.0153725098815582,-0.12657200985589198,1.9545852225737104,-0.017206711775258437,,,,Technology,"Analog Devices, Inc.",0.0199,2026-10-02,False,max 6 positions in RISK_ON
QCOM,Pullback in uptrend,True,52.3275537339303,,,False,True,no dominant factor,183.6643975997013,166.98276712712214,9.082669635808761,208.68684330857002,233.70928901743872,3.2645,599.5724259642249,2201.929734353616,199.99400338398036,1.0,6.605789203060849,15,"Limit near the 21-EMA, or at market on the first up-close / reclaim day.",Stop 167; to breakeven at +1.0R; trail 2.5×ATR from +1.0R; scale 1/2 at T1 (+1.5R); time-stop 15 bars if < +0.5R,55-day high sits before T1 (resistance),184.8699951171875,8.340815236289568,4.511719292794051,52.56667844122917,56.30178648466518,17.15684146103192,0.1445419282567065,0.7177695982724016,0.09364639003824271,-0.003238091586844183,0.4713144957140134,0.03646011386815484,0.8771372262704059,2784792700.4730225,0.0,0.0,0.0,1.0,0.05823092987350079,0.5132743362831859,0.05823092987350079,0.47720120426768015,-0.18862009462151802,0.4547614457667753,-0.536093844609842,-0.16305305703387976,,,,,,,,2026-10-02,False,max 6 positions in RISK_ON
ASML,Extended (wait),False,52.14138528228023,,,False,True,volume accumulation,1867.31005859375,1688.784929553658,9.560550922889433,2135.097752153888,2402.885445714026,0.305,569.5295678710937,2091.5973380065916,199.96822860192006,1.0,6.274792014019775,15,Too far above the 21-EMA. Set an alert for a pullback toward it.,Stop 1689; to breakeven at +1.0R; trail 2.5×ATR from +1.0R; scale 1/2 at T1 (+1.5R); time-stop 15 bars if < +0.5R,55-day high sits before T1 (resistance),1867.31005859375,51.00717972574054,2.7315859779684084,64.78162086809672,90.0655104425905,16.906938364567065,2.3386476881111062,0.9348812227342811,0.10997444236805509,0.02446760447698315,0.4225373868152198,0.687861420343985,1.0070634994923784,2339889962.235718,0.0,1.0,0.0,1.0,0.4320095879239981,0.8141592920353983,0.30972102570563836,0.6505765888365574,0.5918220571072148,-0.6097837643002483,0.3053189959253253,1.2847250334758795,-0.1864958609371751,-0.17237058539842606,1.8740429291080551,0.8461538461538461,Technology,ASML Holding N.V. - New York Re,0.0038,2026-10-02,False,max 6 positions in RISK_ON
XLK,Extended (wait),False,51.71409686096947,,,False,True,volume accumulation; new 55-day high,199.80999755859375,190.16797977887916,4.825593262362709,214.27302422816564,228.73605089773753,5.648,1128.5268662109374,4144.514916159667,199.99743255181838,1.0,12.433544748479003,15,Too far above the 21-EMA. Set an alert for a pullback toward it.,Stop 190.2; to breakeven at +1.0R; trail 2.5×ATR from +1.0R; scale 1/2 at T1 (+1.5R); time-stop 15 bars if < +0.5R,,199.80999755859375,3.208085767295866,1.6055681930305332,68.957565613405,96.33093900935735,16.790604098463756,2.396416195558728,0.9921545169281335,0.08955970373723265,0.08973778465318416,0.47276778037196343,0.295247333878373,1.1388901587315328,1406248558.990326,0.0,1.0,1.0,1.0,0.29839413430105327,0.7079646017699115,0.29839413430105327,0.655740169865715,0.6685094755443763,-0.9317416228833484,-0.31711875874669154,1.119130238887769,,,,,ETF,State Street Technology Select ,,2026-10-02,False,max 6 positions in RISK_ON
TSM,Extended (wait),False,51.063423317556605,,,False,True,volume accumulation; quality/growth fundamentals; new 55-day high,472.7799987792969,435.56913521986064,7.870650969904293,528.5962941184512,584.4125894576056,1.4635,691.913528213501,2541.052432364082,199.99736791364026,1.0,7.623157297092247,15,Too far above the 21-EMA. Set an alert for a pullback toward it.,Stop 435.6; to breakeven at +1.0R; trail 2.5×ATR from +1.0R; scale 1/2 at T1 (+1.5R); time-stop 15 bars if < +0.5R,,472.7799987792969,10.631675302696076,2.248757419972657,71.67941162016821,98.45853479466443,17.483333522183912,2.780030282972435,0.9896624571212077,0.1409105718407302,0.049266944835656634,0.40148200858834393,0.4517075744935981,0.8415077102139209,4465359388.865967,0.0,1.0,1.0,1.0,0.39402140114056455,0.7964601769911505,0.2812368544333174,0.6700076163533545,0.6216340649794405,-0.9992108717113438,0.2245142014504484,1.5323729200857734,0.6561005960249651,-0.9959032608163074,4.296289191457522,0.5714285714285714,Technology,Taiwan Semiconductor Manufactur,0.0057,2026-10-02,False,max 6 positions in RISK_ON
TXN,Extended (wait),False,50.033063771637785,,,False,True,volume accumulation,293.79998779296875,265.2964937085148,9.701666190857516,336.5552289196497,379.31047004633064,1.9106,561.3342566772461,2061.500057647186,199.9998541172653,1.0,6.18450017294156,15,Too far above the 21-EMA. Set an alert for a pullback toward it.,Stop 265.3; to breakeven at +1.0R; trail 2.5×ATR from +1.0R; scale 1/2 at T1 (+1.5R); time-stop 15 bars if < +0.5R,55-day high sits before T1 (resistance),293.79998779296875,8.143855452701125,2.771904625959288,70.44351230582778,96.95690249100771,18.22606749616365,2.4987156234576733,0.8840650906712451,0.15306116277121395,-0.027004087553115785,0.5230908598455652,0.4490746867453266,0.725819670031911,1577921585.0704956,0.0,1.0,0.0,1.0,0.3285625670535473,0.7522123893805309,0.25427684706112175,0.512967513813232,0.34315561586060117,-0.980467250255637,0.3169218421577966,1.8984555023760699,-0.3400089128782827,,,,Technology,Texas Instruments Incorporated,0.0241,2026-10-02,False,max 6 positions in RISK_ON
SHOP,No clean setup,False,49.92949280301735,,,False,True,strong trend structure,151.38999938964844,128.85083265517795,14.88814771473712,185.19874949135416,219.0074995930599,2.4161,365.77337752532964,1343.302728961773,199.99289454392357,1.0,4.0299081868853195,0,No actionable pattern today.,Stop 128.9; to breakeven at +1.0R; trail 2.5×ATR from +1.0R; scale 1/2 at T1 (+1.5R); time-stop 15 bars if < +0.5R,55-day high sits before T1 (resistance),151.38999938964844,6.43976192413442,4.253756489924889,61.1387544182458,96.24553478757522,14.89680286705922,1.3834655247950638,0.8309457015257281,0.06710371889839872,0.26011320258665305,0.2802536946270482,-0.05148099104080506,0.6903588188936394,1448549444.651451,0.0,0.0,0.0,1.0,0.32668235642382665,0.7433628318584071,0.25158010558509203,1.173806844985148,0.3526049989358496,-0.3697428590737477,-0.5055981740221228,0.44454512671343743,-0.3492379011247855,,,,Technology,Shopify Inc.,0.0136,2026-10-02,False,max 6 positions in RISK_ON
AMZN,No clean setup,False,49.819309112315075,,,False,True,favourable entry timing; volatility compression; Bollinger/Keltner squeeze on,251.52000427246094,240.2510534343316,4.480339792743549,268.423430529655,285.32685678684896,4.8326,1215.4955726470948,4463.907490546456,199.99822361021285,1.0,13.391722471639369,0,No actionable pattern today.,Stop 240.3; to breakeven at +1.0R; trail 2.5×ATR from +1.0R; scale 1/2 at T1 (+1.5R); time-stop 15 bars if < +0.5R,,251.52000427246094,5.634475419064669,2.2401698963717736,48.56366800923155,84.3953373186355,8.87956659807369,-0.06911765768427698,0.8757659943661493,-0.013569658455776734,0.03014416980652168,0.1990275022627772,0.15569047765271793,0.8799054710387317,8852990822.20787,1.0,0.0,0.0,0.0,0.2719092421031828,0.6637168141592921,0.24871371852351004,-0.08705651956485615,0.08238317218255047,0.6209698780633126,1.007696720764403,0.20427750763942631,0.06314952988612793,,,,Consumer Cyclical,"Amazon.com, Inc.",0.0083,2026-10-02,False,max 6 positions in RISK_ON
LRCX,Extended (wait),False,49.78289000592792,,,False,True,volume accumulation; new 55-day high,347.489990234375,299.13573734877326,13.91529374788257,420.02136956277764,492.5527488911802,1.1262,391.34322700195315,1437.2080011646729,199.9917151301358,1.0,4.311624003494019,15,Too far above the 21-EMA. Set an alert for a pullback toward it.,Stop 299.1; to breakeven at +1.0R; trail 2.5×ATR from +1.0R; scale 1/2 at T1 (+1.5R); time-stop 15 bars if < +0.5R,,347.489990234375,13.815500824457638,3.9757982136807337,67.76360859329421,99.51766044958943,15.712877838363267,2.5362222099621463,0.7932933399793229,0.20650365705678242,-0.006684360425068925,0.5935917931062231,1.0263628195847474,0.8691443404926733,2891489039.9531555,0.0,1.0,1.0,1.0,0.29200393057004137,0.6991150442477876,0.24776685806083343,0.6101563490432974,0.5158870588040376,-0.7055143491490962,-0.22160389439568567,1.1058765175829721,-0.10612972201283027,,,,Technology,Lam Research Corporation,0.0233,2026-10-02,False,max 6 positions in RISK_ON
GOOGL,No clean setup,False,49.569748585020044,,,False,True,favourable entry timing; volatility compression; Bollinger/Keltner squeeze on,343.5,325.4942834491608,5.241838879429177,370.50857482625884,397.5171496525177,3.0245,1038.9157500000001,3815.4180918750003,199.9980689526786,1.0,11.446254275625003,0,No actionable pattern today.,Stop 325.5; to breakeven at +1.0R; trail 2.5×ATR from +1.0R; scale 1/2 at T1 (+1.5R); time-stop 15 bars if < +0.5R,,343.5,9.002858275419612,2.6209194397145885,50.01208299669412,64.92194644025534,13.48692809724104,0.03434194433755132,0.8416976941386004,0.019579965020636525,-0.062050938602537076,0.1628161499074927,0.379255321076148,1.0136609066644362,9386006231.347504,1.0,0.0,0.0,0.0,0.2412494999905231,0.6548672566371682,0.24223098061027265,0.14921224241942457,-0.06751298613220849,0.6099243997848547,0.5426757885890287,0.3427915921495459,0.2500828255682692,,,,Communication Services,Alphabet Inc.,0.0149,2026-10-02,False,max 6 positions in RISK_ON
ARM,No clean setup,False,47.66565417132971,,,False,True,volume accumulation,307.489990234375,269.44317439736864,12.373351018030316,364.5602139898846,421.6304377453941,1.4313,440.11042302246096,1616.305528549988,199.9911565713202,1.0,4.848916585649964,0,No actionable pattern today.,Stop 269.4; to breakeven at +1.0R; trail 2.5×ATR from +1.0R; scale 1/2 at T1 (+1.5R); time-stop 15 bars if < +0.5R,55-day high sits before T1 (resistance),307.489990234375,19.023407918503185,6.18667550901516,58.51642888465341,85.32732657621423,19.617187946841657,1.172311898193107,0.6792356570420236,0.3092480176925547,-0.045773338030676736,1.0621687946866545,0.5617767853736424,1.0879770250374945,1720790021.6545105,0.0,0.0,0.0,1.0,0.19316439577235686,0.6460176991150443,0.19316439577235686,0.6795562639242566,0.2820174592331195,0.0183645418540685,-1.4690779783955443,0.9226901558619843,,,,,,,,2026-10-02,False,max 6 positions in RISK_ON
AMAT,No clean setup,False,47.29136253434997,,,False,True,volume accumulation,540.0399780273438,471.6980990488769,12.654966624527662,642.552796495044,745.0656149627443,0.7968,430.3038544921875,1580.2909056225585,199.98528667698068,1.0,4.740872716867676,0,No actionable pattern today.,Stop 471.7; to breakeven at +1.0R; trail 2.5×ATR from +1.0R; scale 1/2 at T1 (+1.5R); time-stop 15 bars if < +0.5R,55-day high sits before T1 (resistance),540.0399780273438,19.52625113670482,3.615704749865046,69.1977031967021,99.30635746485618,18.802576749592575,2.8531022622820315,0.7308900659264209,0.23167447099371863,-0.08801185994862659,0.5533318323201495,1.0248237725098925,0.9010719277487867,2960446695.2609253,0.0,1.0,0.0,0.0,0.18359293056322165,0.6283185840707964,0.18359293056322165,0.4016598779960761,0.21581734124361182,-0.9687170724732137,-0.1865865810070825,1.7655425251214938,,,,,,,,2026-10-02,False,max 6 positions in RISK_ON
CAT,No clean setup,False,46.31053098960887,,,False,True,volatility compression; volume accumulation; Bollinger/Keltner squeeze on,845.4199829101562,788.3736957593527,6.747686156463363,930.9894136363616,1016.5588443625669,0.9546,807.0379156860351,2963.8467453569638,199.99107653524183,1.0,8.891540236070892,0,No actionable pattern today.,Stop 788.4; to breakeven at +1.0R; trail 2.5×ATR from +1.0R; scale 1/2 at T1 (+1.5R); time-stop 15 bars if < +0.5R,,845.4199829101562,23.305265790714387,2.7566495069694925,58.83339153669805,87.04551921251598,10.95077300744562,1.222778866843144,0.7890264410410146,0.06707218615675736,-0.12674413355807534,0.1831807521813018,0.6626009265094717,0.8310961943296563,1887538344.5739746,1.0,1.0,0.0,0.0,0.15860904978908907,0.6017699115044248,0.15860904978908907,0.04710353432734229,-0.14198600603909667,-0.05258431363743367,0.8575298268108926,0.7509769884010273,,,,,,,,2026-10-02,False,max 6 positions in RISK_ON
ABNB,No clean setup,False,46.110736433424556,,,False,True,favourable entry timing,162.42999267578125,147.6719442837465,9.08579022194046,184.56706526383334,206.70413785188546,3.6901,599.3829159729004,2201.2337589104764,199.99948162914052,1.0,6.60370127673143,0,No actionable pattern today.,Stop 147.7; to breakeven at +1.0R; trail 2.5×ATR from +1.0R; scale 1/2 at T1 (+1.5R); time-stop 15 bars if < +0.5R,,162.42999267578125,5.312222865013953,3.270469189527963,46.116844601176055,91.63033134491229,22.48864907323494,-0.3439422742030198,0.8396354164366118,-0.11366366067569478,0.10010158747218756,0.2999599571264042,0.4982013976786357,0.8330255083434981,814592069.2205048,0.0,0.0,0.0,0.0,0.15353590625269997,0.5929203539823009,0.15353590625269997,0.07452725594769283,0.3621794850777535,0.5521075705074512,-0.3870056081507236,-0.2673717221786229,,,,,,,,2026-10-02,False,max 6 positions in RISK_ON
HON,No clean setup,False,45.984018274870266,,,False,True,favourable entry timing; volatility compression; volume accumulation,213.99000549316406,203.20595905740188,5.039509397137091,230.16607514680732,246.3421448004506,5.0499,1080.6281287399293,3968.60680279739,199.9983127623963,1.0,11.905820408392172,0,No actionable pattern today.,Stop 203.2; to breakeven at +1.0R; trail 2.5×ATR from +1.0R; scale 1/2 at T1 (+1.5R); time-stop 15 bars if < +0.5R,,213.99000549316406,4.33613691492369,2.026326839391669,52.65166327727577,88.18724297852638,21.3049197097324,0.5435231226028802,0.8291418194408448,0.038433531748676364,-0.07158016450927651,-0.10317533909625154,0.011312089620271637,0.6832695903197857,617356343.4181213,0.0,0.0,0.0,0.0,0.15032092066272795,0.5752212389380531,0.15032092066272795,-0.12028924418758942,-0.45574339350030135,0.6257383587758524,0.7392755329205065,0.9046212663434706,,,,,,,,2026-10-02,False,max 6 positions in RISK_ON
COST,No clean setup,False,43.713018006851215,,,False,True,favourable entry timing; volume accumulation,920.6500244140625,879.1869393076345,4.50367501296888,982.8446520737045,1045.0392797333466,1.3134,1209.1817420654295,4440.71994773529,199.99559468207894,1.0,13.32215984320587,0,No actionable pattern today.,Stop 879.2; to breakeven at +1.0R; trail 2.5×ATR from +1.0R; scale 1/2 at T1 (+1.5R); time-stop 15 bars if < +0.5R,,920.6500244140625,15.65214511321196,1.7001189049197705,51.37889864845782,71.12854201994527,13.015758113811223,0.32890118788318407,0.8409609983807743,-0.008433090879067184,-0.02960927760624521,-0.09015944118979036,0.01804916922959965,1.0832258120550573,2181253811.8554688,0.0,0.0,0.0,0.0,0.09299664876060872,0.5398230088495575,0.09299664876060872,-0.4713317081186959,-0.34487502917801366,0.7924949342473031,0.20246740661974408,1.157614371276597,,,,,,,,2026-10-02,False,max 6 positions in RISK_ON
PG,No clean setup,False,42.6787388888681,,,False,True,favourable entry timing; volume accumulation; Bollinger/Keltner squeeze on,144.91000366210938,140.17814135246982,3.2653800221225344,152.0077971265687,159.10559059102803,9.3952,1361.4584664062502,4999.956217876954,163.2675714534275,1.0,14.999868653630863,0,No actionable pattern today.,Stop 140.2; to breakeven at +1.0R; trail 2.5×ATR from +1.0R; scale 1/2 at T1 (+1.5R); time-stop 15 bars if < +0.5R,size capped at 25% of capital,144.91000366210938,2.3659311548197786,1.6326900110612688,46.62977921445729,42.84770047711611,7.778986108450857,-0.4948971153230385,0.8794683974395232,-0.018490895006942676,-0.02222384667457733,0.02774653825708584,-0.007823397571930957,0.8915018642501307,1165504161.969223,1.0,0.0,0.0,0.0,0.06703265502860041,0.5221238938053098,0.06703265502860041,-0.334919537851443,-0.19058375831492336,0.6800314384067243,0.11862975306930074,0.5438828010396104,,,,,,,,2026-10-02,False,max 6 positions in RISK_ON
REGN,No clean setup,False,42.2230421344966,,,False,True,distribution in volume,735.2000122070312,691.9006700194816,5.889464291161712,800.1490254883557,865.0980387696802,1.2577,924.6610553527833,3395.817725783096,199.9954723529352,1.0,10.18745317734929,0,No actionable pattern today.,Stop 691.9; to breakeven at +1.0R; trail 2.5×ATR from +1.0R; scale 1/2 at T1 (+1.5R); time-stop 15 bars if < +0.5R,,735.2000122070312,21.649671093774803,2.944732145580853,34.91457257155203,14.092604740273885,20.96705358486671,-1.9211808861664559,0.8555402858369165,-0.13711960033410553,0.13272876706660752,-0.03241072092709796,0.4274746479031666,1.1805848150332856,588939642.9296875,0.0,0.0,0.0,1.0,0.05561271715180233,0.504424778761062,0.05561271715180233,0.5940945861256617,0.20968415068838273,-0.028833135675551517,-0.3887852403562515,-0.8354628678882826,,,,,,,,2026-10-02,False,max 6 positions in RISK_ON
BLK,No clean setup,False,41.9434737330454,,,False,True,volatility compression,1059.6300048828125,1013.4354415487866,4.359499364982093,1128.9218498838513,1198.2136948848902,1.1789,1249.1978127563477,4587.678967347687,199.99983544893945,1.0,13.763036902043064,0,No actionable pattern today.,Stop 1013; to breakeven at +1.0R; trail 2.5×ATR from +1.0R; scale 1/2 at T1 (+1.5R); time-stop 15 bars if < +0.5R,,1059.6300048828125,23.097281667012968,2.1797496824910465,43.15825931744967,29.963154240796356,21.48784324922734,-0.7816900337825639,0.8871541967034082,-0.037948574154969106,0.05326074737137976,0.1081253694075055,-0.014113323763904062,0.8662688420544307,563565126.3641357,0.0,0.0,0.0,0.0,0.04861133444953448,0.49557522123893805,0.04861133444953448,-0.4057122240368499,0.00788211900716547,0.3657476001203039,0.7421744724092428,-0.11018604643763664,,,,,,,,2026-10-02,False,max 6 positions in RISK_ON
KLAC,No clean setup,False,39.633388421193395,,,False,True,volume accumulation,206.88999938964844,180.15814855431563,12.920803767313613,246.98777564264765,287.08555189564686,2.0372,421.4763067565918,1547.8717365635832,199.9974696510901,1.0,4.643615209690751,0,No actionable pattern today.,Stop 180.2; to breakeven at +1.0R; trail 2.5×ATR from +1.0R; scale 1/2 at T1 (+1.5R); time-stop 15 bars if < +0.5R,55-day high sits before T1 (resistance),206.88999938964844,7.637671667237942,3.69165821923246,67.24079015515582,96.12221116741985,15.347476783776072,2.428801297368912,0.673858379321925,0.20103335647928544,-0.11223764223029198,0.36723837520317626,0.5341825637175899,0.7738747937609899,1754304059.1024017,0.0,1.0,0.0,0.0,-0.00916545372239938,0.48672566371681414,-0.00916545372239938,0.18971715125814886,-0.2991853583109727,-0.7326718104385398,0.06986267864591672,1.324350500493832,,,,,,,,2026-10-02,False,max 6 positions in RISK_ON
UNP,No clean setup,False,38.95980773865127,,,False,True,favourable entry timing,278.2799987792969,267.0024848550312,4.052577969575836,295.1962696656954,312.11254055209395,4.8289,1343.7862861053466,4935.055135721885,199.996957216686,1.0,14.805165407165656,0,No actionable pattern today.,Stop 267; to breakeven at +1.0R; trail 2.5×ATR from +1.0R; scale 1/2 at T1 (+1.5R); time-stop 15 bars if < +0.5R,,278.2799987792969,5.0300996423751485,1.8075677966221737,44.63830700344018,91.5451075959742,32.26795856894554,-0.3089863305528328,0.8847476318937642,-0.039519593320871294,-0.01068184419562046,0.1483955899250966,0.2602722723647559,0.9995401316431236,692653040.7421875,0.0,0.0,0.0,0.0,-0.026008559134791772,0.4778761061946903,-0.026008559134791772,-0.5436744756097415,0.046451460137430005,0.586638060246006,0.18462110797437517,-0.3014263705458103,,,,,,,,2026-10-02,False,max 6 positions in RISK_ON
JNJ,No clean setup,False,38.12484093561617,,,False,True,distribution in volume,256.0299987792969,245.75072244258425,4.014871845378391,271.4489132843658,286.8678277894347,5.2979,1356.421330532837,4981.457336381844,199.99912808793093,1.0,14.944372009145534,0,No actionable pattern today.,Stop 245.8; to breakeven at +1.0R; trail 2.5×ATR from +1.0R; scale 1/2 at T1 (+1.5R); time-stop 15 bars if < +0.5R,,256.0299987792969,5.139638168356309,2.0074359226891936,32.639480334183105,1.2502487404955218,15.838768826112538,-2.043333402896631,0.9109118444073692,-0.06969221057118469,-0.007855823425204744,0.06473187373771094,0.5125614179037326,1.1420554289630602,1758857192.7301025,0.0,0.0,0.0,1.0,-0.04690097342437507,0.4690265486725664,-0.04690097342437507,0.18081918457568227,0.17451051304289672,-0.4318665147862737,0.3798901322626158,-0.9052127992368121,,,,,,,,2026-10-02,False,max 6 positions in RISK_ON
LIN,No clean setup,False,38.1180381231843,,,False,True,no dominant factor,479.4800109863281,453.2028712366567,5.480341025190457,518.8957206108353,558.3114302353424,2.0724,993.6743747680664,3649.269141335724,199.9923938722372,1.0,10.947807424007173,0,No actionable pattern today.,Stop 453.2; to breakeven at +1.0R; trail 2.5×ATR from +1.0R; scale 1/2 at T1 (+1.5R); time-stop 15 bars if < +0.5R,,479.4800109863281,8.268471108060904,1.724466279845954,56.43213285677269,80.3623243988134,20.69730343029942,0.9344323419676075,0.8775246395481853,-0.0131110942772934,-0.11000704444594489,-0.03983238440631576,0.054906534392644035,1.0563515970323794,992450460.5506897,0.0,0.0,0.0,0.0,-0.04707128414533033,0.46017699115044247,-0.04707128414533033,-0.10189055365958548,-0.3639013821713689,0.27948721414845684,-0.06838061363055195,0.38611408199281744,,,,,,,,2026-10-02,False,max 6 positions in RISK_ON
AVGO,No clean setup,False,38.022772840405324,,,False,True,favourable entry timing; volatility compression,355.1400146484375,333.409375479021,6.118893471052044,387.7359734025623,420.33193215668706,2.506,889.9808767089843,3268.4547697137446,199.9932655083035,1.0,9.805364309141234,0,No actionable pattern today.,Stop 333.4; to breakeven at +1.0R; trail 2.5×ATR from +1.0R; scale 1/2 at T1 (+1.5R); time-stop 15 bars if < +0.5R,,355.1400146484375,10.86531958470825,3.05944673552602,47.84851512813118,70.67483904226717,21.049381680433896,-0.08496619371301752,0.7198985815161214,-0.031187460179937343,-0.04844417497261788,0.13288763769956558,0.10770584668093464,0.9545711858993415,8862937644.396515,0.0,0.0,0.0,0.0,-0.049456469277984874,0.45132743362831856,-0.049456469277984874,-0.6099431396018201,-0.4439505403700056,0.5922046445257579,0.8004826272501379,0.24532128186600022,,,,,,,,2026-10-02,False,max 6 positions in RISK_ON
MDT,No clean setup,False,37.864202517124006,,,False,True,no dominant factor,86.37999725341797,82.27029711869955,4.757698848567405,92.5445474554956,98.70909765757324,13.2512,1144.6386196044923,4203.6853304974975,199.99868856647637,1.0,12.611055991492494,0,No actionable pattern today.,Stop 82.27; to breakeven at +1.0R; trail 2.5×ATR from +1.0R; scale 1/2 at T1 (+1.5R); time-stop 15 bars if < +0.5R,,86.37999725341797,2.0548500673592134,2.378849424283705,38.07322404043714,20.855907895352146,22.907635280546568,-1.308150081107019,0.8393027581717133,-0.055235043055985256,0.0485003212085926,0.014362158142138481,-0.0036852382377200454,2.630935499806311,1236600181.5866852,0.0,0.0,0.0,0.0,-0.05342744840501766,0.4424778761061947,-0.05342744840501766,0.1300499658027375,-0.15319703622873362,0.20065120539813303,0.1782639370244844,-0.783767673395466,,,,,,,,2026-10-02,False,max 6 positions in RISK_ON
JPM,No clean setup,False,36.96785660922372,,,False,True,no dominant factor,332.3800048828125,319.45896477724483,3.8874300245958695,351.761565041164,371.1431251995155,4.0961,1361.4617380004881,4999.968232806793,194.37026630238677,1.0,14.99990469842038,0,No actionable pattern today.,Stop 319.5; to breakeven at +1.0R; trail 2.5×ATR from +1.0R; scale 1/2 at T1 (+1.5R); time-stop 15 bars if < +0.5R,size capped at 25% of capital,332.3800048828125,6.4605200527838225,1.943715012297931,34.50131263495018,34.75244072851784,24.01819239469124,-1.6730660381872142,0.9069031511127217,-0.06692492351972146,-0.015811904295241597,0.13912438862455745,0.16840381472889754,1.1995862632013188,2898683632.4742126,0.0,0.0,0.0,0.0,-0.0758967143613887,0.4336283185840708,-0.0758967143613887,-0.3534475992612438,0.032672358105269125,-0.07866839525128935,-0.30268170986556286,0.4387248911107022,,,,,,,,2026-10-02,False,max 6 positions in RISK_ON
TSLA,No clean setup,False,36.371674449950405,,,False,True,no dominant factor,370.5899963378906,342.76922217445025,7.507157354046436,412.3211575830512,454.05231882821175,1.9574,725.3928588317871,2664.005274059738,199.99106784376056,1.0,7.992015822179216,0,No actionable pattern today.,Stop 342.8; to breakeven at +1.0R; trail 2.5×ATR from +1.0R; scale 1/2 at T1 (+1.5R); time-stop 15 bars if < +0.5R,55-day high sits before T1 (resistance),370.5899963378906,12.443130833448995,3.3576542692490263,54.99157195561247,89.1978103953212,17.76011467038292,0.6380797085962812,0.7429184417809718,0.03803811153973191,-0.11715938243069457,0.02773232785589963,-0.22297911373088464,1.048892690422202,13895773544.57077,0.0,0.0,0.0,0.0,-0.09086786366404659,0.4247787610619469,-0.09086786366404659,0.11967033980503079,-0.7454657923926653,0.4827037792666513,0.44120222597091313,-0.2678770028116611,,,,,,,,2026-10-02,False,max 6 positions in RISK_ON
UNH,No clean setup,False,36.28166164729307,,,False,True,volatility compression,371.8999938964844,354.6097234935048,4.64917200503966,397.8353995009537,423.77080510542305,3.1496,1171.336220776367,4301.732270801208,199.99493246584666,1.0,12.905196812403625,0,No actionable pattern today.,Stop 354.6; to breakeven at +1.0R; trail 2.5×ATR from +1.0R; scale 1/2 at T1 (+1.5R); time-stop 15 bars if < +0.5R,,371.8999938964844,8.645135201489786,2.3245860025198324,41.30442724295845,67.61835498554427,33.36469106612546,-0.7322195156525884,0.8106017826585825,-0.06372914936732821,-0.10478713788044591,0.357307864730533,0.17080365114025042,0.877844047993742,1928570434.9398804,0.0,0.0,0.0,0.0,-0.09313039602717708,0.415929203539823,-0.09313039602717708,-0.6200547734717464,-0.1861062050175808,0.2686584998386881,0.668135500225408,-0.11079135871341177,,,,,,,,2026-10-02,False,max 6 positions in RISK_ON
ISRG,No clean setup,False,35.86041337406022,,,False,True,weak momentum; favourable entry timing; volume accumulation,391.95001220703125,369.43138974249587,5.74527918438764,425.7279459038343,459.5058796006374,2.4183,947.8527145202636,3480.9890940756677,199.99254183273328,1.0,10.442967282227006,0,No actionable pattern today.,Stop 369.4; to breakeven at +1.0R; trail 2.5×ATR from +1.0R; scale 1/2 at T1 (+1.5R); time-stop 15 bars if < +0.5R,55-day high sits before T1 (resistance),391.95001220703125,11.259311232267702,2.8726395921938233,51.21150787542293,5.681004260988573,14.89541101038383,-0.04490459129701735,0.6490528069116845,0.05396904125174262,-0.09444811042085466,-0.1329882410758345,-0.15103644044268738,0.7369749169639754,931017213.4895325,0.0,0.0,0.0,0.0,-0.10372709853865994,0.40707964601769914,-0.10372709853865994,-0.5331190944888152,-0.9646165276550246,0.771625281313762,-0.19379324363553066,1.6843180414708003,,,,,,,,2026-10-02,False,max 6 positions in RISK_ON
ACN,No clean setup,False,35.50710472503005,,,False,True,no dominant factor,198.89999389648438,169.6191572915184,14.721386376816536,242.82124880393332,286.74250371138226,1.8598,369.9142086486816,1358.509931262283,199.99149594854543,1.0,4.07552979378685,0,No actionable pattern today.,Stop 169.6; to breakeven at +1.0R; trail 2.5×ATR from +1.0R; scale 1/2 at T1 (+1.5R); time-stop 15 bars if < +0.5R,55-day high sits before T1 (resistance),198.89999389648438,9.963373275332632,5.009237597321383,59.076188692538906,54.51218045248944,18.428654707513378,1.3082972786890745,0.6973741669850742,0.05978261753284353,0.4697109063016749,0.00828800329951429,-0.21403548861156874,1.9519093462661856,1306194330.9287262,0.0,0.0,0.0,1.0,-0.1126261685463895,0.39823008849557523,-0.1126261685463895,0.4783661879789069,0.1370391221460207,0.0553345934577858,-1.716912568130858,-0.5664288517498023,,,,,,,,2026-10-02,False,max 6 positions in RISK_ON
PGR,No clean setup,False,34.889847790553084,,,False,True,favourable entry timing,210.30999755859375,199.73717584388916,5.027255878199004,226.16923013065065,242.02846270270751,5.1508,1083.2647354248047,3978.289740847595,199.9988048485487,1.0,11.934869222542787,0,No actionable pattern today.,Stop 199.7; to breakeven at +1.0R; trail 2.5×ATR from +1.0R; scale 1/2 at T1 (+1.5R); time-stop 15 bars if < +0.5R,55-day high sits before T1 (resistance),210.30999755859375,4.50358240703343,2.1414019586865822,46.99916049469844,60.744821707693674,14.70526943939627,-0.2954871371817403,0.8789852516936562,-0.049546039161427635,-0.09176199034213328,0.07813021768132256,-0.04340173732284891,1.1592293090598704,605939943.9174652,0.0,0.0,0.0,0.0,-0.12820142984029226,0.3893805309734513,-0.12820142984029226,-0.3962016682769961,-0.30140658161397477,0.7734834787400747,-0.05031716586496768,-0.589599700378553,,,,,,,,2026-10-02,False,max 6 positions in RISK_ON
XLI,No clean setup,False,34.59743328390201,,,False,True,no dominant factor,169.9499969482422,165.20725035228892,2.790671774708919,177.0641168421721,184.17823673610198,8.011,1361.469425552368,4999.996465341072,139.53349009471688,1.0,14.999989396023217,0,No actionable pattern today.,Stop 165.2; to breakeven at +1.0R; trail 2.5×ATR from +1.0R; scale 1/2 at T1 (+1.5R); time-stop 15 bars if < +0.5R,size capped at 25% of capital,169.9499969482422,2.3713732979766258,1.395335887354456,44.55566051219906,77.16153638988072,29.354498731191907,-0.3518704527609208,0.9055037811968669,-0.013735638285767293,-0.08166222305187287,0.04308484375796051,0.1332032982928435,1.0776903446567545,1260940067.3651886,0.0,0.0,0.0,0.0,-0.1355935097586374,0.3805309734513274,-0.1355935097586374,-0.6050903021338464,-0.16552581859835955,0.4965045047831237,-0.20749624966357974,0.00198656518338688,,,,,,,,2026-10-02,False,max 6 positions in RISK_ON
SNPS,Extended (wait),False,33.12944413588764,,,False,True,volume accumulation,489.8999938964844,423.22287385285756,13.610353311765026,589.9156739619245,689.9313540273648,0.8167,400.1013250152588,1469.3721161185379,199.98673646829124,1.0,4.408116348355614,15,Too far above the 21-EMA. Set an alert for a pullback toward it.,Stop 423.2; to breakeven at +1.0R; trail 2.5×ATR from +1.0R; scale 1/2 at T1 (+1.5R); time-stop 15 bars if < +0.5R,55-day high sits before T1 (resistance),489.8999938964844,19.05060572675051,3.888672374790006,74.10209040874113,95.75256107563854,20.414939751575837,3.5076281989432765,0.9080967072602287,0.17772914503167714,0.10769440854224488,0.23727738045965574,-0.14896271889282087,1.761258796558858,995838482.8056335,0.0,0.0,0.0,1.0,-0.17285738318549637,0.37168141592920356,-0.17285738318549637,0.2744258964416993,0.16462281417903515,-1.317649112109743,-1.5531187600453544,1.1863245343950115,,,,,,,,2026-10-02,False,max 6 positions in RISK_ON
GE,No clean setup,False,31.045005556723993,,,False,True,volatility compression,309.55999755859375,292.5497970348885,5.494960801737807,335.07529834415163,360.59059912970946,3.2015,991.0563321838379,3639.6543799451442,199.99758149671888,1.0,10.918963139835434,0,No actionable pattern today.,Stop 292.5; to breakeven at +1.0R; trail 2.5×ATR from +1.0R; scale 1/2 at T1 (+1.5R); time-stop 15 bars if < +0.5R,,309.55999755859375,8.505100261852608,2.7474804008688998,34.7818574789204,5.767332652419682,24.483865909577077,-1.4404639037782137,0.7961115123805195,-0.060515940641597155,-0.1825287748338127,0.10238251448310898,0.09933902545735052,1.0183610823244202,1407372771.5011597,0.0,0.0,0.0,0.0,-0.22631574099593552,0.36283185840707965,-0.22631574099593552,-0.5737193496511699,-0.550165004784908,-0.06939340030072735,0.7015892107459059,0.11482617300231084,,,,,,,,2026-10-02,False,max 6 positions in RISK_ON
SBUX,No clean setup,False,30.389563474037175,,,False,True,volatility compression,94.70999908447266,90.6486600888346,4.288183966737989,100.80200757792974,106.89401607138682,13.409,1269.966377723694,4663.951522190266,199.99882139099537,1.0,13.9918545665708,0,No actionable pattern today.,Stop 90.65; to breakeven at +1.0R; trail 2.5×ATR from +1.0R; scale 1/2 at T1 (+1.5R); time-stop 15 bars if < +0.5R,,94.70999908447266,2.0306694978190283,2.1440919833689964,35.12666801267035,49.47330304006288,36.76922474432216,-1.2645569440953839,0.8619496681963182,-0.11253749998927653,-0.06714268044094229,0.06022310769902206,0.29672265216602134,0.8985538398462145,680130958.6953735,0.0,0.0,0.0,0.0,-0.24328702905863137,0.35398230088495575,-0.24328702905863137,-0.7060593253980715,-0.13943993074438157,-0.04694133683149142,0.5253783741760951,-0.640544123740812,,,,,,,,2026-10-02,False,max 6 positions in RISK_ON
TJX,No clean setup,False,30.270451142612437,,,False,True,favourable entry timing,132.67999267578125,126.33506474745352,4.782128639268388,142.19738456827287,151.71477646076445,8.583,1138.7923771362305,4182.215005032806,199.99890151145368,1.0,12.54664501509842,0,No actionable pattern today.,Stop 126.3; to breakeven at +1.0R; trail 2.5×ATR from +1.0R; scale 1/2 at T1 (+1.5R); time-stop 15 bars if < +0.5R,,132.67999267578125,2.8597532172171887,2.155376375551454,48.425637857713824,45.48851973193759,29.99485885599965,0.19648874680684736,0.7829331055320966,0.010433288726368062,-0.12035805942764355,-0.17208401113813598,-0.07904642838720333,1.0029874315380272,1189386738.6281204,0.0,0.0,0.0,0.0,-0.2463805474609159,0.34513274336283184,-0.2463805474609159,-0.9313160399816305,-0.7251996106211184,0.9765722906651491,0.03998995518531407,0.19973833564569266,,,,,,,,2026-10-02,False,max 6 positions in RISK_ON
CDNS,No clean setup,False,30.175646937298765,,,False,True,volume accumulation,351.3500061035156,308.04069112098574,12.326544536837147,416.3139785773104,481.2779510511053,1.2574,441.7874976745606,1622.4645852098238,199.99381969029898,1.0,4.867393755629472,0,No actionable pattern today.,Stop 308; to breakeven at +1.0R; trail 2.5×ATR from +1.0R; scale 1/2 at T1 (+1.5R); time-stop 15 bars if < +0.5R,55-day high sits before T1 (resistance),351.3500061035156,12.374089995008543,3.521869867667757,70.80559570534197,97.5916054093531,25.82573915061635,2.7607050446416213,0.8431927909115637,0.14569403828036775,-0.06498651734869587,0.2605841151145116,-0.12870411579355978,1.0344321947316495,849097182.3059082,0.0,0.0,0.0,0.0,-0.24884487839467043,0.336283185840708,-0.24884487839467043,-0.12553946763449061,-0.2534269740796698,-0.8687910354936375,-1.2917256187594388,1.4887995153106874,,,,,,,,2026-10-02,False,max 6 positions in RISK_ON
LMT,No clean setup,False,27.884453777745108,,,False,True,volatility compression,505.4100036621094,482.1780898667945,4.596647004804147,540.2578743550816,575.105745048054,2.3441,1184.7315895843506,4350.926762748527,199.99674472110223,1.0,13.052780288245582,0,No actionable pattern today.,Stop 482.2; to breakeven at +1.0R; trail 2.5×ATR from +1.0R; scale 1/2 at T1 (+1.5R); time-stop 15 bars if < +0.5R,,505.4100036621094,11.61595689765745,2.2983235024020754,31.09836952775312,0.652169480879266,36.38758466309159,-1.768466686368673,0.7396895806361256,-0.04917690665255081,-0.05476566328482224,-0.17810938819619715,0.09275537148022428,0.9923396189991488,642134144.7271729,0.0,0.0,0.0,0.0,-0.3090346637349988,0.3274336283185841,-0.3090346637349988,-0.7430509919855632,-0.61770911716616,0.022898063365224076,1.0445348580950766,-0.5207844861363767,,,,,,,,2026-10-02,False,max 6 positions in RISK_ON
EFA,No clean setup,False,27.876494737217676,,,False,True,distribution in volume,103.95999908447266,101.57364990896995,2.2954494002675725,107.53952284772672,111.11904661098076,13.096,1361.460148010254,4999.962393567657,114.77160677675295,1.0,14.999887180702974,0,No actionable pattern today.,Stop 101.6; to breakeven at +1.0R; trail 2.5×ATR from +1.0R; scale 1/2 at T1 (+1.5R); time-stop 15 bars if < +0.5R,size capped at 25% of capital,103.95999908447266,1.1931745877513473,1.1477247001337831,42.22994426017287,59.19076349192279,22.038173086337192,-1.130628531547802,0.9547249487298238,-0.02895571216900572,-0.014223402361292603,0.07760319608862232,0.17617208028692333,1.8577647971652715,1498433614.7190857,0.0,0.0,0.0,0.0,-0.3092460599444147,0.3185840707964602,-0.3092460599444147,-0.45237396252947953,0.09895308900515393,0.20588445609413686,-1.119580684546477,-1.0058492766039713,,,,,,,,2026-10-02,False,max 6 positions in RISK_ON
WMT,No clean setup,False,27.42245016263636,,,False,True,volatility compression,104.26000213623047,99.91763252096823,4.164942956348995,110.77355655912383,117.2871109820172,12.5412,1307.5455387908935,4801.960991209557,199.9989360700088,1.0,14.405882973628673,0,No actionable pattern today.,Stop 99.92; to breakeven at +1.0R; trail 2.5×ATR from +1.0R; scale 1/2 at T1 (+1.5R); time-stop 15 bars if < +0.5R,,104.26000213623047,2.171184807631118,2.0824714781744946,40.1670915345453,19.50932567340061,10.960911704870234,-1.2459060644757958,0.7732287687013829,-0.017249451077665512,-0.05549387741448153,-0.1675884640405827,0.049266626327171936,0.9601102166722895,2389803156.0884476,0.0,0.0,0.0,0.0,-0.3213348680809602,0.30973451327433627,-0.3213348680809602,-0.8335943282341727,-0.5643377042063425,0.19041474111096396,0.5633208592813298,-0.3415889986112552,,,,,,,,2026-10-02,False,max 6 positions in RISK_ON
GLD,No clean setup,False,27.26568966068063,,,False,True,no dominant factor,380.1400146484375,366.1749692403668,3.673658354800112,401.08758276054357,422.0351508726496,3.5814,1361.433448461914,4999.8643394763785,183.67793403584542,1.0,14.999593018429138,0,No actionable pattern today.,Stop 366.2; to breakeven at +1.0R; trail 2.5×ATR from +1.0R; scale 1/2 at T1 (+1.5R); time-stop 15 bars if < +0.5R,size capped at 25% of capital,380.1400146484375,6.982522704035335,1.836829177400053,38.80547140457162,28.278495463487218,17.852423874755733,-1.684984014840481,0.7458112724039553,-0.05620930582321426,-0.005207626223921569,-0.1147388011305881,0.13130915979071855,0.9139844478049356,3447219397.062378,0.0,0.0,0.0,0.0,-0.3255221607651723,0.3008849557522124,-0.3255221607651723,-0.7720849769992294,-0.4578996805597322,0.04923538112279136,0.37670859594964573,-0.3658197983574227,,,,,,,,2026-10-02,False,max 6 positions in RISK_ON
SCHW,No clean setup,False,26.866908047888153,,,False,True,no dominant factor,96.69999694824219,92.27958075564534,4.571268182110527,103.33062123713745,109.96124552603273,12.3198,1191.3246224029542,4375.139675774849,199.99936792158937,1.0,13.125419027324549,0,No actionable pattern today.,Stop 92.28; to breakeven at +1.0R; trail 2.5×ATR from +1.0R; scale 1/2 at T1 (+1.5R); time-stop 15 bars if < +0.5R,,96.69999694824219,2.2102080962984236,2.2856340910552646,29.908462158159125,16.607912940117984,27.341106051676956,-2.5133761570225857,0.8443202477857902,-0.10661494034812846,-0.036156098663441716,0.037964895787183206,0.1883299986874727,0.991149728991067,879261311.6099548,0.0,0.0,0.0,0.0,-0.33620670056912294,0.2920353982300885,-0.33620670056912294,-0.3173440939171521,-0.18668561125471883,-0.5393928087566203,-0.12415793262473884,-0.6550042428222128,,,,,,,,2026-10-02,False,max 6 positions in RISK_ON
WFC,No clean setup,False,26.840123596829663,,,False,True,no dominant factor,80.44999694824219,76.73419506877413,4.618771933401856,86.02369976744427,91.59740258664637,14.656,1179.0751552734375,4330.153507741699,199.9999148887896,1.0,12.9904605232251,0,No actionable pattern today.,Stop 76.73; to breakeven at +1.0R; trail 2.5×ATR from +1.0R; scale 1/2 at T1 (+1.5R); time-stop 15 bars if < +0.5R,,80.44999694824219,1.8579009397340307,2.309385966700929,33.70420871702319,51.69928488265501,24.602572921399435,-1.8359056799417368,0.8364812153414038,-0.09880138934125593,-0.07476413366365953,0.009608703624004677,0.12794204122395536,1.0834082584095213,1168283708.3458328,0.0,0.0,0.0,0.0,-0.33692604134791987,0.2831858407079646,-0.33692604134791987,-0.5442475140309869,-0.3189246756658348,-0.13785990037967052,-0.041698239781246246,-0.5611135232060457,,,,,,,,2026-10-02,False,max 6 positions in RISK_ON
ADBE,No clean setup,False,26.624947714465115,,,False,True,no dominant factor,237.69000244140625,219.36153978977373,7.711078490207316,265.182696418855,292.6753903963038,2.9712,706.2245352539063,2593.6096057199707,199.99527242662344,1.0,7.780828817159914,0,No actionable pattern today.,Stop 219.4; to breakeven at +1.0R; trail 2.5×ATR from +1.0R; scale 1/2 at T1 (+1.5R); time-stop 15 bars if < +0.5R,,237.69000244140625,9.164231325816266,3.85553924510366,41.01981546747945,39.5654422431211,22.735256933589636,-1.0447888260882217,0.6535331164798105,-0.1504700125728622,0.08997108478112348,-0.021529704293434593,-0.18599439208872726,0.8504955971927577,1399978278.7765503,0.0,0.0,0.0,0.0,-0.3427129044903079,0.2743362831858407,-0.3427129044903079,-0.7408845966171518,-0.5721454214346169,0.3493471245900165,-0.05735010271467962,-0.2962410732719621,,,,,,,,2026-10-02,False,max 6 positions in RISK_ON
RTX,No clean setup,False,26.22191781752369,,,False,True,volatility compression,184.67999267578125,177.45925363542707,3.9098653491018336,195.51110123631253,206.34220979684378,7.372,1361.4609060058594,4999.965177306519,195.4919059346656,1.0,14.999895531919558,0,No actionable pattern today.,Stop 177.5; to breakeven at +1.0R; trail 2.5×ATR from +1.0R; scale 1/2 at T1 (+1.5R); time-stop 15 bars if < +0.5R,size capped at 25% of capital,184.67999267578125,3.610369520177081,1.954932674550913,24.057914793935552,2.780997844864615,45.0847231521873,-2.354828009471004,0.8156883074450839,-0.0801873005349164,-0.07983562134155187,-0.05170311959990215,0.21866123694182504,0.8453135263228565,758648876.9794464,0.0,0.0,0.0,0.0,-0.3535907448021541,0.26548672566371684,-0.3535907448021541,-0.7765080547199948,-0.3656221456061164,-0.6612327741182299,0.5739410559511572,0.05625362026423623,,,,,,,,2026-10-02,False,max 6 positions in RISK_ON
XLP,No clean setup,False,26.069668037187405,,,False,True,no dominant factor,80.52999877929688,78.62675070005906,2.363402592931754,83.3848708981536,86.23974301701031,16.9063,1361.4643183624269,4999.977709186012,118.16960282491195,1.0,14.999933127558041,0,No actionable pattern today.,Stop 78.63; to breakeven at +1.0R; trail 2.5×ATR from +1.0R; scale 1/2 at T1 (+1.5R); time-stop 15 bars if < +0.5R,size capped at 25% of capital,80.52999877929688,0.9516240396189061,1.1817012964658768,34.77041239404841,30.6526910777781,16.75986085770767,-1.8954276875813776,0.9106000991746596,-0.0522666992297981,-0.03615187909341244,-0.003271898247732219,0.1156940513093403,1.1932359381939022,909453754.7236252,0.0,0.0,0.0,0.0,-0.3577135223652208,0.25663716814159293,-0.3577135223652208,-0.45763748640074065,-0.11129164029188482,-0.2557550647462336,-0.5709597818944371,-0.7136117263767853,,,,,,,,2026-10-02,False,max 6 positions in RISK_ON
IWM,No clean setup,False,24.889450867658624,,,False,True,no dominant factor,281.5199890136719,274.3068250164543,2.56222090036643,292.3397350094982,303.1594810053246,4.8361,1361.4588188690186,4999.957512296471,128.10995638950158,1.0,14.999872536889413,0,No actionable pattern today.,Stop 274.3; to breakeven at +1.0R; trail 2.5×ATR from +1.0R; scale 1/2 at T1 (+1.5R); time-stop 15 bars if < +0.5R,size capped at 25% of capital,281.5199890136719,3.606581998608794,1.2811104501832167,40.03287909662169,84.2769230621439,37.09857570291511,-0.8966561916955983,0.924881222808249,-0.039980755587742944,-0.0556866469625209,0.12589633819484525,0.2215904309105754,1.2551592230372026,6913608979.190216,0.0,0.0,0.0,0.0,-0.3899387906351494,0.24778761061946902,-0.3899387906351494,-0.6671558726474119,0.01570965251072881,-0.0929745358951365,-0.9101394859155001,-0.7748714213049884,,,,,,,,2026-10-02,False,max 6 positions in RISK_ON
SLV,No clean setup,False,24.77230415144843,,,False,True,weak momentum; volatility compression,54.7400016784668,51.333624558506614,6.2228297689295795,59.84956735840707,64.95913303834735,15.9873,875.1448288341522,3213.969383893424,199.99984358520257,1.0,9.641908151680274,0,No actionable pattern today.,Stop 51.33; to breakeven at +1.0R; trail 2.5×ATR from +1.0R; scale 1/2 at T1 (+1.5R); time-stop 15 bars if < +0.5R,,54.7400016784668,1.7031885599800904,3.1114148844647875,40.22260288837025,31.39584158034225,13.276377509527979,-1.5128333064903867,0.4984066353988618,-0.0733028278098471,-0.02441630577405518,-0.1679586423968661,0.3766021884147528,1.0227036908536937,897374624.2759705,0.0,0.0,0.0,0.0,-0.3931643434316049,0.23893805309734514,-0.3931643434316049,-0.7857382806715887,-0.9166701566977857,0.21948682613111284,0.7368706780572931,-0.3482637116191589,,,,,,,,2026-10-02,False,max 6 positions in RISK_ON
ABT,No clean setup,False,24.66480106055961,,,False,True,no dominant factor,97.5,92.90469831057769,4.71312993786904,104.39295253413347,111.28590506826694,11.8509,1155.46275,4243.436949374999,199.9986972555898,1.0,12.730310848125,0,No actionable pattern today.,Stop 92.9; to breakeven at +1.0R; trail 2.5×ATR from +1.0R; scale 1/2 at T1 (+1.5R); time-stop 15 bars if < +0.5R,,97.5,2.297650844711156,2.356564968934519,29.734158767364235,33.05151614857094,31.723632203793628,-2.1380003408749078,0.7368958933710297,-0.11740745068691483,0.026826322998503294,-0.03945327054018055,-0.1531927087963244,0.9412857868764606,903205992.0591736,0.0,0.0,0.0,0.0,-0.39612883242866165,0.23008849557522124,-0.39612883242866165,-0.603147703217265,-0.5089267935509068,-0.5547173826098438,0.36939832328195477,-0.2277405184846849,,,,,,,,2026-10-02,False,max 6 positions in RISK_ON
XLB,No clean setup,False,23.814421409904234,,,False,True,distribution in volume,48.86000061035156,47.35340619187518,3.083492426639865,51.119892238066136,53.37978386578071,27.8647,1361.4692590072632,4999.995853704174,154.17449348127545,1.0,14.999987561112523,0,No actionable pattern today.,Stop 47.35; to breakeven at +1.0R; trail 2.5×ATR from +1.0R; scale 1/2 at T1 (+1.5R); time-stop 15 bars if < +0.5R,size capped at 25% of capital,48.86000061035156,0.7532972092381901,1.5417462133199304,35.19581914392968,55.80097921720487,20.303847258583144,-1.6107595621420505,0.905791755505945,-0.07299612453959592,-0.05569727239162059,-0.02264653065186173,0.210191809723409,1.2786938757406394,582577866.6271019,0.0,0.0,0.0,0.0,-0.41973450794765904,0.22123893805309736,-0.41973450794765904,-0.501867480393768,-0.12272016742865333,-0.32429781875511554,-0.5058114120621139,-1.0550825440273155,,,,,,,,2026-10-02,False,max 6 positions in RISK_ON
XLY,No clean setup,False,23.236456471892794,,,False,True,distribution in volume,110.04000091552734,106.9825274799555,2.778510914334627,114.62621106888511,119.2124212222429,12.3725,1361.469911327362,4999.998249349737,138.92549707472273,1.0,14.999994748049215,0,No actionable pattern today.,Stop 107; to breakeven at +1.0R; trail 2.5×ATR from +1.0R; scale 1/2 at T1 (+1.5R); time-stop 15 bars if < +0.5R,size capped at 25% of capital,110.04000091552734,1.5287367177859266,1.3892554571673146,41.57656358102329,85.76902626547579,24.092583620140452,-0.8341367209538013,0.8857219607500707,-0.039854092489970405,-0.06548296710826196,0.021748626184068698,-0.04164712077444288,1.1433141133721527,746984647.0818329,0.0,0.0,0.0,0.0,-0.43594363501707517,0.21238938053097345,-0.43594363501707517,-0.8447771699757414,-0.2752095017283691,0.08016625988748677,-0.3217490702587972,-0.9084713054366284,,,,,,,,2026-10-02,False,max 6 positions in RISK_ON
MELI,No clean setup,False,23.211149415617975,,,False,True,no dominant factor,1696.56005859375,1586.011321750251,6.5160520715742285,1862.3831638589986,2028.206269124247,0.4926,835.7254848632812,3069.2018431604,199.99079028204767,1.0,9.207605529481203,0,No actionable pattern today.,Stop 1586; to breakeven at +1.0R; trail 2.5×ATR from +1.0R; scale 1/2 at T1 (+1.5R); time-stop 15 bars if < +0.5R,,1696.56005859375,55.27436842174951,3.2580260357871147,33.48743264295763,35.681501861241486,24.826148625713365,-1.776404235592397,0.698747964824444,-0.15450164172400827,-0.06043152267918661,-0.011052019633487342,-0.0782439158860927,1.063925321098148,1171575678.1396484,0.0,0.0,0.0,0.0,-0.4366565711721002,0.20353982300884957,-0.4366565711721002,-0.7503680531546977,-0.6894573981413974,-0.1032479504143861,0.1039232419731122,-0.21792428406544576,,,,,,,,2026-10-02,False,max 6 positions in RISK_ON
UBER,No clean setup,False,21.436939788146717,,,False,True,weak momentum; volatility compression; distribution in volume,68.11000061035156,64.42733339962592,5.4069405046605405,73.63400142644002,79.15800224252848,14.7878,1007.1970670257568,3698.9312286520917,199.99901084152776,1.0,11.096793685956277,0,No actionable pattern today.,Stop 64.43; to breakeven at +1.0R; trail 2.5×ATR from +1.0R; scale 1/2 at T1 (+1.5R); time-stop 15 bars if < +0.5R,,68.11000061035156,1.841333605362823,2.7034702523302747,36.83137405884916,38.432046153680616,24.882317449580565,-1.3810193120401597,0.6723925350860266,-0.10909086554361713,-0.05951391421661123,-0.0519208785868458,-0.20867408689312517,0.8570474402868532,1355510551.322937,0.0,0.0,0.0,0.0,-0.4873564256132078,0.19469026548672566,-0.4873564256132078,-0.8614774736042564,-0.8308284375547529,-0.031068666068387464,0.9693123025617782,-1.0215346672694643,,,,,,,,2026-10-02,False,max 6 positions in RISK_ON
MS,No clean setup,False,20.832115883138542,,,False,True,distribution in volume,190.30999755859375,180.82420846346398,4.984388217549756,204.5386812012884,218.76736484398307,5.741,1092.5696959838867,4012.462208500824,199.99669355415176,1.0,12.037386625502474,0,No actionable pattern today.,Stop 180.8; to breakeven at +1.0R; trail 2.5×ATR from +1.0R; scale 1/2 at T1 (+1.5R); time-stop 15 bars if < +0.5R,,190.30999755859375,4.742894547564888,2.4921941087748785,30.018028244708276,59.75441169454376,36.506186087304854,-2.0887433723018516,0.8239294063202846,-0.10154852715447726,-0.13841692307054643,0.16027967302328605,0.3807242373079438,1.3008142716338191,1119782445.4270172,0.0,0.0,0.0,0.0,-0.5049873639610994,0.18584070796460178,-0.5049873639610994,-0.7072147703809044,-0.24158944899566384,-0.5367979695720524,0.052970747266551446,-1.2692695413462995,,,,,,,,2026-10-02,False,max 6 positions in RISK_ON
GS,No clean setup,False,20.557861645120305,,,False,True,distribution in volume,902.5599975585938,854.797846549766,5.291853299284639,974.2032240718354,1045.846450585077,1.1402,1029.0989092163086,3779.365744096893,199.99849082102492,1.0,11.338097232290682,0,No actionable pattern today.,Stop 854.8; to breakeven at +1.0R; trail 2.5×ATR from +1.0R; scale 1/2 at T1 (+1.5R); time-stop 15 bars if < +0.5R,,902.5599975585938,23.881075504413925,2.6459266496423224,32.13762194555292,46.0739044274458,32.960038070394376,-2.0160455713507273,0.7859516763810489,-0.10141174716221646,-0.14053925214839857,0.055545102249277,0.3038347664245067,0.9694375024376194,2041621826.5100098,0.0,0.0,0.0,0.0,-0.513044921659038,0.17699115044247787,-0.513044921659038,-0.7393001862658349,-0.42671047216281777,-0.49278680952555176,0.15839238809209596,-0.9781949941373588,,,,,,,,2026-10-02,False,max 6 positions in RISK_ON
AXP,No clean setup,False,19.825915536188994,,,False,True,no dominant factor,302.7799987792969,291.1712188254851,3.8340643373453775,320.19316871001456,337.60633864073225,4.4965,1361.4502645111083,4999.926096417045,191.70038335635078,1.0,14.999778289251138,0,No actionable pattern today.,Stop 291.2; to breakeven at +1.0R; trail 2.5×ATR from +1.0R; scale 1/2 at T1 (+1.5R); time-stop 15 bars if < +0.5R,size capped at 25% of capital,302.7799987792969,5.8043899769059,1.9170321686726903,32.80717371763032,33.848679193702424,30.51563776687149,-1.747784535594742,0.7877498841961132,-0.08242927238449671,-0.1495660483177702,0.011422561477987703,0.01506452166773542,1.2109126476729046,1041598690.332489,0.0,0.0,0.0,0.0,-0.5347508820245797,0.168141592920354,-0.5347508820245797,-0.9325003040025892,-0.6064383885012966,-0.1593914920546407,-0.041701843849456764,-0.6161213950067991,,,,,,,,2026-10-02,False,max 6 positions in RISK_ON
ORCL,No clean setup,False,19.694763340864128,,,False,True,weak momentum; favourable entry timing,142.3000030517578,128.5592462008722,9.656188725370432,162.91113832808622,183.52227360441466,3.9633,563.9776020950317,2071.207743694004,199.9997286255797,1.0,6.213623231082013,0,No actionable pattern today.,Stop 128.6; to breakeven at +1.0R; trail 2.5×ATR from +1.0R; scale 1/2 at T1 (+1.5R); time-stop 15 bars if < +0.5R,,142.3000030517578,6.8703784254428095,4.828094362685216,48.3149162172583,89.80275945172583,11.472340209520858,-0.13135430013428953,0.44544109280549854,-0.023670648015383766,-0.006712152106469027,-0.021083535538492737,-0.4899442594304707,1.0732409865411365,5304588783.418121,0.0,0.0,0.0,0.0,-0.5386722340260596,0.1592920353982301,-0.5386722340260596,-0.5586223059651813,-1.2653717755224805,0.7115812293618227,-0.36168847529621867,-0.7343871902184279,,,,,,,,2026-10-02,False,max 6 positions in RISK_ON
BAC,No clean setup,False,19.12217451494064,,,False,True,no dominant factor,53.75,51.45761217559746,4.2649075802837935,57.18858173660381,60.62716347320762,23.7563,1276.9011249999999,4689.419381562499,199.9994026755564,1.0,14.0682581446875,0,No actionable pattern today.,Stop 51.46; to breakeven at +1.0R; trail 2.5×ATR from +1.0R; scale 1/2 at T1 (+1.5R); time-stop 15 bars if < +0.5R,,53.75,1.1461939122012683,2.1324537901418945,22.309818362199593,6.226727091521923,42.3058046144578,-3.167562275273754,0.828211477012814,-0.13699301270240127,-0.09809291827452815,0.09973531874454045,0.25512700627666773,1.1529439995455664,2252380355.845108,0.0,0.0,0.0,0.0,-0.5559110826164918,0.1504424778761062,-0.5559110826164918,-0.7250745862533481,-0.25945698774266407,-0.968748090490866,-0.3001025116058181,-0.5952723717264604,,,,,,,,2026-10-02,False,max 6 positions in RISK_ON
SPGI,No clean setup,False,18.716386946711076,,,False,True,distribution in volume,386.2699890136719,367.08582409037825,4.966517065506377,415.04623639861234,443.82248378355274,2.8387,1096.5046178131104,4026.913208918648,199.9973317340751,1.0,12.080739626755944,0,No actionable pattern today.,Stop 367.1; to breakeven at +1.0R; trail 2.5×ATR from +1.0R; scale 1/2 at T1 (+1.5R); time-stop 15 bars if < +0.5R,,386.2699890136719,9.5920824616468,2.4832585327531858,31.946587067581532,8.251238090397308,20.17003945602632,-1.9751411997459933,0.7444273771302337,-0.10525585078133304,-0.13434712507287982,-0.048713640092798105,-0.04420968524052704,1.3883232570929571,786127033.5939026,0.0,0.0,0.0,0.0,-0.5682490853002019,0.1415929203539823,-0.5682490853002019,-0.798293228452571,-0.73493041916598,-0.25959179090721246,0.3532809234368935,-1.0759734146575968,,,,,,,,2026-10-02,False,max 6 positions in RISK_ON
XLF,No clean setup,False,17.080396471017647,,,False,True,distribution in volume,53.4900016784668,52.081861325159196,2.6325300226611685,55.6022122084282,57.7144227383896,25.4528,1361.4703147216796,4999.999730815368,131.6264940466922,1.0,14.999999192446104,0,No actionable pattern today.,Stop 52.08; to breakeven at +1.0R; trail 2.5×ATR from +1.0R; scale 1/2 at T1 (+1.5R); time-stop 15 bars if < +0.5R,size capped at 25% of capital,53.4900016784668,0.7040701766538019,1.3162650113305867,27.510594260543172,23.98088986687189,34.180228280753376,-2.3979074537895477,0.91602925288324,-0.06903723271328832,-0.043831299344562535,0.08757012893314986,0.09313882098565363,1.340591072427754,2101913031.945343,0.0,0.0,0.0,0.0,-0.6190921400366883,0.13274336283185842,-0.6190921400366883,-0.5842769680404214,-0.0675018320567615,-0.5783004153624528,-1.2143802245375215,-1.53359775648956,,,,,,,,2026-10-02,False,max 6 positions in RISK_ON
IBM,No clean setup,False,16.554091586192076,,,False,True,weak momentum,222.63999938964844,208.9497529992923,6.149050677275861,243.17536897518266,263.7107385607169,3.9779,885.6396535720825,3252.5116277434727,199.99858827423617,1.0,9.757534883230418,0,No actionable pattern today.,Stop 208.9; to breakeven at +1.0R; trail 2.5×ATR from +1.0R; scale 1/2 at T1 (+1.5R); time-stop 15 bars if < +0.5R,,222.63999938964844,6.845123195178075,3.07452533863793,41.56147086006332,44.747302929692985,13.655420671330697,-0.9879086645216747,0.6744784719234238,-0.039102277418750275,-0.2513451065582174,-0.08975063760160729,-0.1702206826198106,1.0011826634056535,1377706366.6525269,0.0,0.0,0.0,0.0,-0.6358533442572741,0.12389380530973451,-0.6358533442572741,-0.8773251275908168,-1.1749545252803153,0.13676767209872887,0.1859130631131773,-0.7858547569370407,,,,,,,,2026-10-02,False,max 6 positions in RISK_ON
BA,No clean setup,False,16.39697664566926,,,False,True,no dominant factor,193.55999755859375,180.63133571347674,6.679407939754334,212.95299032626926,232.34598309394477,4.2122,815.3134217163087,2994.2385412531435,199.99740685964682,1.0,8.982715623759432,0,No actionable pattern today.,Stop 180.6; to breakeven at +1.0R; trail 2.5×ATR from +1.0R; scale 1/2 at T1 (+1.5R); time-stop 15 bars if < +0.5R,,193.55999755859375,6.464330922558503,3.339703969877167,41.20412676005549,78.558872026301,31.2455684139875,-0.8558241667698184,0.7609985960834555,-0.07329917133384334,-0.17472498038978157,-0.07040631820269028,-0.02941450706701043,1.939243084068421,1662729134.9617004,0.0,0.0,0.0,0.0,-0.6408978877988268,0.11504424778761062,-0.6408978877988268,-1.0300695381959692,-0.7795669165598863,0.14996320918396877,-0.7339700413819448,-0.6091015069929683,,,,,,,,2026-10-02,False,max 6 positions in RISK_ON
KWEB,No clean setup,False,15.511490758508998,,,False,True,weak momentum,23.860000610351562,23.007853670395104,3.571445591609743,25.138221020286252,26.41644143022094,57.0607,1361.4683368270873,4999.992466997478,178.5720105434007,1.0,14.999977400992437,0,No actionable pattern today.,Stop 23.01; to breakeven at +1.0R; trail 2.5×ATR from +1.0R; scale 1/2 at T1 (+1.5R); time-stop 15 bars if < +0.5R,size capped at 25% of capital,23.860000610351562,0.42607346997823003,1.7857227958048743,33.164905612214355,6.468954208645371,21.668100185435918,-2.3752424948952773,0.5837340506140433,-0.07159533455116673,-0.06760451472921836,-0.15058738053608112,-0.3575464842051018,1.0497496000659587,368479190.63676834,0.0,0.0,0.0,0.0,-0.6696974415456074,0.10619469026548672,-0.6696974415456074,-0.9032586389690797,-1.1619108908411362,-0.4290755525335507,0.41032425243353665,-0.41299595095707,,,,,,,,2026-10-02,False,max 6 positions in RISK_ON
XLU,No clean setup,False,15.304771248479696,,,False,True,no dominant factor,39.83000183105469,38.65460160629687,2.951042356823039,41.59310216819141,43.356202505328135,34.182,1361.4691225891115,4999.995352708512,147.55198069761164,1.0,14.999986058125536,0,No actionable pattern today.,Stop 38.65; to breakeven at +1.0R; trail 2.5×ATR from +1.0R; scale 1/2 at T1 (+1.5R); time-stop 15 bars if < +0.5R,size capped at 25% of capital,39.83000183105469,0.5877001123789064,1.4755211784115156,35.38104657062334,77.33675026235363,34.359820388260225,-1.4425406114758703,0.8463440014209626,-0.05969369518491341,-0.11428548161233154,-0.12863460247965186,-0.010410881308877018,2.158142570060202,1197847882.8165245,0.0,0.0,0.0,0.0,-0.6765145331964327,0.09734513274336283,-0.6765145331964327,-1.0611494398271992,-0.5232564564640314,-0.3258297484709555,-0.9319226828765498,-0.5610089391740011,,,,,,,,2026-10-02,False,max 6 positions in RISK_ON
BKNG,No clean setup,False,13.719816981311158,,,False,True,distribution in volume,159.02000427246094,147.01512570783703,7.549288292091257,177.02732211939679,195.03463996633266,4.5363,721.3624453811645,2649.2035806623267,199.99601574860336,1.0,7.947610741986981,0,No actionable pattern today.,Stop 147; to breakeven at +1.0R; trail 2.5×ATR from +1.0R; scale 1/2 at T1 (+1.5R); time-stop 15 bars if < +0.5R,,159.02000427246094,6.002439282311956,3.774644146045629,30.462212802931106,11.516533824241591,32.87513036430737,-1.9067141688283702,0.713239650684235,-0.20138256945434796,-0.11946061134060626,-0.04749067670023688,-0.061117065604964105,1.056327265293137,1523793865.8691406,0.0,0.0,0.0,0.0,-0.7300639510793875,0.08849557522123894,-0.7300639510793875,-0.9837771279716544,-0.7799052368963957,-0.4337191206270849,-0.29560544195660565,-0.9770101375535685,,,,,,,,2026-10-02,False,max 6 positions in RISK_ON
NEE,No clean setup,False,10.247649190576276,,,False,True,distribution in volume,76.83000183105469,74.07611392730504,3.584391303029387,80.96083368667915,85.09166554230362,17.7205,1361.4660474472046,4999.984059249859,179.21899377260766,1.0,14.999952177749579,0,No actionable pattern today.,Stop 74.08; to breakeven at +1.0R; trail 2.5×ATR from +1.0R; scale 1/2 at T1 (+1.5R); time-stop 15 bars if < +0.5R,size capped at 25% of capital,76.83000183105469,1.3355589392173495,1.7383299588540637,33.19029793990563,87.81446229135595,47.29581992385774,-1.555090780231892,0.7896174742656916,-0.07545122452702568,-0.1147329050756396,-0.16291224148730088,0.08666853829230314,1.3378166683502,1004939149.1556549,0.0,0.0,0.0,0.0,-0.856804700628289,0.07964601769911504,-0.856804700628289,-1.2205967827900543,-0.6155539920598021,-0.5014623862254286,-0.773799313035904,-1.34836616692265,,,,,,,,2026-10-02,False,max 6 positions in RISK_ON
HD,No clean setup,False,10.236719293385494,,,False,True,weak momentum; distribution in volume,282.8500061035156,269.47758652347454,4.727742369270846,302.90863547357725,322.9672648436389,4.0724,1151.878364855957,4230.273294933502,199.99642290052103,1.0,12.690819884800508,0,No actionable pattern today.,Stop 269.5; to breakeven at +1.0R; trail 2.5×ATR from +1.0R; scale 1/2 at T1 (+1.5R); time-stop 15 bars if < +0.5R,,282.8500061035156,6.6862097900205395,2.363871184635422,26.515071589410766,15.428845841135285,32.591787715630105,-2.512955572685888,0.7267832128058643,-0.10541459720521595,-0.18741079839681507,-0.10744770943047433,-0.1810644027170999,1.3724650106557985,1527906785.209961,0.0,0.0,0.0,0.0,-0.8572278225022354,0.07079646017699115,-0.8572278225022354,-1.0299752605797747,-0.9692916874512866,-0.6703778445916088,0.028391341769233434,-1.3974674151119364,,,,,,,,2026-10-02,False,max 6 positions in RISK_ON
PEP,No clean setup,False,9.919197235125093,,,False,True,distribution in volume,125.88999938964844,121.46193369007605,3.5174086274056275,132.53209793900703,139.1741964883656,10.8147,1361.462576399231,4999.971311826176,175.86942228998024,1.0,14.99991393547853,0,No actionable pattern today.,Stop 121.5; to breakeven at +1.0R; trail 2.5×ATR from +1.0R; scale 1/2 at T1 (+1.5R); time-stop 15 bars if < +0.5R,size capped at 25% of capital,125.88999938964844,2.214032849786193,1.7587043137028138,26.05081266669488,23.262424128762376,28.027071024419055,-2.4107144649131955,0.7564859394577309,-0.09454267931651983,-0.11204637323527555,-0.18111247763409044,0.010677256703386373,1.0180863028420972,1214527028.0843735,0.0,0.0,0.0,0.0,-0.8695951297438894,0.061946902654867256,-0.8695951297438894,-0.9808755612014135,-0.7271321054481987,-0.8704455270665766,-0.4778175905944344,-1.3936937707334902,,,,,,,,2026-10-02,False,max 6 positions in RISK_ON
TLT,No clean setup,False,9.83875017182664,,,False,True,distribution in volume,77.4800033569336,75.85591764065828,2.0961353199657284,79.91613193134657,82.35226050575955,17.5718,1361.4631229873658,4999.9733191711,104.8062067320082,1.0,14.999919957513303,0,No actionable pattern today.,Stop 75.86; to breakeven at +1.0R; trail 2.5×ATR from +1.0R; scale 1/2 at T1 (+1.5R); time-stop 15 bars if < +0.5R,size capped at 25% of capital,77.4800033569336,0.8120428581376554,1.04806765998286,27.02228058015075,20.884985012591528,25.690512008735332,-2.712554556705147,0.8791230065661432,-0.050737582353322264,-0.08244917083988113,-0.08635157311812447,-0.043483932480816945,1.8541310235847182,3802131605.1558304,0.0,0.0,0.0,0.0,-0.8727519527394008,0.05309734513274336,-0.8727519527394008,-0.9455141822007981,-0.3881515867929922,-0.7120629891227985,-2.1824056503986884,-0.8701081564482419,,,,,,,,2026-10-02,False,max 6 positions in RISK_ON
INTU,No clean setup,False,9.073221470862762,,,False,True,weak momentum; distribution in volume,281.0799865722656,255.91580318085047,8.952677029157835,318.82626165938836,356.5725367465111,2.1641,608.28519894104,2233.927393110969,199.9963045711102,1.0,6.701782179332908,0,No actionable pattern today.,Stop 255.9; to breakeven at +1.0R; trail 2.5×ATR from +1.0R; scale 1/2 at T1 (+1.5R); time-stop 15 bars if < +0.5R,,281.0799865722656,12.58209169570757,4.476338514578916,37.11816743325824,67.9948786096636,22.021587389398498,-1.3987573193151992,0.4116823717179135,-0.1803814528161084,0.03742578555436671,-0.32967822414487014,-0.4896355782306313,0.9506289319445006,1107955559.3736267,0.0,0.0,0.0,0.0,-0.9032871518722938,0.04424778761061947,-0.9032871518722938,-0.9489127669469803,-1.380727610111986,0.0026574141129015036,-0.4496236228999619,-1.4310151540738145,,,,,,,,2026-10-02,False,max 6 positions in RISK_ON
LOW,No clean setup,False,8.026528029656948,,,False,True,weak momentum; distribution in volume,180.8000030517578,171.8299507321292,4.961312039945461,194.25508153120074,207.71016001064368,6.0711,1097.654898527527,4031.1376148423424,199.9973158319434,1.0,12.093412844527029,0,No actionable pattern today.,Stop 171.8; to breakeven at +1.0R; trail 2.5×ATR from +1.0R; scale 1/2 at T1 (+1.5R); time-stop 15 bars if < +0.5R,,180.8000030517578,4.485026159814317,2.480656019972734,25.497365917918756,1.2568495197983651,27.562594971736416,-2.606846071913356,0.6237309882438163,-0.09527618912652436,-0.18707045839108694,-0.2088014354798624,-0.1776062639174828,1.140828952247709,635000821.9524384,0.0,0.0,0.0,0.0,-0.9465945187446753,0.035398230088495575,-0.9465945187446753,-1.0755811161023685,-1.2430423359184886,-0.7529250722288701,0.2761477917526391,-1.460748261365776,,,,,,,,2026-10-02,False,max 6 positions in RISK_ON
NVO,No clean setup,False,7.334185580729901,,,False,True,weak momentum; distribution in volume,37.31999969482422,35.18829383174463,5.7119664536739725,40.5175584894436,43.715117284062984,25.547,953.4140322036743,3501.413033267994,199.9995378648361,1.0,10.504239099803984,0,No actionable pattern today.,Stop 35.19; to breakeven at +1.0R; trail 2.5×ATR from +1.0R; scale 1/2 at T1 (+1.5R); time-stop 15 bars if < +0.5R,,37.31999969482422,1.0658529315397927,2.8559832268369822,27.076037976038705,2.5754676590330803,33.15380203473153,-3.197754004568048,0.6107088459146764,-0.20205261215409676,-0.23270630948984206,0.02208994905228634,-0.17010569844542311,0.9722386254289801,567133419.0462303,0.0,0.0,0.0,0.0,-0.9763284694848614,0.02654867256637168,-0.9763284694848614,-1.0371350795259329,-1.2023684844162787,-1.0532981645310246,0.4236160235876032,-1.5741051625773939,,,,,,,,2026-10-02,False,max 6 positions in RISK_ON
NFLX,No clean setup,False,6.9512412061459585,,,False,True,weak momentum; distribution in volume,67.05999755859375,63.10416820323914,5.898940500106936,72.99374159162566,78.92748562465758,13.7667,923.1948683898926,3390.4331541618803,199.9996344599082,1.0,10.171299462485642,0,No actionable pattern today.,Stop 63.1; to breakeven at +1.0R; trail 2.5×ATR from +1.0R; scale 1/2 at T1 (+1.5R); time-stop 15 bars if < +0.5R,,67.05999755859375,1.9779146776773044,2.9494702500534675,31.05639503967032,6.694433850346357,25.83663917274907,-2.901226038739281,0.5370815091365146,-0.18941140048952432,-0.11786371323511335,-0.3202919615910341,-0.29344943253566447,1.1760206296413005,2612330058.6914825,0.0,0.0,0.0,0.0,-0.9931792700082493,0.017699115044247787,-0.9931792700082493,-0.9772930748663089,-1.4238436358839475,-0.8060932683988262,0.27938582852306426,-1.5014848465483321,,,,,,,,2026-10-02,False,max 6 positions in RISK_ON
MCD,No clean setup,False,4.091347726937531,,,False,True,weak momentum; distribution in volume,231.88999938964844,222.91571364461984,3.870061567402465,245.35142800719132,258.8128566247342,5.8711,1361.449375416565,4999.922831217335,193.5000918907233,1.0,14.99976849365201,0,No actionable pattern today.,Stop 222.9; to breakeven at +1.0R; trail 2.5×ATR from +1.0R; scale 1/2 at T1 (+1.5R); time-stop 15 bars if < +0.5R,size capped at 25% of capital,231.88999938964844,4.487142872514294,1.935030783701231,24.016014562877388,34.36109302872542,46.71111988652521,-2.6899043451157243,0.6918378497943029,-0.11136237385697967,-0.16444278694442727,-0.23447891257838493,-0.1093376631046673,1.10992251299454,1489251773.4804535,0.0,0.0,0.0,0.0,-1.129827235138303,0.008849557522123894,-1.129827235138303,-1.3470474141948394,-1.0455542797687751,-0.9567517975712364,-0.3712291402233559,-1.9242805167145944,,,,,,,,2026-10-02,False,max 6 positions in RISK_ON
