ticker,setup,eligible,conviction,earnings_flag,earnings_date,veto,liquid,why,entry,stop,stop_pct,t1,t2,units,pos_native,pos_aed,risk_aed,risk_pct,cost_aed,hold_days,entry_note,exit_rule,plan_flags,close,atr,atr_pct,rsi14,rsi2,adx,dist21_atr,pct_52w_high,mom_1m,mom_3m,mom_6m,mom_12_1,rvol,adv20,squeeze_on,breakout20,breakout55,uptrend,composite,comp_rank,composite_final,g_trend,g_momentum,g_timing,g_volatility,g_volume,g_fundamentals,g_sentiment,social_buzz,social_bull,sector,shortName,shortPercentOfFloat,date,selected,skip_reason
MU,No clean setup,False,74.66911921347932,,2026-12-23,False,True,momentum leader; strong trend structure; volume accumulation; quality/growth fundamentals,1074.8900146484375,981.9208150514994,8.649182551699987,1214.3438140438448,1353.7976134392518,0.5857,629.5630815795898,2312.0704171010434,199.9751910989206,1.0,6.936211251303131,0,No actionable pattern today.,Stop 981.9; to breakeven at +1.0R; trail 2.5×ATR from +1.0R; scale 1/2 at T1 (+1.5R); time-stop 15 bars if < +0.5R,55-day high sits before T1 (resistance); crowd euphoric on social (contrarian caution); Ex-dividend 2026-10-14,1074.8900146484375,46.48459979846903,4.324591275849992,59.264294374568586,42.45357366619975,15.075832590415466,0.971674168408794,0.8566178152483285,0.12426783892025339,0.09153593769833712,1.9353850195172875,4.25728605167939,0.9310667042970141,27127676201.046143,0.0,0.0,0.0,1.0,0.9609792975752937,0.9734513274336283,1.0680511241853583,0.9177359585637939,1.6809718010879795,0.3208603960704227,0.14030621868852558,1.0283361479606525,1.8217166722229428,1.17096018902829,5.618265025745236,0.9523809523809523,Technology,"Micron Technology, Inc.",0.024500001,2026-10-02,False,not actionable today
ANET,Momentum continuation,True,73.76384901719976,,2026-11-03,False,True,momentum leader; strong trend structure; volatility compression,207.35000610351562,193.6299203764551,6.616872593778001,227.9301346941064,248.51026328469723,1.9846,411.5068221130371,1511.2588042101288,99.99806963683713,0.5,4.533776412630387,15,Half-size starter at market; add on a 2–3 day tight consolidation.,Stop 193.6; to breakeven at +1.0R; trail 2.5×ATR from +1.0R; scale 1/2 at T1 (+1.5R); time-stop 15 bars if < +0.5R,55-day high sits before T1 (resistance),207.35000610351562,6.860042863530268,3.3084362968890004,60.17701825557926,90.49943570957879,17.013239465064384,0.9834859282800672,0.9649123118453691,0.11418591780260323,0.1966182338656004,0.6368014335649153,0.24673411118706268,0.6911166842790228,955404383.8394928,0.0,0.0,0.0,1.0,0.7642712859408249,0.9380530973451328,0.6460815579156515,1.3016537116730067,0.8835492629954951,0.036060688342824415,0.9129832904304471,0.3349153837471646,-0.12333108993521052,0.469976381565125,2.0609102434092366,1.0,Technology,"Arista Networks, Inc.",0.0127,2026-10-02,True,
NVDA,Momentum continuation,True,72.09610928062317,,2026-11-17,False,True,volatility compression; quality/growth fundamentals,233.9499969482422,219.6144106708876,6.1276283241525835,255.45337636427408,276.95675578030597,1.8994,444.3646242034912,1631.9290823873214,99.99854868244886,0.5,4.895787247161965,15,Half-size starter at market; add on a 2–3 day tight consolidation.,Stop 219.6; to breakeven at +1.0R; trail 2.5×ATR from +1.0R; scale 1/2 at T1 (+1.5R); time-stop 15 bars if < +0.5R,55-day high sits before T1 (resistance); crowd euphoric on social (contrarian caution),233.9499969482422,5.90234266801216,2.522907777305063,63.01107968416154,95.186943693792,16.01516482017313,1.5806103183627005,0.9834790320585945,0.04367796703392446,0.1977078628548592,0.32186010798593445,0.200043817683474,0.9815798149035357,24630934462.001266,0.0,0.0,0.0,1.0,0.4496746680612771,0.8407079646017699,0.5932712178762084,0.6933053012358098,0.7027113500846578,-0.5520199954578047,0.7983632522977729,0.4836751076958861,0.8464977277669695,1.4888171065048972,5.920736804185628,1.0,Technology,NVIDIA Corporation,0.0127,2026-10-02,True,
XOM,Pullback in uptrend,True,71.32879066447998,,2026-10-30,False,True,strong trend structure; favourable entry timing; volatility compression; volume accumulation,162.2469813661125,154.9684995331539,4.486050693624061,173.16470411555036,184.08242686498826,7.4821,1213.9481392793903,4458.22454150356,199.99821296743858,1.0,13.374673624510683,15,"Limit near the 21-EMA, or at market on the first up-close / reclaim day.",Stop 155; to breakeven at +1.0R; trail 2.5×ATR from +1.0R; scale 1/2 at T1 (+1.5R); time-stop 15 bars if < +0.5R,55-day high sits before T1 (resistance),164.00999450683594,3.526026281446904,2.1498850067335007,55.12638426166743,85.6460773100496,13.4986315468508,0.5194075131563637,0.9420804412195998,-0.0008528747782757806,0.2098504030467554,0.034242340937941984,0.5082375035093887,0.8251149881441237,2297554136.5920258,0.0,0.0,0.0,1.0,0.7589219643155344,0.9203539823008849,0.5696291136428875,0.8019868241374961,0.6068202015089862,0.6619918945082122,0.6480711036086634,1.309292617105835,-0.04900466046898291,-0.32607991762641736,2.201086987477813,0.8333333333333334,Energy,ExxonMobil Holdings Corporation,0.0108,2026-10-02,True,
PANW,Momentum continuation,True,70.58176989538822,,2026-11-19,False,True,momentum leader; strong trend structure; volume accumulation,403.239990234375,353.2769536640306,12.390397227542936,478.18454508989157,553.1290999454081,0.5449,219.72547067871096,806.941791067566,99.983293308321,0.5,2.4208253732026983,15,Half-size starter at market; add on a 2–3 day tight consolidation.,Stop 353.3; to breakeven at +1.0R; trail 2.5×ATR from +1.0R; scale 1/2 at T1 (+1.5R); time-stop 15 bars if < +0.5R,55-day high sits before T1 (resistance),403.239990234375,17.252170695440082,4.278387836834489,62.60249596625163,87.26354823593549,15.676943574032792,1.4892225458353243,0.9847130408653846,0.22759369443384037,0.1278493877748561,1.4706817820387577,0.588394613824625,0.8856297902609557,2327199734.7947693,0.0,0.0,0.0,1.0,0.8962441789950683,0.9646017699115044,0.5469733378819885,1.6585537658336382,1.4336479483576956,-0.14313615000235586,-0.6068564349776494,1.0902866893802126,-0.4245949038530667,-1.2756251492875934,2.3335960868432,0.6363636363636364,Technology,"Palo Alto Networks, Inc.",0.0269,2026-10-02,False,sector cap (Technology)
MSFT,Momentum continuation,True,70.22643086256663,,2026-10-28,False,True,momentum leader; strong trend structure,517.530029296875,488.3244948839122,5.643254064434079,561.3383309163191,605.1466325357633,0.9323,482.49324631347656,1771.9564470862426,99.99600422019608,0.5,5.315869341258729,15,Half-size starter at market; add on a 2–3 day tight consolidation.,Stop 488.3; to breakeven at +1.0R; trail 2.5×ATR from +1.0R; scale 1/2 at T1 (+1.5R); time-stop 15 bars if < +0.5R,55-day high sits before T1 (resistance),517.530029296875,11.58202534716368,2.2379426683509003,62.70069602450971,91.61115529424146,36.37915333486418,1.2756628999357404,0.9423320985128818,0.04168516095838526,0.3407051562809811,0.39138679429888623,-0.036178563990071355,0.7612152810976881,10681883933.50296,0.0,0.0,0.0,1.0,0.6392027991791707,0.911504424778761,0.5363148062095028,1.513599917649293,0.8035128851487761,-0.4159236807052006,0.4767152888045615,0.22481057751607722,-0.09293834787859917,0.3424640165402619,3.4714335620154992,0.9,Technology,Microsoft Corporation,0.0091,2026-10-02,False,sector cap (Technology)
AMD,Extended (wait),False,69.75907641734106,,2026-11-03,False,True,momentum leader; strong trend structure; volume accumulation,633.9099731445312,576.2180287156938,9.100968098459578,720.4478897877875,806.9858064310437,0.9439,598.3476236511231,2197.4316478587493,199.9875532570794,1.0,6.592294943576248,15,Too far above the 21-EMA. Set an alert for a pullback toward it.,Stop 576.2; to breakeven at +1.0R; trail 2.5×ATR from +1.0R; scale 1/2 at T1 (+1.5R); time-stop 15 bars if < +0.5R,55-day high sits before T1 (resistance); crowd euphoric on social (contrarian caution),633.9099731445312,24.207963262225014,3.8188330027591486,70.0723975533013,93.38921485283393,25.827877615885022,2.4758613976851342,0.9821057099821214,0.38692945462431516,0.1482836467016857,1.9145286121587644,1.7867813722751116,0.8034101853164892,12885467729.176636,0.0,0.0,0.0,1.0,0.9752923573234249,0.9823008849557522,0.8570650444576656,1.0743204260828139,2.040836348982978,-0.7681939779647868,-0.524564758111972,2.228462859023477,-0.17176215079675572,0.9400737367860117,3.8418502995103267,1.0,Technology,"Advanced Micro Devices, Inc.",0.024600001,2026-10-02,False,not actionable today
AAPL,Pullback in uptrend,True,69.60734836906785,,2026-10-29,False,True,favourable entry timing,331.0239878138705,316.957209440495,4.249474023400705,352.12415537393383,373.22432293399714,3.8714,1281.5262664226184,4706.405213437066,199.99746698098457,1.0,14.1192156403112,15,"Limit near the 21-EMA, or at market on the first up-close / reclaim day.",Stop 317; to breakeven at +1.0R; trail 2.5×ATR from +1.0R; scale 1/2 at T1 (+1.5R); time-stop 15 bars if < +0.5R,55-day high sits before T1 (resistance),333.69000244140625,7.033389186687763,2.1077614358322823,54.738372654504204,62.385708386206694,17.189801346788244,0.37905120231107786,0.9662651473329904,0.026864879418655896,0.06818197581868257,0.306210883034,0.2768071717971887,0.8356896502573355,13988005526.706696,0.0,0.0,0.0,1.0,0.5779472892547074,0.8938053097345132,0.517918303285438,0.7115797549476653,0.4627865919160066,0.7760082040671142,0.44658387482395784,0.4328561434276825,-0.25560775022736293,0.8112124690440826,3.3536659035489085,1.0,Technology,Apple Inc.,0.0088,2026-10-02,False,sector cap (Technology)
ABBV,Pullback in uptrend,True,68.84564754395748,,2026-10-30,False,True,strong trend structure; favourable entry timing,261.6535857869471,251.34567692652473,3.9395251662309025,277.1154490775806,292.5773123682141,5.2033,1361.4621029252216,4999.969572992876,196.97505963194217,1.0,14.99990871897863,15,"Limit near the 21-EMA, or at market on the first up-close / reclaim day.",Stop 251.3; to breakeven at +1.0R; trail 2.5×ATR from +1.0R; scale 1/2 at T1 (+1.5R); time-stop 15 bars if < +0.5R,size capped at 25% of capital; 55-day high sits before T1 (resistance); Ex-dividend 2026-10-15,262.82000732421875,5.153954430211176,1.9610205793249138,53.7830263777835,64.58549484299907,17.221919402013143,0.2263158421491673,0.9756115410112999,0.004202988301944988,0.038980752205142855,0.27794793170970866,0.10417910997357627,0.9712056803527493,1115368080.0350952,0.0,0.0,0.0,1.0,0.5489849242053059,0.8849557522123894,0.4955706534298613,0.9135515304813262,0.32860155212506953,0.5677559432200627,0.4441295185181932,0.4475090190188329,0.15995907235156212,0.4038680683046036,1.8104622419061844,1.0,Healthcare,AbbVie Inc.,0.0123000005,2026-10-02,True,
TMO,Pullback in uptrend,True,67.42389408368456,Earnings in 17d — binary gap risk,2026-10-21,False,True,strong trend structure; favourable entry timing; volume accumulation,649.1475703183095,618.0064773609334,4.797228608913378,695.8592097543735,742.5708491904376,1.7487,1135.1643562156278,4168.891098201892,199.9912364373843,1.0,12.50667329460568,15,"Limit near the 21-EMA, or at market on the first up-close / reclaim day.",Stop 618; to breakeven at +1.0R; trail 2.5×ATR from +1.0R; scale 1/2 at T1 (+1.5R); time-stop 15 bars if < +0.5R,55-day high sits before T1 (resistance),654.7999877929688,15.570546478688025,2.3779087918387436,56.66382832671803,18.92563520255392,42.11069179038973,0.3630198517692326,0.9578280401914399,0.07684275410549546,0.26603923145795494,0.3347145059578076,0.14975747343055934,1.0029975276590053,1499171467.3980713,0.0,0.0,0.0,1.0,1.0023987301064023,0.9911504424778761,0.7702520971263201,1.9353657249013538,0.7559469900713298,0.7039692270838731,-0.028306808276077323,1.2309438835204536,-0.5009477459313797,0.18427887634336107,0.97855969340771,1.0,Healthcare,Thermo Fisher Scientific Inc,0.0136,2026-10-02,True,
MRK,Squeeze (pre-breakout),True,67.27382625941495,,2026-10-29,False,True,strong trend structure; favourable entry timing; volatility compression; Bollinger/Keltner squeeze on,153.90589798317401,142.14972491973955,7.638546161966919,171.5401575783257,189.1744171734774,4.6323,712.938291227457,2618.2658745328354,199.9974474692175,1.0,7.8547976235985075,15,Buy-stop just above the 20-day high (+0.1 ATR). Let price trigger it; don't anticipate.,Stop 142.1; to breakeven at +1.0R; trail 2.5×ATR from +1.0R; scale 1/2 at T1 (+1.5R); time-stop 15 bars if < +0.5R,55-day high sits before T1 (resistance),144.3000030517578,3.358906589552706,2.327724545056265,46.94693848169718,25.319146266471066,25.88830030674278,-0.5891110933434834,0.9250049733246484,-0.04278701829089182,0.1449106965310405,0.2095275033885422,0.7216993577497857,0.866075946855062,1442704312.9659271,1.0,0.0,0.0,1.0,0.7590036918572809,0.9292035398230089,0.45037254475990024,1.212049105535155,0.669058641199807,0.8212237039187913,1.0907128202935916,-0.34726365538335946,-0.18466506618790496,-1.3836390210713398,2.1395725262532337,0.625,Healthcare,"Merck & Company, Inc.",0.0139999995,2026-10-02,False,sector cap (Healthcare)
CRWD,Extended (wait),False,67.01835583792591,,2026-12-01,False,True,momentum leader; strong trend structure; volume accumulation; new 55-day high,270.0400085449219,229.98943233066552,14.831349039745653,330.1158728663064,390.19173718769093,1.3597,367.17339961853025,1348.4443100990522,199.9924822373807,1.0,4.045332930297157,15,Too far above the 21-EMA. Set an alert for a pullback toward it.,Stop 230; to breakeven at +1.0R; trail 2.5×ATR from +1.0R; scale 1/2 at T1 (+1.5R); time-stop 15 bars if < +0.5R,,270.0400085449219,11.443021775501817,4.237528297070188,68.74572609292407,95.51452047200755,25.260903150936112,2.144801532376257,0.9872228597057188,0.32749980815871904,0.35439864545915967,1.7063540975002685,0.6274902123821064,0.7622174910189922,2567842016.8593597,0.0,1.0,1.0,1.0,1.032131052645902,1.0,0.7558424772283837,2.0414658508037142,1.8629592942091697,-0.7428333586310377,-0.7207973169390205,1.3517658389224378,-0.47268701692894194,-0.22593663195443667,2.7661215709954523,0.8235294117647058,Technology,"CrowdStrike Holdings, Inc.",0.0277,2026-10-02,False,not actionable today
PLTR,No clean setup,False,66.49013285461227,,2026-11-02,False,True,strong trend structure; volume accumulation,188.75,175.1916768366589,7.18321756998204,209.08748474501164,229.4249694900233,4.0166,758.1332500000001,2784.2443606250004,199.99833010364912,1.0,8.352733081875002,0,No actionable pattern today.,Stop 175.2; to breakeven at +1.0R; trail 2.5×ATR from +1.0R; scale 1/2 at T1 (+1.5R); time-stop 15 bars if < +0.5R,55-day high sits before T1 (resistance),188.75,6.273270680708159,3.323587115606972,61.17985788011922,50.31067997119574,27.517550762378455,1.0399671234778505,0.9095508679355216,0.11383212865501613,0.4240984575313709,0.2713861744852626,-0.08375231408470818,0.5060756695436076,4140820168.4645844,0.0,0.0,0.0,1.0,0.8656845123517002,0.9557522123893806,0.7373384616674876,1.7834445334587588,0.786604068511696,0.00965321855165489,0.3192081934271702,1.0583888393621896,0.21340164011752275,0.23450687774375104,3.5358427675933326,0.875,Technology,Palantir Technologies Inc.,0.027999999,2026-10-02,False,not actionable today
CRM,Pullback in uptrend,True,66.07273193061963,,2026-12-02,False,True,strong trend structure; favourable entry timing; distribution in volume,234.69000244140625,217.11855612548405,7.487087704261782,261.04717191528954,287.4043413891728,3.0992,727.3512555664063,2671.197486067627,199.9948985359191,1.0,8.013592458202881,15,"Limit near the 21-EMA, or at market on the first up-close / reclaim day.",Stop 217.1; to breakeven at +1.0R; trail 2.5×ATR from +1.0R; scale 1/2 at T1 (+1.5R); time-stop 15 bars if < +0.5R,,234.69000244140625,8.785723157961097,3.7435438521308892,51.49425233757553,62.318079730265396,19.771263945492656,-0.03057371021637789,0.8763666994100537,-0.08495345713668345,0.4192749211426474,0.2624169265128464,0.09743377467229286,0.7485836259176508,2912990248.0052185,0.0,0.0,0.0,1.0,0.43899494947497597,0.831858407079646,0.41658567208486397,0.9011304334177879,0.7915192611427528,0.736556135834615,-0.01915511940249215,-1.3547785082420807,0.1527593231738107,0.501137801875021,2.1789637083320916,1.0,Technology,"Salesforce, Inc.",0.0454,2026-10-02,False,sector cap (Technology)
DE,Squeeze (pre-breakout),True,63.464635399203786,,2026-11-25,False,True,strong trend structure; favourable entry timing; volatility compression; Bollinger/Keltner squeeze on,721.2701539679989,659.4217958749635,8.574922690587226,814.042691107552,906.815228247105,0.8805,635.078370568823,2332.325315914002,199.99509273262,1.0,6.9969759477420075,15,Buy-stop just above the 20-day high (+0.1 ATR). Let price trigger it; don't anticipate.,Stop 659.4; to breakeven at +1.0R; trail 2.5×ATR from +1.0R; scale 1/2 at T1 (+1.5R); time-stop 15 bars if < +0.5R,,687.0,17.67095945515296,2.5721920604298343,56.57491010008631,78.20818162799776,18.7517822486199,0.6032932970799765,0.9548256846721171,-0.013933335114637901,0.08406177600971598,0.19925703608625556,0.559907743574694,1.0094737326443153,866130007.1170044,1.0,0.0,0.0,1.0,0.6145669477446969,0.9026548672566371,0.3451263395158818,1.0371259595155577,0.5369850594452952,0.6037518219021499,0.7102477238400935,-0.1160544423800975,-0.743113675823834,-0.7221585109749235,0.9874719741862652,0.8181818181818182,Industrials,Deere & Company,0.0208,2026-10-02,True,
XLE,Pullback in uptrend,True,63.277807860178015,,,False,True,favourable entry timing,62.68973734111051,60.27663090466258,3.849284649762706,66.3093969957824,69.92905665045429,21.7175,1361.4643707055675,4999.977901416197,192.46338185074111,1.0,14.999933704248592,15,"Limit near the 21-EMA, or at market on the first up-close / reclaim day.",Stop 60.28; to breakeven at +1.0R; trail 2.5×ATR from +1.0R; scale 1/2 at T1 (+1.5R); time-stop 15 bars if < +0.5R,size capped at 25% of capital; 55-day high sits before T1 (resistance),62.81999969482422,1.2065532182239636,1.9206514232494851,51.649364135909906,87.59674416253682,18.71615225367961,0.10796237724636464,0.9550159741988189,-0.029287222624625575,0.18941096231654475,0.07424704500107349,0.4900489268889727,1.0792720242658578,2191601269.854107,0.0,0.0,0.0,1.0,0.4671970127063397,0.8672566371681416,0.34009588636619265,0.45426684273223816,0.6133123769266866,0.7685265208696528,0.22365937656975252,-0.08068768400470781,,-0.6767131243549834,2.4507287036681595,0.75,ETF,State Street Energy Select Sect,,2026-10-02,False,max 6 positions in RISK_ON
EEM,Pullback in uptrend,True,63.11937823795403,,,False,True,favourable entry timing,67.26769762235409,65.2011022720765,3.072195754163635,70.36759064777048,73.46748367318688,20.2395,1361.4645660276356,4999.978618736492,153.60913083391208,1.0,14.999935856209477,15,"Limit near the 21-EMA, or at market on the first up-close / reclaim day.",Stop 65.2; to breakeven at +1.0R; trail 2.5×ATR from +1.0R; scale 1/2 at T1 (+1.5R); time-stop 15 bars if < +0.5R,size capped at 25% of capital; 55-day high sits before T1 (resistance),67.66999816894531,1.0332976751387992,1.5269657205532385,52.87016512899395,80.79146159411957,9.424409881293418,0.3893365448027172,0.9455078728167028,0.007743806868954595,0.0014799241464071855,0.20200975469609062,0.27211048207671107,0.9652369526430757,1325869766.1748505,0.0,0.0,0.0,1.0,0.3358384802557267,0.7610619469026548,0.3358384802557267,0.22471944775138505,0.2328017622612606,0.7366825402357301,0.05545459768461553,0.49478613285168144,,,,,ETF,iShares MSCI Emerging Index Fun,,2026-10-02,False,max 6 positions in RISK_ON
META,Momentum continuation,True,63.042958027484396,,2026-10-28,False,True,strong trend structure; volume accumulation,728.0800170898438,673.2434722744661,7.53166458743929,810.3348343129103,892.5896515359768,0.4965,361.49172848510744,1327.578372861557,99.98875017931661,0.5,3.9827351185846713,15,Half-size starter at market; add on a 2–3 day tight consolidation.,Stop 673.2; to breakeven at +1.0R; trail 2.5×ATR from +1.0R; scale 1/2 at T1 (+1.5R); time-stop 15 bars if < +0.5R,55-day high sits before T1 (resistance),728.0800170898438,25.42601324588575,3.4922003968072404,61.5378069227289,48.65340923975958,39.68607722770501,1.3223445543553172,0.9336513685870802,0.2290708842756044,0.21383774642211906,0.2695921368463412,-0.17139448036508664,0.9785252567674365,16626034997.92389,0.0,0.0,0.0,1.0,0.3810083366276752,0.7787610619469026,0.3337875981963072,0.9648828070683892,0.4166361666147036,-0.12120555308741159,-0.5571025797456675,0.8156215717246482,-0.043978309254636354,,,,Communication Services,"Meta Platforms, Inc.",0.014099999,2026-10-02,False,max 6 positions in RISK_ON
AMGN,Pullback in uptrend,True,62.560870556289494,,2026-11-03,False,True,strong trend structure; favourable entry timing,403.0400085449219,379.3170037526972,5.886017340529253,438.62451573325893,474.20902292159593,2.2956,925.2186436157226,3397.8654686787413,199.9989506942863,1.0,10.193596406036226,15,"Limit near the 21-EMA, or at market on the first up-close / reclaim day.",Stop 379.3; to breakeven at +1.0R; trail 2.5×ATR from +1.0R; scale 1/2 at T1 (+1.5R); time-stop 15 bars if < +0.5R,,403.0400085449219,10.331960575148758,2.563507432537478,47.83912144461454,9.60189754925986,27.051545346940962,-0.39826353555981936,0.9015949928315811,-0.0898744199306718,0.10630771768293523,0.1739285718412662,0.5247050667431035,1.0995274981066512,1322948525.081787,0.0,0.0,0.0,1.0,0.5299782337596287,0.8761061946902655,0.32088975773783474,0.878243768406559,0.43422532204643005,0.7073519257407963,-0.05297541206787541,0.3897225516045167,-0.22137929802315928,-0.8095489946755229,1.271201917972465,0.7857142857142857,Healthcare,Amgen Inc.,0.025999999,2026-10-02,False,max 6 positions in RISK_ON
LLY,Mean-reversion bounce,True,62.04768706326431,,,False,True,favourable entry timing; volatility compression,1142.8499755859375,1079.0249340734981,5.584726156179544,1238.5875378545966,1334.3251001232557,0.8532,975.0795991699218,3580.979827951538,199.98791709912277,1.0,10.742939483854617,7,Buy at market; exit on a close above the 8-EMA or after 5–7 days.,Stop 1079; to breakeven at +1.0R; trail 2.5×ATR from +1.0R; scale 1/2 at T1 (+1.5R); time-stop 15 bars if < +0.5R,,1142.8499755859375,31.912520756219706,2.7923630780897732,43.04863914323368,3.640632677162216,17.531826051887794,-0.6075074916085853,0.8841139937346716,-0.01485240769726548,-0.046308047663068286,0.2253979223582252,0.41430604223269984,0.8885077349356526,2597997029.538574,0.0,0.0,0.0,0.0,0.3196579432345123,0.7256637168141593,0.3072329916571424,0.03976730016035048,0.10434003608011395,0.6403725530633614,0.7736733962194985,0.48264662954057175,0.20783337903818286,,,,Healthcare,Eli Lilly and Company,0.0084,2026-10-02,False,max 6 positions in RISK_ON
CVX,Pullback in uptrend,True,61.559486158217034,,,False,True,favourable entry timing; quality/growth fundamentals,206.36325525801385,198.18418274381736,3.9634345290639468,218.6318640293086,230.90047280060332,6.5974,1361.4609402392207,4999.965303028538,198.17035126144987,1.0,14.999895909085616,15,"Limit near the 21-EMA, or at market on the first up-close / reclaim day.",Stop 198.2; to breakeven at +1.0R; trail 2.5×ATR from +1.0R; scale 1/2 at T1 (+1.5R); time-stop 15 bars if < +0.5R,size capped at 25% of capital; 55-day high sits before T1 (resistance),206.69000244140625,4.089536257098241,1.978584454396902,51.93026759008344,67.72555893851603,17.60150707214301,0.07989834613283142,0.9490770667643842,-0.024034358141606593,0.24029633861933886,0.05746318491239122,0.42402075330244293,0.7939793488795033,2052372150.7943726,0.0,0.0,0.0,1.0,0.45732894264097035,0.8584070796460177,0.2943075065896793,0.5087217847303382,0.6496427678560883,0.792759098037907,0.4399216087310679,-0.611979203761063,0.5510492267758172,-1.2666057020067871,1.7939483931391131,0.6666666666666666,Energy,Chevron Corporation,0.0106,2026-10-02,False,max 6 positions in RISK_ON
MRVL,No clean setup,False,61.38735547796881,,2026-12-01,False,True,momentum leader; strong trend structure; volume accumulation; new 55-day high,272.2900085449219,241.73862577983752,11.220162990315544,318.1170826925484,363.94415684017497,1.7825,485.3569402313232,1782.4733629995344,199.9964165875066,1.0,5.347420088998604,0,No actionable pattern today.,Stop 241.7; to breakeven at +1.0R; trail 2.5×ATR from +1.0R; scale 1/2 at T1 (+1.5R); time-stop 15 bars if < +0.5R,Ex-dividend 2026-10-09,272.2900085449219,13.00551885330612,4.77634817480293,64.99195427302357,92.2225952312931,22.499939806294066,1.7678009670417314,0.825625004996225,0.31872343170823436,0.0926191501047322,1.5440529967380296,1.466562336832736,0.7465962062122121,4334792136.428375,0.0,1.0,1.0,1.0,0.8095495693486194,0.9469026548672567,0.571420014525144,1.021377286633401,1.4672627232060809,-0.3254721400572186,-0.35170944125775516,1.6054028248505325,-0.30556081057421214,-0.4566355989633033,2.7584819828820257,0.7777777777777778,Technology,"Marvell Technology, Inc.",0.0418,2026-10-02,False,max 6 positions in RISK_ON
XBI,Squeeze (pre-breakout),True,61.296973127472484,,,False,True,volatility compression; Bollinger/Keltner squeeze on,166.36668214628193,152.1330420117655,8.555583336091997,187.7171423480566,209.06760254983124,3.826,636.5189258916747,2337.6157553371754,199.9966640254884,1.0,7.012847266011528,15,Buy-stop just above the 20-day high (+0.1 ATR). Let price trigger it; don't anticipate.,Stop 152.1; to breakeven at +1.0R; trail 2.5×ATR from +1.0R; scale 1/2 at T1 (+1.5R); time-stop 15 bars if < +0.5R,55-day high sits before T1 (resistance),154.42999267578125,4.066754324147555,2.6333966956053163,43.54840709599653,17.592550431193132,11.488095795968363,-0.735629621246009,0.9089999012925467,-0.06615470015375968,-0.03967418058375283,0.1986784686201437,0.6380309811087483,1.0099499229064812,1377620081.261673,1.0,0.0,0.0,1.0,0.2873829081043984,0.6814159292035398,0.2873829081043984,0.17577345268841707,0.25866557486774744,0.46765131716848124,0.787945903177611,-0.18857045664134808,,,,,ETF,State Street SPDR S&P Biotech E,,2026-10-02,False,max 6 positions in RISK_ON
COP,Pullback in uptrend,True,60.740907621059876,,,False,True,favourable entry timing,126.75,120.42919813652333,4.986825927792248,136.231202795215,145.71240559043002,8.6158,1092.05265,4010.563357125,199.99981334364472,1.0,12.031690071375001,15,"Limit near the 21-EMA, or at market on the first up-close / reclaim day.",Stop 120.4; to breakeven at +1.0R; trail 2.5×ATR from +1.0R; scale 1/2 at T1 (+1.5R); time-stop 15 bars if < +0.5R,,126.75,3.160400931738338,2.493412963896125,44.897870891140386,61.641120964703774,20.00153595474365,-0.7537004570455327,0.895000736973032,-0.07616616020905875,0.23185366683757858,-0.015142150546991862,0.4825628349004478,0.9287470982087592,902110895.7458496,0.0,0.0,0.0,1.0,0.2849482562808892,0.672566371681416,0.27277145741399356,0.20360031669193798,0.5057331109409132,0.6358989075141857,0.3525587090726052,-0.6983544308329289,0.17535706647882843,,,,Energy,ConocoPhillips,0.0134000005,2026-10-02,False,max 6 positions in RISK_ON
NOW,Squeeze (pre-breakout),True,59.83512378466899,,,False,True,strong trend structure; favourable entry timing; Bollinger/Keltner squeeze on,148.17394920319012,127.03598343919187,14.265642427476829,179.8808978491875,211.58784649518486,2.5763,381.74054533217867,1401.9421527324262,199.99605454887896,1.0,4.205826458197279,15,Buy-stop just above the 20-day high (+0.1 ATR). Let price trigger it; don't anticipate.,Stop 127; to breakeven at +1.0R; trail 2.5×ATR from +1.0R; scale 1/2 at T1 (+1.5R); time-stop 15 bars if < +0.5R,55-day high sits before T1 (resistance),134.3800048828125,6.039418789713787,4.494283799870766,50.348044298580824,42.558365459132624,19.030025656235196,-0.10947466224722457,0.696392123496191,-0.01711524515065821,0.2450662883614234,0.31745102826286775,-0.25079180380423705,0.580298435291449,1612095306.066742,1.0,0.0,0.0,1.0,0.30943778289345775,0.7168141592920354,0.24912497192069344,0.9735296377452539,-0.024156822073147233,0.8889621020511886,-0.05072951924125777,-0.6938785909955033,-0.23337751586142091,,,,Technology,"ServiceNow, Inc.",0.0279,2026-10-02,False,max 6 positions in RISK_ON
ETN,Pullback in uptrend,True,59.3545475804908,,,False,True,volume accumulation,429.12358963156584,401.17800675157923,6.512245785411132,471.04196395154577,512.9603382715256,1.9487,836.2331391150324,3071.066203399956,199.9953793980993,1.0,9.21319861019987,15,"Limit near the 21-EMA, or at market on the first up-close / reclaim day.",Stop 401.2; to breakeven at +1.0R; trail 2.5×ATR from +1.0R; scale 1/2 at T1 (+1.5R); time-stop 15 bars if < +0.5R,,436.1099853515625,13.972791439993301,3.203960447896963,56.30673818386747,60.98815910822413,11.30507995316645,0.692827088271395,0.9123639860911349,0.11579884493096282,0.05747901129653776,0.2140435504171072,0.05715739176400403,0.9271879668505075,891145561.4924622,0.0,0.0,0.0,1.0,0.32589361887548685,0.7345132743362832,0.23665111442188452,0.5324135227168594,0.16849800239689416,0.43278463068718087,-0.13697568043849398,0.6088756339856628,-0.47728892120693406,,,,Industrials,"Eaton Corporation, PLC",0.02,2026-10-02,False,max 6 positions in RISK_ON
GILD,Pullback in uptrend,True,59.0846179172462,,,False,True,volatility compression,144.74000549316406,137.85782397617066,4.7548578525640846,155.06327776865416,165.38655004414426,7.913,1145.3276634674073,4206.215844084053,199.9995843582253,1.0,12.618647532252162,15,"Limit near the 21-EMA, or at market on the first up-close / reclaim day.",Stop 137.9; to breakeven at +1.0R; trail 2.5×ATR from +1.0R; scale 1/2 at T1 (+1.5R); time-stop 15 bars if < +0.5R,55-day high sits before T1 (resistance),144.74000549316406,3.4410907584966988,2.377428926282042,44.47660643713145,2.971389717737779,28.576166007281262,-0.9495823784902829,0.9367657548976168,-0.027102356766363522,0.12302457761442898,0.04868524101114091,0.3715589438551308,0.8288388702556909,880393569.9530792,0.0,0.0,0.0,1.0,0.28763373190264374,0.6902654867256637,0.22966533501254205,0.1532303071437006,0.38364497470839615,0.4439579057296059,0.5152674523078712,-0.14570750673952196,-0.23408184010827143,,,,Healthcare,"Gilead Sciences, Inc.",0.0148,2026-10-02,False,max 6 positions in RISK_ON
PFE,Pullback in uptrend,True,58.67562706705577,,,False,True,favourable entry timing; volume accumulation,27.799999237060547,26.770946736384754,3.701627801859609,29.343577988074237,30.887156739087924,48.9737,1361.4688226360322,4999.994251130828,185.0811772912409,1.0,14.999982753392487,15,"Limit near the 21-EMA, or at market on the first up-close / reclaim day.",Stop 26.77; to breakeven at +1.0R; trail 2.5×ATR from +1.0R; scale 1/2 at T1 (+1.5R); time-stop 15 bars if < +0.5R,size capped at 25% of capital; 55-day high sits before T1 (resistance),27.799999237060547,0.5145262503378961,1.8508139009298041,47.88571951381899,3.028834035327634,29.469936050628025,-0.4874004280440371,0.9517288636903234,-0.04204001383386402,0.19250975369192114,0.015298150017080347,0.14131711723105633,0.8734387527538037,906464677.5559807,0.0,0.0,0.0,1.0,0.40957083062853,0.8053097345132744,0.21910747453087195,-0.012774389616820982,0.40650084578407275,0.8241866690777784,0.14337300571444703,0.9062103004705854,-0.009116493267507957,-1.0763754064520126,2.5146262473641365,0.6666666666666666,Healthcare,"Pfizer, Inc.",0.0272,2026-10-02,False,max 6 positions in RISK_ON
SMH,Extended (wait),False,57.624222809535524,,,False,True,volume accumulation; new 55-day high,630.5999755859375,577.034456784017,8.494373751307037,710.9482537888182,791.2965319916989,1.0166,641.067935180664,2354.3219919509884,199.98490930553376,1.0,7.062965975852966,15,Too far above the 21-EMA. Set an alert for a pullback toward it.,Stop 577; to breakeven at +1.0R; trail 2.5×ATR from +1.0R; scale 1/2 at T1 (+1.5R); time-stop 15 bars if < +0.5R,,630.5999755859375,15.304433943405861,2.42696392894487,68.60750947533504,97.55892744128518,17.970256833476554,2.6044989117926445,0.9386302480462219,0.1455457018599713,0.04352141043229518,0.6073612454457384,0.654807936122922,0.6803655444719534,3769767338.3502197,0.0,1.0,1.0,1.0,0.4346168667461246,0.8230088495575221,0.4603473242724034,0.6823285805586276,0.7341261700463168,-0.8971459277102469,0.24914916064236212,1.3735320786589578,,0.6661909844826338,2.8042593434346244,1.0,ETF,VanEck Semiconductor ETF,,2026-10-02,False,max 6 positions in RISK_ON
BRK-B,Pullback in uptrend,True,57.37635587255951,,,False,True,favourable entry timing; volume accumulation,502.6499938964844,491.1416277427239,2.2895387035716306,519.912543127125,537.1750923577657,2.7085,1361.4275084686278,4999.842524851036,114.47332972409748,1.0,14.99952757455311,15,"Limit near the 21-EMA, or at market on the first up-close / reclaim day.",Stop 491.1; to breakeven at +1.0R; trail 2.5×ATR from +1.0R; scale 1/2 at T1 (+1.5R); time-stop 15 bars if < +0.5R,size capped at 25% of capital,502.6499938964844,5.754183076880216,1.1447693517858137,46.50038243192086,71.35544578857062,10.307707042326987,-0.4106438402700977,0.934745421625428,-0.005126269471838807,-0.007757891705065689,0.05300091645433502,0.014130826685765374,1.0318402857438471,2368481074.551239,0.0,0.0,0.0,1.0,0.18576448381023877,0.6371681415929203,0.18576448381023877,-0.03774437193052817,-0.024385134129103703,0.667993449374664,-0.26508230369629016,0.8856595793000196,,,,,,,,2026-10-02,False,max 6 positions in RISK_ON
VRTX,Pullback in uptrend,True,56.50188926869809,,,False,True,volatility compression,504.7300109863281,480.7316595022128,4.75469081721899,540.7275382125011,576.7250654386742,2.2692,1145.3333409301758,4206.236694566071,199.99354986702855,1.0,12.618710083698213,15,"Limit near the 21-EMA, or at market on the first up-close / reclaim day.",Stop 480.7; to breakeven at +1.0R; trail 2.5×ATR from +1.0R; scale 1/2 at T1 (+1.5R); time-stop 15 bars if < +0.5R,,504.7300109863281,11.999175742057686,2.377345408609498,39.03390027350097,2.9553126489803105,16.39118270169661,-1.2676355847285907,0.9009014029207106,-0.09343509477085199,-0.04694200156440109,0.15048670150474597,0.37737812466190457,0.8419582385340443,522942407.9766846,0.0,0.0,0.0,1.0,0.16347285643140053,0.6194690265486725,0.16347285643140053,0.17352098871180463,0.07272579169952476,0.18392662411492383,0.7128471322171186,-0.2098106736107215,,,,,,,,2026-10-02,False,max 6 positions in RISK_ON
KO,Pullback in uptrend,True,56.34218883623071,,,False,True,no dominant factor,85.6500015258789,83.21899652139723,2.8383011805868503,89.29650903260142,92.94301653932393,15.8957,1361.4667292549134,4999.98656318867,141.91467765216788,1.0,14.99995968956601,15,"Limit near the 21-EMA, or at market on the first up-close / reclaim day.",Stop 83.22; to breakeven at +1.0R; trail 2.5×ATR from +1.0R; scale 1/2 at T1 (+1.5R); time-stop 15 bars if < +0.5R,size capped at 25% of capital,85.6500015258789,1.2155025022408412,1.4191505902934287,38.37412700878305,2.167452484851921,15.389451773015885,-1.3895214573631571,0.9315719514398593,-0.023559760873702373,0.03858590151586139,0.13030978131348436,0.348434172987776,1.051451075196829,1385694870.9542084,0.0,0.0,0.0,1.0,0.159413372491486,0.6106194690265486,0.159413372491486,0.12050318498512248,0.2621708534239461,0.18363737327414562,0.23374936728494175,-0.13033195079438256,,,,,,,,2026-10-02,False,max 6 positions in RISK_ON
QQQ,Momentum continuation,True,55.99923929644544,,,False,True,volume accumulation; new 55-day high,749.5800170898438,725.4378537426991,3.2207586644150124,785.7932621105608,822.0065071312778,1.1278,845.3763432739257,3104.644620673492,99.9931106196361,0.5,9.313933862020479,15,Half-size starter at market; add on a 2–3 day tight consolidation.,Stop 725.4; to breakeven at +1.0R; trail 2.5×ATR from +1.0R; scale 1/2 at T1 (+1.5R); time-stop 15 bars if < +0.5R,,749.5800170898438,9.488575263578518,1.2658522168742965,65.59189801605035,94.5277181045528,14.088433747661844,1.9722057209432347,0.9934265100830479,0.05797912352865575,0.038102234624215914,0.28412209550049283,0.17999269524439665,0.951581919550708,24662063354.744568,0.0,1.0,1.0,1.0,0.15070699010304878,0.584070796460177,0.15070699010304878,0.5469214213771372,0.4042164361868634,-0.7061715101857081,-0.8895053758974597,1.0500346287789788,,,,,,,,2026-10-02,False,max 6 positions in RISK_ON
XLV,Pullback in uptrend,True,54.51843507480832,,,False,True,no dominant factor,166.17999267578125,161.4193330041842,2.864761031061743,173.3209821831768,180.46197169057237,8.1927,1361.4628259948731,4999.972228466171,143.2372559650083,1.0,14.999916685398516,15,"Limit near the 21-EMA, or at market on the first up-close / reclaim day.",Stop 161.4; to breakeven at +1.0R; trail 2.5×ATR from +1.0R; scale 1/2 at T1 (+1.5R); time-stop 15 bars if < +0.5R,size capped at 25% of capital,166.17999267578125,2.380329835798525,1.4323805155308746,42.55154813009435,4.511980426074956,15.042960706324491,-0.9936446570724004,0.9445978323243092,-0.035466970052353886,0.029982568142372212,0.14128254507458315,0.22094971903934235,1.044227047698679,1362824265.5350494,0.0,0.0,0.0,1.0,0.11326989084415717,0.5663716814159292,0.11326989084415717,0.15154486007852677,0.2189365616342375,0.4625958930318808,-0.15245185284328544,-0.4857139841939256,,,,,,,,2026-10-02,False,max 6 positions in RISK_ON
SPY,Pullback in uptrend,True,54.300726121297714,,,False,True,no dominant factor,766.2683788910192,752.7818358613459,1.7600286533018172,786.4981934355292,806.728007980039,1.7767,1361.4290287756737,4999.848108178661,87.99875932551328,1.0,14.999544324535986,15,"Limit near the 21-EMA, or at market on the first up-close / reclaim day.",Stop 752.8; to breakeven at +1.0R; trail 2.5×ATR from +1.0R; scale 1/2 at T1 (+1.5R); time-stop 15 bars if < +0.5R,size capped at 25% of capital; costs > 15% of risk budget; 55-day high sits before T1 (resistance),769.6400146484375,6.743271514836622,0.8761591635690705,55.39130245143178,86.84498242687026,9.564163382145448,0.6982813317506037,0.9899677453473794,0.008352759719697067,0.02698216277875387,0.17948068466436262,0.15416136478562836,1.0702246464092486,35162410153.09601,0.0,0.0,0.0,1.0,0.10778449396549943,0.5575221238938053,0.10778449396549943,0.49373058206318865,0.29878708473451954,0.2999919977926547,-0.9325275271423897,-0.389613393785273,,,,,,,,2026-10-02,False,max 6 positions in RISK_ON
CSCO,No clean setup,False,53.835867937939746,,2026-11-12,False,True,volatility compression; Bollinger/Keltner squeeze on,112.19999694824219,103.44629684635566,7.801871960767166,125.33054710107197,138.46109725390176,6.2212,698.0186210144043,2563.4733856753996,199.99891129873774,1.0,7.6904201570262,0,No actionable pattern today.,Stop 103.4; to breakeven at +1.0R; trail 2.5×ATR from +1.0R; scale 1/2 at T1 (+1.5R); time-stop 15 bars if < +0.5R,55-day high sits before T1 (resistance),112.19999694824219,2.6404685871255884,2.3533588760645294,58.15803173694738,99.3686901289306,26.740897467350845,1.311498590871308,0.8671958951285795,0.029005713511640607,-0.01180064849272544,0.43073058984465096,0.6251129850768162,0.808511573559099,1988587216.3223648,1.0,1.0,0.0,0.0,0.38879506784632184,0.7876106194690266,0.35515464071289987,0.35697822785965305,0.3624496054884565,0.20782817498618888,0.7995969641214861,0.37894084672935735,-0.14664194364814245,0.5878278080065664,2.5073844124025806,1.0,Technology,"Cisco Systems, Inc.",0.0146,2026-10-02,False,max 6 positions in RISK_ON
V,Pullback in uptrend,True,53.80141388754784,,,False,True,no dominant factor,360.6600036621094,349.1923604107852,3.1796271099880014,377.8614685390956,395.0629334160818,3.7749,1361.4554478240968,4999.945132133996,158.9796109058579,1.0,14.999835396401988,15,"Limit near the 21-EMA, or at market on the first up-close / reclaim day.",Stop 349.2; to breakeven at +1.0R; trail 2.5×ATR from +1.0R; scale 1/2 at T1 (+1.5R); time-stop 15 bars if < +0.5R,size capped at 25% of capital,360.6600036621094,5.733821625662066,1.5898135549939985,41.30592254427723,38.31879161150111,16.760541193559686,-1.045797189050455,0.9353943429495982,-0.04688158171384105,0.011420613743094554,0.20372045867262156,0.09658828105336204,0.8669289997057181,2252514686.101532,0.0,0.0,0.0,1.0,0.09521909579205634,0.5486725663716814,0.09521909579205634,0.14072431774686478,0.1460616741492548,0.34322974647642146,0.2970590442255493,-0.6967537184705974,,,,,,,,2026-10-02,False,max 6 positions in RISK_ON
DHR,Pullback in uptrend,True,53.38102217115217,Earnings in 17d — binary gap risk,2026-10-21,False,True,strong trend structure; favourable entry timing; volume accumulation,214.05999755859375,202.14871100264364,5.564461689153148,231.9269273925189,249.7938572264441,4.572,978.6823088378907,3594.2107792071533,199.99848183639486,1.0,10.782632337621463,15,"Limit near the 21-EMA, or at market on the first up-close / reclaim day.",Stop 202.1; to breakeven at +1.0R; trail 2.5×ATR from +1.0R; scale 1/2 at T1 (+1.5R); time-stop 15 bars if < +0.5R,55-day high sits before T1 (resistance),214.05999755859375,5.955643277975057,2.782230844576574,50.37645996369006,29.67511229995641,26.96944101919877,-0.18837739788014737,0.8869121591434314,0.021577553576866748,0.10752692586316548,0.12434194955806177,-0.008428804935960654,1.1156173333132888,941810227.6176453,0.0,0.0,0.0,1.0,0.45629928570227285,0.8495575221238938,0.3428736599109353,0.8216407669852002,0.11742193218860247,0.7378078944883755,-0.2540193620739956,0.860865441517708,-0.2822206049525705,0.060562918443740475,0.5098680435710019,1.0,Healthcare,Danaher Corporation,0.013300001,2026-10-02,False,max 6 positions in RISK_ON
MA,Pullback in uptrend,True,52.95608908400182,,,False,True,no dominant factor,552.260009765625,533.6947862176686,3.361681675237602,580.1078450875596,607.9556804094942,2.4652,1361.4313760742186,4999.856728632568,168.07926743457526,1.0,14.999570185897705,15,"Limit near the 21-EMA, or at market on the first up-close / reclaim day.",Stop 533.7; to breakeven at +1.0R; trail 2.5×ATR from +1.0R; scale 1/2 at T1 (+1.5R); time-stop 15 bars if < +0.5R,size capped at 25% of capital,552.260009765625,9.282611773978182,1.680840837618797,38.87549633083944,36.06561241115129,20.038743757313647,-1.3181331993649013,0.9185503512899582,-0.06100588973572885,0.037677358595078925,0.12300665291448443,0.03143250738833481,1.1392835959816636,1552468750.2749634,0.0,0.0,0.0,1.0,0.07398851371582463,0.5309734513274337,0.07398851371582463,0.15345888383941966,0.07602016516454793,0.10187392653205073,0.31933691906332223,-0.37720787972501046,,,,,,,,2026-10-02,False,max 6 positions in RISK_ON
ADI,Extended (wait),False,52.82330062321949,,2026-11-24,False,True,volume accumulation; new 55-day high,417.1499938964844,377.6541137594006,9.468028458579973,476.39381410211,535.6376343077357,1.3788,575.1664115844727,2112.298646543976,199.9930369849832,1.0,6.336895939631928,15,Too far above the 21-EMA. Set an alert for a pullback toward it.,Stop 377.7; to breakeven at +1.0R; trail 2.5×ATR from +1.0R; scale 1/2 at T1 (+1.5R); time-stop 15 bars if < +0.5R,,417.1499938964844,11.28453718202394,2.7051509881657085,72.28148120239211,97.41981475309538,25.318588060766093,2.7992868203977426,0.9383529136918162,0.1727249836027318,0.07610254060624388,0.3179841699247854,0.5051775119274926,0.7661905046388182,1223242746.0656738,0.0,1.0,1.0,1.0,0.3709970588146451,0.7699115044247787,0.32790239343630917,0.6599934539840692,0.5372140375646781,-1.0153725057100493,-0.12657199537130992,1.954585222573711,-0.01685492959037874,,,,Technology,"Analog Devices, Inc.",0.0199,2026-10-02,False,max 6 positions in RISK_ON
QCOM,Pullback in uptrend,True,52.32755275873965,,,False,True,no dominant factor,183.66439760007304,166.98276712716168,9.082669635971262,208.6868433094401,233.70928901880714,3.2645,599.5724259654385,2201.929734358073,199.99400338796332,1.0,6.60578920307422,15,"Limit near the 21-EMA, or at market on the first up-close / reclaim day.",Stop 167; to breakeven at +1.0R; trail 2.5×ATR from +1.0R; scale 1/2 at T1 (+1.5R); time-stop 15 bars if < +0.5R,55-day high sits before T1 (resistance),184.8699951171875,8.340815236455681,4.511719292883904,52.5666784387432,56.30178648466518,17.156841430325375,0.14454192820925715,0.7177695542417492,0.09364639003824271,-0.003238091586844183,0.4713144957140134,0.03646011386815484,0.8771372262704059,2784792700.4730225,0.0,0.0,0.0,1.0,0.05823090544078873,0.5132743362831859,0.05823090544078873,0.4772012240980254,-0.18862018885538417,0.4547614459078353,-0.5360938443591536,-0.16305305703387984,,,,,,,,2026-10-02,False,max 6 positions in RISK_ON
XLK,Extended (wait),False,51.71409711429295,,,False,True,volume accumulation; new 55-day high,199.80999755859375,190.16797977888385,4.8255932623603615,214.2730242281586,228.73605089772346,5.648,1128.5268662109374,4144.514916159667,199.9974325517211,1.0,12.433544748479003,15,Too far above the 21-EMA. Set an alert for a pullback toward it.,Stop 190.2; to breakeven at +1.0R; trail 2.5×ATR from +1.0R; scale 1/2 at T1 (+1.5R); time-stop 15 bars if < +0.5R,,199.80999755859375,3.20808576727708,1.6055681930211314,68.95756561530416,96.33093900935735,16.790604101982712,2.396416195572504,0.9921545169281335,0.08955970373723265,0.08973778465318416,0.47276778037196343,0.295247333878373,1.1388901587315328,1406248558.990326,0.0,1.0,1.0,1.0,0.29839414100193884,0.7079646017699115,0.29839414100193884,0.655740193244301,0.6685094790077469,-0.9317416237045197,-0.3171187593234482,1.119130238887769,,,,,ETF,State Street Technology Select ,,2026-10-02,False,max 6 positions in RISK_ON
ASML,Extended (wait),False,51.31558185330338,,,False,True,volume accumulation,1867.31005859375,1688.7849295621668,9.560550922433762,2135.097752141125,2402.8854456884997,0.305,569.5295678710937,2091.5973380065916,199.96822859238927,1.0,6.274792014019775,15,Too far above the 21-EMA. Set an alert for a pullback toward it.,Stop 1689; to breakeven at +1.0R; trail 2.5×ATR from +1.0R; scale 1/2 at T1 (+1.5R); time-stop 15 bars if < +0.5R,55-day high sits before T1 (resistance),1867.31005859375,51.007179723309484,2.731585977838218,64.7816208684684,90.0655104425905,16.90693836737703,2.3386476882284035,0.9348812227342811,0.10997444236805509,0.02446760447698315,0.4225373868152198,0.6878613169845444,1.0070634994923784,2339889962.235718,0.0,1.0,0.0,1.0,0.43200958018041113,0.8141592920353983,0.2878731960341914,0.6505766167727423,0.5918220110677291,-0.6097837648854418,0.305318994080764,1.2847250334758797,-0.18301467744896438,-0.39433000365241083,1.9425249881682782,0.8333333333333334,Technology,ASML Holding N.V. - New York Re,0.0038,2026-10-02,False,max 6 positions in RISK_ON
TXN,Extended (wait),False,50.05365049598143,,,False,True,volume accumulation,293.79998779296875,265.2964937090349,9.701666190680488,336.5552289188695,379.3104700447703,1.9106,561.3342566772461,2061.500057647186,199.9998541136158,1.0,6.18450017294156,15,Too far above the 21-EMA. Set an alert for a pullback toward it.,Stop 265.3; to breakeven at +1.0R; trail 2.5×ATR from +1.0R; scale 1/2 at T1 (+1.5R); time-stop 15 bars if < +0.5R,55-day high sits before T1 (resistance),293.79998779296875,8.143855452552529,2.7719046259087112,70.44351229391786,96.95690249100771,18.22606750745807,2.4987156234950922,0.8840650906712451,0.15306116277121395,-0.027004087553115785,0.5230908598455652,0.4490746867453266,0.725819670031911,1577921585.0704956,0.0,1.0,0.0,1.0,0.328562570886097,0.7522123893805309,0.254813153876248,0.5129675272545761,0.34315561763740626,-0.9804672505643269,0.3169218419565292,1.8984555023760699,-0.33518218220254437,,,,Technology,Texas Instruments Incorporated,0.0241,2026-10-02,False,max 6 positions in RISK_ON
SHOP,No clean setup,False,49.93034936387944,,,False,True,strong trend structure,151.38999938964844,128.85083265517795,14.88814771473712,185.19874949135416,219.0074995930599,2.4161,365.77337752532964,1343.302728961773,199.99289454392357,1.0,4.0299081868853195,0,No actionable pattern today.,Stop 128.9; to breakeven at +1.0R; trail 2.5×ATR from +1.0R; scale 1/2 at T1 (+1.5R); time-stop 15 bars if < +0.5R,55-day high sits before T1 (resistance),151.38999938964844,6.43976192413442,4.253756489924889,61.1387544182458,96.24553478757522,14.89680286705922,1.3834655247950638,0.8309457015257281,0.06710371889839872,0.26011320258665305,0.2802536946270482,-0.05148099104080506,0.6903588188936394,1448549444.651451,0.0,0.0,0.0,1.0,0.32668236580408977,0.7433628318584071,0.2516023988840758,1.1738068847476462,0.3526049974165691,-0.36974285943513385,-0.5055981741647343,0.44454512671343743,-0.3490373364760361,,,,Technology,Shopify Inc.,0.0136,2026-10-02,False,max 6 positions in RISK_ON
AMZN,No clean setup,False,49.83657619515257,,,False,True,favourable entry timing; volatility compression; Bollinger/Keltner squeeze on,251.52000427246094,240.2510534343316,4.480339792743549,268.423430529655,285.32685678684896,4.8326,1215.4955726470948,4463.907490546456,199.99822361021285,1.0,13.391722471639369,0,No actionable pattern today.,Stop 240.3; to breakeven at +1.0R; trail 2.5×ATR from +1.0R; scale 1/2 at T1 (+1.5R); time-stop 15 bars if < +0.5R,,251.52000427246094,5.634475419064669,2.2401698963717736,48.56366800923155,84.3953373186355,8.87956659807369,-0.06911765768427698,0.8757659943661493,-0.013569658455776734,0.03014416980652168,0.1990275022627772,0.15569047765271793,0.8799054710387317,8852990822.20787,1.0,0.0,0.0,0.0,0.2719092569493375,0.6637168141592921,0.24916274386556944,-0.0870564605496571,0.08238317250791687,0.6209698783142881,1.0076967203133633,0.20427750763942631,0.06719063919542505,,,,Consumer Cyclical,"Amazon.com, Inc.",0.0083,2026-10-02,False,max 6 positions in RISK_ON
LRCX,Extended (wait),False,49.76944991630535,,,False,True,volume accumulation; new 55-day high,347.489990234375,299.1357373113349,13.915293758656516,420.0213696189352,492.55274900349536,1.1262,391.34322700195315,1437.2080011646729,199.9917152849798,1.0,4.311624003494019,15,Too far above the 21-EMA. Set an alert for a pullback toward it.,Stop 299.1; to breakeven at +1.0R; trail 2.5×ATR from +1.0R; scale 1/2 at T1 (+1.5R); time-stop 15 bars if < +0.5R,,347.489990234375,13.815500835154312,3.975798216759002,67.76360857404853,99.51766044958943,15.71287768623013,2.536222208337533,0.7932933399793229,0.20650365705678242,-0.006684360425068925,0.5935916815915774,1.0263628195847474,0.8691443404926733,2891489039.9531555,0.0,1.0,1.0,1.0,0.29200392092865096,0.6991150442477876,0.24741750007164384,0.610156392652512,0.5158869907980367,-0.7055143484451117,-0.22160388978621332,1.1058765175829723,-0.10927386678441313,,,,Technology,Lam Research Corporation,0.0233,2026-10-02,False,max 6 positions in RISK_ON
GOOGL,No clean setup,False,49.572185408493596,,,False,True,favourable entry timing; volatility compression; Bollinger/Keltner squeeze on,343.5,325.4942834407453,5.241838881879104,370.50857483888205,397.51714967776417,3.0245,1038.9157500000001,3815.4180918750003,199.99806904615355,1.0,11.446254275625003,0,No actionable pattern today.,Stop 325.5; to breakeven at +1.0R; trail 2.5×ATR from +1.0R; scale 1/2 at T1 (+1.5R); time-stop 15 bars if < +0.5R,,343.5,9.002858279627352,2.6209194409395495,50.01208299972585,64.92194644025534,13.486928155441934,0.034341944367983795,0.8416976941386004,0.019579965020636525,-0.062050938602537076,0.16281602977917697,0.37925523491649704,1.0136609066644362,9386006231.347504,1.0,0.0,0.0,0.0,0.24124947394465937,0.6548672566371682,0.24229421831278294,0.14921228119058214,-0.06751310291412045,0.6099243998431917,0.5426757945470785,0.3427915921495459,0.25065217325777117,,,,Communication Services,Alphabet Inc.,0.0149,2026-10-02,False,max 6 positions in RISK_ON
ARM,No clean setup,False,47.66565424947105,,,False,True,volume accumulation,307.489990234375,269.44317439736864,12.373351018030316,364.5602139898846,421.6304377453941,1.4313,440.11042302246096,1616.305528549988,199.9911565713202,1.0,4.848916585649964,0,No actionable pattern today.,Stop 269.4; to breakeven at +1.0R; trail 2.5×ATR from +1.0R; scale 1/2 at T1 (+1.5R); time-stop 15 bars if < +0.5R,55-day high sits before T1 (resistance),307.489990234375,19.023407918503185,6.18667550901516,58.51642888465341,85.32732657621423,19.617187946841657,1.172311898193107,0.6792356570420236,0.3092480176925547,-0.045773338030676736,1.0621687946866545,0.5617767853736424,1.0879770250374945,1720790021.6545105,0.0,0.0,0.0,1.0,0.193164397772913,0.6460176991150443,0.193164397772913,0.6795562741801735,0.28201745709069265,0.01836454161959818,-1.4690779771951563,0.9226901558619843,,,,,,,,2026-10-02,False,max 6 positions in RISK_ON
TSM,Extended (wait),False,47.47359570465743,Earnings in 11d — binary gap risk,2026-10-15,False,True,volume accumulation; quality/growth fundamentals; new 55-day high,472.7799987792969,435.56913530389045,7.870650952130739,528.5962939924066,584.4125892055162,1.4635,691.913528213501,2541.052432364082,199.99736746200497,1.0,7.623157297092247,15,Too far above the 21-EMA. Set an alert for a pullback toward it.,Stop 435.6; to breakeven at +1.0R; trail 2.5×ATR from +1.0R; scale 1/2 at T1 (+1.5R); time-stop 15 bars if < +0.5R,,472.7799987792969,10.631675278687558,2.2487574148944987,71.67941172716765,98.45853479466443,17.48333364612676,2.7800302892117625,0.9896624571212077,0.1409105718407302,0.049266944835656634,0.40148200858834393,0.4517075744935981,0.8415077102139209,4465359388.865967,0.0,1.0,1.0,1.0,0.3940214028758807,0.7964601769911505,0.4560525920388123,0.670007638559517,0.6216340690471742,-0.9992108792890088,0.2245141721178151,1.532372920085774,0.656583871029704,0.7517708263513733,3.128474246339621,1.0,Technology,Taiwan Semiconductor Manufactur,0.0057,2026-10-02,False,max 6 positions in RISK_ON
AMAT,No clean setup,False,47.291362682843626,,,False,True,volume accumulation,540.0399780273438,471.69809904887734,12.654966624527576,642.5527964950434,745.065614962743,0.7968,430.3038544921875,1580.2909056225585,199.98528667697937,1.0,4.740872716867676,0,No actionable pattern today.,Stop 471.7; to breakeven at +1.0R; trail 2.5×ATR from +1.0R; scale 1/2 at T1 (+1.5R); time-stop 15 bars if < +0.5R,55-day high sits before T1 (resistance),540.0399780273438,19.526251136704687,3.6157047498650217,69.19770319670263,99.30635746485618,18.802576749607272,2.853102262282051,0.7308900659264209,0.23167447099371863,-0.08801185994862659,0.5533318323201495,1.0248237725098925,0.9010719277487867,2960446695.2609253,0.0,1.0,0.0,0.0,0.1835929343562235,0.6283185840707964,0.1835929343562235,0.4016598931819989,0.21581734214566708,-0.9687170732143474,-0.18658658217835056,1.7655425251214938,,,,,,,,2026-10-02,False,max 6 positions in RISK_ON
CAT,No clean setup,False,46.310531456851436,,,False,True,volatility compression; volume accumulation; Bollinger/Keltner squeeze on,845.4199829101562,788.3736957591749,6.747686156484395,930.9894136366283,1016.5588443631003,0.9546,807.0379156860351,2963.8467453569638,199.9910765358652,1.0,8.891540236070892,0,No actionable pattern today.,Stop 788.4; to breakeven at +1.0R; trail 2.5×ATR from +1.0R; scale 1/2 at T1 (+1.5R); time-stop 15 bars if < +0.5R,,845.4199829101562,23.305265791425384,2.7566495070535924,58.83339153793101,87.04551921251598,10.950772998759227,1.222778866803132,0.7890264410410146,0.06707218615675736,-0.12674413355807534,0.1831807521813018,0.6626009265094717,0.8310961943296563,1887538344.5739746,1.0,1.0,0.0,0.0,0.15860906165923427,0.6017699115044248,0.15860906165923427,0.047103580662774036,-0.14198600544395168,-0.05258431392624575,0.857529828046546,0.7509769884010277,,,,,,,,2026-10-02,False,max 6 positions in RISK_ON
ABNB,No clean setup,False,46.1107384263509,,,False,True,favourable entry timing,162.42999267578125,147.6719442837465,9.08579022194046,184.56706526383334,206.70413785188546,3.6901,599.3829159729004,2201.2337589104764,199.99948162914052,1.0,6.60370127673143,0,No actionable pattern today.,Stop 147.7; to breakeven at +1.0R; trail 2.5×ATR from +1.0R; scale 1/2 at T1 (+1.5R); time-stop 15 bars if < +0.5R,,162.42999267578125,5.312222865013953,3.270469189527963,46.116844601176055,91.63033134491229,22.48864907323494,-0.3439422742030198,0.8396354164366118,-0.11366366067569478,0.10010158747218756,0.2999599571264042,0.4982013976786357,0.8330255083434981,814592069.2205048,0.0,0.0,0.0,0.0,0.1535359568313234,0.5929203539823009,0.1535359568313234,0.07452745654553224,0.36217948608177364,0.5521075706966859,-0.3870056075113173,-0.2673717221786229,,,,,,,,2026-10-02,False,max 6 positions in RISK_ON
HON,No clean setup,False,45.98401531942104,,,False,True,favourable entry timing; volatility compression; volume accumulation,213.99000549316406,203.205959057656,5.039509397018338,230.16607514642615,246.34214479968824,5.0499,1080.6281287399293,3968.60680279739,199.9983127576835,1.0,11.905820408392172,0,No actionable pattern today.,Stop 203.2; to breakeven at +1.0R; trail 2.5×ATR from +1.0R; scale 1/2 at T1 (+1.5R); time-stop 15 bars if < +0.5R,,213.99000549316406,4.336136913907217,2.0263268389166593,52.651663281059065,88.18724297852638,21.304919703733976,0.5435231227812414,0.8291417213430577,0.038433531748676364,-0.07158016450927651,-0.10317533909625154,0.011312013888930439,0.6832695903197857,617356343.4181213,0.0,0.0,0.0,0.0,0.15032084570281778,0.5752212389380531,0.15032084570281778,-0.12028924150097979,-0.4557436333637378,0.6257383586002594,0.7392755277899865,0.9046212663434706,,,,,,,,2026-10-02,False,max 6 positions in RISK_ON
COST,No clean setup,False,43.713019524240345,,,False,True,favourable entry timing; volume accumulation,920.6500244140625,879.1869393071665,4.5036750130197065,982.8446520744064,1045.0392797347504,1.3134,1209.1817420654295,4440.71994773529,199.99559468433603,1.0,13.32215984320587,0,No actionable pattern today.,Stop 879.2; to breakeven at +1.0R; trail 2.5×ATR from +1.0R; scale 1/2 at T1 (+1.5R); time-stop 15 bars if < +0.5R,,920.6500244140625,15.652145115084032,1.700118905123113,51.378898647121275,71.12854201994527,13.015758110363633,0.3289011878256948,0.8409609983807743,-0.008433090879067184,-0.02960927760624521,-0.09015944118979036,0.01804916922959965,1.0832258120550573,2181253811.8554688,0.0,0.0,0.0,0.0,0.09299668690569195,0.5398230088495575,0.09299668690569195,-0.4713315562000589,-0.34487503021487353,0.7924949344318003,0.2024674102585398,1.157614371276597,,,,,,,,2026-10-02,False,max 6 positions in RISK_ON
PG,No clean setup,False,42.67874083283633,,,False,True,favourable entry timing; volume accumulation; Bollinger/Keltner squeeze on,144.91000366210938,140.17814135247926,3.2653800221160227,152.00779712655455,159.10559059099973,9.3952,1361.4584664062502,4999.956217876954,163.2675714531019,1.0,14.999868653630863,0,No actionable pattern today.,Stop 140.2; to breakeven at +1.0R; trail 2.5×ATR from +1.0R; scale 1/2 at T1 (+1.5R); time-stop 15 bars if < +0.5R,size capped at 25% of capital,144.91000366210938,2.365931154815054,1.6326900110580083,46.629779214455056,42.84770047711611,7.778986107937974,-0.4948971153239547,0.8794683974395232,-0.018490895006942676,-0.02222384667457733,0.02774653825708584,-0.007823295831390187,0.8915018642501307,1165504161.969223,1.0,0.0,0.0,0.0,0.06703270376770015,0.5221238938053098,0.06703270376770015,-0.33491940420716276,-0.19058370947554396,0.6800314386227948,0.11862975327098395,0.5438828010396105,,,,,,,,2026-10-02,False,max 6 positions in RISK_ON
REGN,No clean setup,False,42.2230432524225,,,False,True,distribution in volume,735.2000122070312,691.9006700193139,5.88946429118452,800.1490254886073,865.0980387701833,1.2577,924.6610553527833,3395.817725783096,199.99547235370974,1.0,10.18745317734929,0,No actionable pattern today.,Stop 691.9; to breakeven at +1.0R; trail 2.5×ATR from +1.0R; scale 1/2 at T1 (+1.5R); time-stop 15 bars if < +0.5R,,735.2000122070312,21.64967109385866,2.944732145592259,34.914572571623694,14.092604740273885,20.96705358586339,-1.9211808861589932,0.8555402858369165,-0.13711960033410553,0.13272876706660752,-0.03241072092709796,0.42747450193373315,1.1805848150332856,588939642.9296875,0.0,0.0,0.0,1.0,0.055612745155305995,0.504424778761062,0.055612745155305995,0.5940947836456895,0.2096840812056156,-0.028833136014382678,-0.38878523715311336,-0.8354628678882824,,,,,,,,2026-10-02,False,max 6 positions in RISK_ON
BLK,No clean setup,False,41.94347611967242,,,False,True,volatility compression,1059.6300048828125,1013.4354416550932,4.359499354949664,1128.9218497243914,1198.2136945659704,1.1789,1249.1978127563477,4587.678967347687,199.9998349886838,1.0,13.763036902043064,0,No actionable pattern today.,Stop 1013; to breakeven at +1.0R; trail 2.5×ATR from +1.0R; scale 1/2 at T1 (+1.5R); time-stop 15 bars if < +0.5R,,1059.6300048828125,23.097281613859636,2.1797496774748306,43.158259275931584,29.963154240796356,21.487843723504998,-0.7816900354072398,0.8871541967034082,-0.037948574154969106,0.05326074737137976,0.1081253694075055,-0.014113216040978704,0.8662688420544307,563565126.3641357,0.0,0.0,0.0,0.0,0.048611394205491466,0.49557522123893805,0.048611394205491466,-0.4057120323659902,0.007882170882519177,0.3657475978347427,0.7421744408551365,-0.11018604643763656,,,,,,,,2026-10-02,False,max 6 positions in RISK_ON
KLAC,No clean setup,False,39.63338804102705,,,False,True,volume accumulation,206.88999938964844,180.1581485543163,12.920803767313284,246.98777564264662,287.0855518956448,2.0372,421.4763067565918,1547.8717365635832,199.997469651085,1.0,4.643615209690751,0,No actionable pattern today.,Stop 180.2; to breakeven at +1.0R; trail 2.5×ATR from +1.0R; scale 1/2 at T1 (+1.5R); time-stop 15 bars if < +0.5R,55-day high sits before T1 (resistance),206.88999938964844,7.637671667237751,3.6916582192323677,67.24079015515673,96.12221116741985,15.347476783793649,2.428801297368973,0.673858379321925,0.20103335647928544,-0.11223764223029198,0.36723837520317626,0.5341824594715177,0.7738747937609899,1754304059.1024017,0.0,1.0,0.0,0.0,-0.00916546322706921,0.48672566371681414,-0.00916546322706921,0.18971718035777846,-0.29918541109500096,-0.7326718110883467,0.0698626773440793,1.3243505004938323,,,,,,,,2026-10-02,False,max 6 positions in RISK_ON
UNP,No clean setup,False,38.95981014343001,,,False,True,favourable entry timing,278.2799987792969,267.0024848548779,4.052577969630927,295.19626966592534,312.11254055255387,4.8289,1343.7862861053466,4935.055135721885,199.99695721940478,1.0,14.805165407165656,0,No actionable pattern today.,Stop 267; to breakeven at +1.0R; trail 2.5×ATR from +1.0R; scale 1/2 at T1 (+1.5R); time-stop 15 bars if < +0.5R,,278.2799987792969,5.030099642988421,1.8075677968425534,44.63830699333482,91.5451075959742,32.26795837805073,-0.30898633070080816,0.8847476318937642,-0.039519593320871294,-0.01068184419562046,0.1483955899250966,0.2602722723647559,0.9995401316431236,692653040.7421875,0.0,0.0,0.0,0.0,-0.02600849898929241,0.4778761061946903,-0.02600849898929241,-0.5436742365147362,0.04645146109738327,0.5866380598777472,0.18462110910086427,-0.30142637054581006,,,,,,,,2026-10-02,False,max 6 positions in RISK_ON
JNJ,No clean setup,False,38.124843425288375,,,False,True,distribution in volume,256.0299987792969,245.75072244258436,4.014871845378346,271.44891328436563,286.8678277894344,5.2979,1356.421330532837,4981.457336381844,199.99912808792874,1.0,14.944372009145534,0,No actionable pattern today.,Stop 245.8; to breakeven at +1.0R; trail 2.5×ATR from +1.0R; scale 1/2 at T1 (+1.5R); time-stop 15 bars if < +0.5R,,256.0299987792969,5.139638168356253,2.0074359226891714,32.639480334181926,1.2502487404955218,15.838768826061708,-2.043333402896653,0.9109118444073692,-0.06969221057118469,-0.007855823425204744,0.06473187373771094,0.5125615447512422,1.1420554289630602,1758857192.7301025,0.0,0.0,0.0,1.0,-0.04690091109490432,0.4690265486725664,-0.04690091109490432,0.1808193542207488,0.1745105769028556,-0.43186651524165387,0.37989013264142196,-0.9052127992368121,,,,,,,,2026-10-02,False,max 6 positions in RISK_ON
LIN,No clean setup,False,38.11803777583287,,,False,True,no dominant factor,479.4800109863281,453.2028712366565,5.4803410251904925,518.8957206108355,558.311430235343,2.0724,993.6743747680664,3649.269141335724,199.99239387223847,1.0,10.947807424007173,0,No actionable pattern today.,Stop 453.2; to breakeven at +1.0R; trail 2.5×ATR from +1.0R; scale 1/2 at T1 (+1.5R); time-stop 15 bars if < +0.5R,,479.4800109863281,8.268471108061474,1.7244662798460728,56.43213285676996,80.3623243988134,20.697303430300106,0.9344323419675431,0.8775246395481853,-0.0131110942772934,-0.11000704444594489,-0.03983238440631576,0.05490646449287162,1.0563515970323794,992450460.5506897,0.0,0.0,0.0,0.0,-0.047071292841436276,0.46017699115044247,-0.047071292841436276,-0.10189054727739363,-0.3639014160171923,0.2794872140141209,-0.06838061114772097,0.3861140819928175,,,,,,,,2026-10-02,False,max 6 positions in RISK_ON
AVGO,No clean setup,False,38.02277472116648,,,False,True,favourable entry timing; volatility compression,355.1400146484375,333.40937547870595,6.118893471140751,387.7359734030348,420.33193215763214,2.506,889.9808767089843,3268.4547697137446,199.99326551120276,1.0,9.805364309141234,0,No actionable pattern today.,Stop 333.4; to breakeven at +1.0R; trail 2.5×ATR from +1.0R; scale 1/2 at T1 (+1.5R); time-stop 15 bars if < +0.5R,,355.1400146484375,10.865319584865777,3.059446735570376,47.84851512824421,70.67483904226717,21.04938167063947,-0.08496619370991274,0.7198985815161214,-0.031187460179937343,-0.04844417497261788,0.13288763769956558,0.10770584668093464,0.9545711858993415,8862937644.396515,0.0,0.0,0.0,0.0,-0.049456422185314125,0.45132743362831856,-0.049456422185314125,-0.6099429474438091,-0.4439505436331739,0.5922046448032054,0.8004826274172315,0.24532128186600022,,,,,,,,2026-10-02,False,max 6 positions in RISK_ON
MDT,No clean setup,False,37.86420429241227,,,False,True,no dominant factor,86.37999725341797,82.27029712184651,4.757698844924241,92.54454745077516,98.70909764813234,13.2512,1144.6386196044923,4203.6853304974975,199.99868841332923,1.0,12.611055991492494,0,No actionable pattern today.,Stop 82.27; to breakeven at +1.0R; trail 2.5×ATR from +1.0R; scale 1/2 at T1 (+1.5R); time-stop 15 bars if < +0.5R,,86.37999725341797,2.0548500657857263,2.3788494224621175,38.07322409914572,20.855907895352146,22.907634777729225,-1.3081500817252398,0.8393027581717133,-0.055235043055985256,0.0485003212085926,0.014362158142138481,-0.003685321068882752,2.630935499806311,1236600181.5866852,0.0,0.0,0.0,0.0,-0.05342740394168121,0.4424778761061947,-0.05342740394168121,0.13005019751543795,-0.15319707739360683,0.2006512075115435,0.1782639290478424,-0.783767673395466,,,,,,,,2026-10-02,False,max 6 positions in RISK_ON
JPM,No clean setup,False,36.967857934929704,,,False,True,no dominant factor,332.3800048828125,319.4589647772451,3.887430024595784,351.7615650411636,371.14312519951466,4.0961,1361.4617380004881,4999.968232806793,194.3702663023825,1.0,14.99990469842038,0,No actionable pattern today.,Stop 319.5; to breakeven at +1.0R; trail 2.5×ATR from +1.0R; scale 1/2 at T1 (+1.5R); time-stop 15 bars if < +0.5R,size capped at 25% of capital,332.3800048828125,6.460520052783704,1.9437150122978955,34.50131263492419,34.75244072851784,24.01819239479953,-1.6730660381872624,0.9069031511127217,-0.06692492351972146,-0.015811904295241597,0.13912438862455745,0.1684036977742045,1.1995862632013188,2898683632.4742126,0.0,0.0,0.0,0.0,-0.07589668109640518,0.4336283185840708,-0.07589668109640518,-0.3534473967858071,0.03267230266466911,-0.0786683956204049,-0.3026817095413947,0.4387248911107022,,,,,,,,2026-10-02,False,max 6 positions in RISK_ON
TSLA,No clean setup,False,36.37167459409726,,,False,True,no dominant factor,370.5899963378906,342.76922217445025,7.507157354046436,412.3211575830512,454.05231882821175,1.9574,725.3928588317871,2664.005274059738,199.99106784376056,1.0,7.992015822179216,0,No actionable pattern today.,Stop 342.8; to breakeven at +1.0R; trail 2.5×ATR from +1.0R; scale 1/2 at T1 (+1.5R); time-stop 15 bars if < +0.5R,55-day high sits before T1 (resistance),370.5899963378906,12.443130833448995,3.3576542692490263,54.99157195561247,89.1978103953212,17.76011467038292,0.6380797085962812,0.7429184417809718,0.03803811153973191,-0.11715938243069457,0.02773232785589963,-0.22297911373088464,1.048892690422202,13895773544.57077,0.0,0.0,0.0,0.0,-0.09086786004129829,0.4247787610619469,-0.09086786004129829,0.11967035941437107,-0.7454657965688952,0.48270377919962865,0.4412022262753279,-0.2678770028116611,,,,,,,,2026-10-02,False,max 6 positions in RISK_ON
UNH,No clean setup,False,36.281663494846555,,,False,True,volatility compression,371.8999938964844,354.60972347736464,4.649172009379585,397.835399525164,423.7708051538436,3.1496,1171.336220776367,4301.732270801208,199.99493265253858,1.0,12.905196812403625,0,No actionable pattern today.,Stop 354.6; to breakeven at +1.0R; trail 2.5×ATR from +1.0R; scale 1/2 at T1 (+1.5R); time-stop 15 bars if < +0.5R,,371.8999938964844,8.645135209559877,2.324586004689795,41.30442728185341,67.61835498554427,33.36469127056439,-0.7322195151911309,0.8106017826585825,-0.06372914936732821,-0.10478713788044591,0.3573077135553244,0.17080375645606027,0.877844047993742,1928570434.9398804,0.0,0.0,0.0,0.0,-0.09313034958147595,0.415929203539823,-0.09313034958147595,-0.6200545375025486,-0.1861062504225936,0.268658501621159,0.6681355106914467,-0.11079135871341173,,,,,,,,2026-10-02,False,max 6 positions in RISK_ON
ISRG,No clean setup,False,35.8604149116605,,,False,True,weak momentum; favourable entry timing; volume accumulation,391.95001220703125,369.43138974249587,5.74527918438764,425.7279459038343,459.5058796006374,2.4183,947.8527145202636,3480.9890940756677,199.99254183273328,1.0,10.442967282227006,0,No actionable pattern today.,Stop 369.4; to breakeven at +1.0R; trail 2.5×ATR from +1.0R; scale 1/2 at T1 (+1.5R); time-stop 15 bars if < +0.5R,55-day high sits before T1 (resistance),391.95001220703125,11.259311232267702,2.8726395921938233,51.21150787542293,5.681004260988573,14.89541101038383,-0.04490459129701735,0.6490528069116845,0.05396904125174262,-0.09444811042085466,-0.1329882410758345,-0.15103644044268738,0.7369749169639754,931017213.4895325,0.0,0.0,0.0,0.0,-0.10372705983334911,0.40707964601769914,-0.10372705983334911,-0.5331189326765883,-0.9646165335740262,0.771625281433601,-0.19379324299975204,1.6843180414708003,,,,,,,,2026-10-02,False,max 6 positions in RISK_ON
ACN,No clean setup,False,35.50710485879937,,,False,True,no dominant factor,198.89999389648438,169.6191572915184,14.721386376816536,242.82124880393332,286.74250371138226,1.8598,369.9142086486816,1358.509931262283,199.99149594854543,1.0,4.07552979378685,0,No actionable pattern today.,Stop 169.6; to breakeven at +1.0R; trail 2.5×ATR from +1.0R; scale 1/2 at T1 (+1.5R); time-stop 15 bars if < +0.5R,55-day high sits before T1 (resistance),198.89999389648438,9.963373275332632,5.009237597321383,59.076188692538906,54.51218045248944,18.428654707513232,1.3082972786890745,0.6973741669850742,0.05978261753284353,0.4697109063016749,0.00828800329951429,-0.21403548861156874,1.9519093462661856,1306194330.9287262,0.0,0.0,0.0,1.0,-0.11262616517493375,0.39823008849557523,-0.11262616517493375,0.4783662080379546,0.13703911701869637,0.055334593197367665,-1.7169125680683692,-0.5664288517498023,,,,,,,,2026-10-02,False,max 6 positions in RISK_ON
PGR,No clean setup,False,34.889850211158944,,,False,True,favourable entry timing,210.30999755859375,199.737175844887,5.027255877724548,226.1692301291539,242.02846269971403,5.1508,1083.2647354248047,3978.289740847595,199.99880482967345,1.0,11.934869222542787,0,No actionable pattern today.,Stop 199.7; to breakeven at +1.0R; trail 2.5×ATR from +1.0R; scale 1/2 at T1 (+1.5R); time-stop 15 bars if < +0.5R,55-day high sits before T1 (resistance),210.30999755859375,4.5035824030420795,2.141401956788741,46.99916049726018,60.744821707693674,14.705270399145943,-0.2954871374645839,0.8789852516936562,-0.049546039161427635,-0.09176199034213328,0.07813030201530746,-0.04340167421978591,1.1592293090598704,605939943.9174652,0.0,0.0,0.0,0.0,-0.1282013686863649,0.3893805309734513,-0.1282013686863649,-0.396201523044156,-0.3014064984513044,0.7734834789860966,-0.05031717537493786,-0.5895997003785528,,,,,,,,2026-10-02,False,max 6 positions in RISK_ON
XLI,No clean setup,False,34.5974355296784,,,False,True,no dominant factor,169.9499969482422,165.2072503523286,2.7906717746855727,177.06411684211258,184.17823673598295,8.011,1361.469425552368,4999.996465341072,139.5334900935496,1.0,14.999989396023217,0,No actionable pattern today.,Stop 165.2; to breakeven at +1.0R; trail 2.5×ATR from +1.0R; scale 1/2 at T1 (+1.5R); time-stop 15 bars if < +0.5R,size capped at 25% of capital,169.9499969482422,2.371373297956792,1.3953358873427855,44.55566051171081,77.16153638988072,29.354498745766367,-0.35187045276213796,0.9055037811968669,-0.013735638285767293,-0.08166222305187287,0.04308484375796051,0.1332032982928435,1.0776903446567545,1260940067.3651886,0.0,0.0,0.0,0.0,-0.13559345295099334,0.3805309734513274,-0.13559345295099334,-0.6050900762924905,-0.16552581773624966,0.49650450487395015,-0.20749624917665369,0.0019865651833867507,,,,,,,,2026-10-02,False,max 6 positions in RISK_ON
SNPS,Extended (wait),False,33.1294442045641,,,False,True,volume accumulation,489.8999938964844,423.22287385285756,13.610353311765026,589.9156739619245,689.9313540273648,0.8167,400.1013250152588,1469.3721161185379,199.98673646829124,1.0,4.408116348355614,15,Too far above the 21-EMA. Set an alert for a pullback toward it.,Stop 423.2; to breakeven at +1.0R; trail 2.5×ATR from +1.0R; scale 1/2 at T1 (+1.5R); time-stop 15 bars if < +0.5R,55-day high sits before T1 (resistance),489.8999938964844,19.05060572675051,3.888672374790006,74.10209040874113,95.75256107563854,20.414939751575837,3.5076281989432765,0.9080967072602287,0.17772914503167714,0.10769440854224488,0.23727738045965574,-0.14896271889282087,1.761258796558858,995838482.8056335,0.0,0.0,0.0,1.0,-0.17285738143554238,0.37168141592920356,-0.17285738143554238,0.2744259044695063,0.16462281391528327,-1.317649113084945,-1.5531187599791536,1.1863245343950115,,,,,,,,2026-10-02,False,max 6 positions in RISK_ON
GE,No clean setup,False,31.045008152381953,,,False,True,volatility compression,309.55999755859375,292.5497970349081,5.494960801731471,335.0752983441222,360.5905991296506,3.2015,991.0563321838379,3639.6543799451442,199.9975814964883,1.0,10.918963139835434,0,No actionable pattern today.,Stop 292.5; to breakeven at +1.0R; trail 2.5×ATR from +1.0R; scale 1/2 at T1 (+1.5R); time-stop 15 bars if < +0.5R,,309.55999755859375,8.505100261842825,2.7474804008657396,34.781857478597715,5.767332652419682,24.483865908391092,-1.4404639037800575,0.7961115123805195,-0.060515940641597155,-0.1825287748338127,0.10238251448310898,0.09933913739030853,1.0183610823244202,1407372771.5011597,0.0,0.0,0.0,0.0,-0.22631567395399804,0.36283185840707965,-0.22631567395399804,-0.573719146845481,-0.5501649523689336,-0.06939340067224983,0.7015892109873761,0.11482617300231081,,,,,,,,2026-10-02,False,max 6 positions in RISK_ON
SBUX,No clean setup,False,30.38956593644229,,,False,True,volatility compression,94.70999908447266,90.64866008883267,4.28818396674003,100.80200757793264,106.89401607139261,13.409,1269.966377723694,4663.951522190266,199.99882139109053,1.0,13.9918545665708,0,No actionable pattern today.,Stop 90.65; to breakeven at +1.0R; trail 2.5×ATR from +1.0R; scale 1/2 at T1 (+1.5R); time-stop 15 bars if < +0.5R,,94.70999908447266,2.0306694978199906,2.1440919833700125,35.12666801268864,49.47330304006288,36.769224744807,-1.2645569440948126,0.8619496681963182,-0.11253749998927653,-0.06714268044094229,0.06022310769902206,0.29672265216602134,0.8985538398462145,680130958.6953735,0.0,0.0,0.0,0.0,-0.24328696513696987,0.35398230088495575,-0.24328696513696987,-0.7060590691341254,-0.13943993013111927,-0.04694133717273368,0.525378372000203,-0.6405441237408126,,,,,,,,2026-10-02,False,max 6 positions in RISK_ON
TJX,No clean setup,False,30.27045327361668,,,False,True,favourable entry timing,132.67999267578125,126.33506474745352,4.782128639268388,142.19738456827287,151.71477646076445,8.583,1138.7923771362305,4182.215005032806,199.99890151145368,1.0,12.54664501509842,0,No actionable pattern today.,Stop 126.3; to breakeven at +1.0R; trail 2.5×ATR from +1.0R; scale 1/2 at T1 (+1.5R); time-stop 15 bars if < +0.5R,,132.67999267578125,2.8597532172171887,2.155376375551454,48.425637857713824,45.48851973193759,29.99485885599964,0.19648874680684736,0.7829331055320966,0.010433288726368062,-0.12035805942764355,-0.17208401113813598,-0.07904642838720333,1.0029874315380272,1189386738.6281204,0.0,0.0,0.0,0.0,-0.2463804920891213,0.34513274336283184,-0.2463804920891213,-0.9313158152432509,-0.7251996133348982,0.9765722909196047,0.03998995508567768,0.19973833564569266,,,,,,,,2026-10-02,False,max 6 positions in RISK_ON
CDNS,No clean setup,False,30.175646759024083,,,False,True,volume accumulation,351.3500061035156,308.04069112098574,12.326544536837147,416.3139785773104,481.2779510511053,1.2574,441.7874976745606,1622.4645852098238,199.99381969029898,1.0,4.867393755629472,0,No actionable pattern today.,Stop 308; to breakeven at +1.0R; trail 2.5×ATR from +1.0R; scale 1/2 at T1 (+1.5R); time-stop 15 bars if < +0.5R,55-day high sits before T1 (resistance),351.3500061035156,12.374089995008543,3.521869867667757,70.80559570534197,97.5916054093531,25.82573915061635,2.7607050446416213,0.8431927909115637,0.14569403828036775,-0.06498651734869587,0.2605841151145116,-0.12870411579355978,1.0344321947316495,849097182.3059082,0.0,0.0,0.0,0.0,-0.2488448830305145,0.336283185840708,-0.2488448830305145,-0.12553948534881781,-0.25342697566279354,-0.8687910363153504,-1.2917256152271583,1.4887995153106874,,,,,,,,2026-10-02,False,max 6 positions in RISK_ON
LMT,No clean setup,False,27.884456525104696,,,False,True,volatility compression,505.4100036621094,482.1780898667949,4.596647004804069,540.2578743550811,575.1057450480528,2.3441,1184.7315895843506,4350.926762748527,199.99674472109882,1.0,13.052780288245582,0,No actionable pattern today.,Stop 482.2; to breakeven at +1.0R; trail 2.5×ATR from +1.0R; scale 1/2 at T1 (+1.5R); time-stop 15 bars if < +0.5R,,505.4100036621094,11.615956897657236,2.298323502402033,31.09836952774647,0.652169480879266,36.38758466314708,-1.7684666863687057,0.7396895806361256,-0.04917690665255081,-0.05476566328482224,-0.17810938819619715,0.09275544003723613,0.9923396189991488,642134144.7271729,0.0,0.0,0.0,0.0,-0.30903459076670714,0.3274336283185841,-0.30903459076670714,-0.743050736690802,-0.6177090869750825,0.022898062830001866,1.0445348565770274,-0.5207844861363767,,,,,,,,2026-10-02,False,max 6 positions in RISK_ON
EFA,No clean setup,False,27.876496593592044,,,False,True,distribution in volume,103.95999908447266,101.57364990896995,2.2954494002675725,107.53952284772672,111.11904661098076,13.096,1361.460148010254,4999.962393567657,114.77160677675295,1.0,14.999887180702974,0,No actionable pattern today.,Stop 101.6; to breakeven at +1.0R; trail 2.5×ATR from +1.0R; scale 1/2 at T1 (+1.5R); time-stop 15 bars if < +0.5R,size capped at 25% of capital,103.95999908447266,1.1931745877513473,1.1477247001337831,42.22994426017287,59.19076349192279,22.038173086337178,-1.130628531547802,0.9547249487298238,-0.02895571216900572,-0.014223402361292603,0.07760319608862232,0.17617208028692333,1.8577647971652715,1498433614.7190857,0.0,0.0,0.0,0.0,-0.3092460106361358,0.3185840707964602,-0.3092460106361358,-0.45237376917183847,0.09895309111965483,0.20588445610120998,-1.1195806820923904,-1.0058492766039713,,,,,,,,2026-10-02,False,max 6 positions in RISK_ON
WMT,No clean setup,False,27.422451923249334,,,False,True,volatility compression,104.26000213623047,99.9176325212551,4.164942956073842,110.77355655869351,117.28711098115657,12.5412,1307.5455387908935,4801.960991209557,199.99893605679608,1.0,14.405882973628673,0,No actionable pattern today.,Stop 99.92; to breakeven at +1.0R; trail 2.5×ATR from +1.0R; scale 1/2 at T1 (+1.5R); time-stop 15 bars if < +0.5R,,104.26000213623047,2.1711848074876827,2.08247147803692,40.167091525237176,19.50932567340061,10.960911819798138,-1.2459060645962694,0.7732287687013829,-0.017249451077665512,-0.05549387741448153,-0.1675884640405827,0.049266705502047925,0.9601102166722895,2389803156.0884476,0.0,0.0,0.0,0.0,-0.3213348210922917,0.30973451327433627,-0.3213348210922917,-0.8335941837930355,-0.5643376683432941,0.19041474057712554,0.5633208574515397,-0.3415889986112551,,,,,,,,2026-10-02,False,max 6 positions in RISK_ON
GLD,No clean setup,False,27.265691262127135,,,False,True,no dominant factor,380.1400146484375,366.1749692403668,3.673658354800112,401.08758276054357,422.0351508726496,3.5814,1361.433448461914,4999.8643394763785,183.67793403584542,1.0,14.999593018429138,0,No actionable pattern today.,Stop 366.2; to breakeven at +1.0R; trail 2.5×ATR from +1.0R; scale 1/2 at T1 (+1.5R); time-stop 15 bars if < +0.5R,size capped at 25% of capital,380.1400146484375,6.982522704035335,1.836829177400053,38.80547140457162,28.278495463487218,17.852423874755733,-1.684984014840481,0.7458112724039553,-0.05620930582321426,-0.005207626223921569,-0.1147388011305881,0.13130915979071855,0.9139844478049356,3447219397.062378,0.0,0.0,0.0,0.0,-0.3255221179519259,0.3008849557522124,-0.3255221179519259,-0.7720848020985199,-0.4578996831808412,0.04923538096762976,0.3767085954397137,-0.3658197983574227,,,,,,,,2026-10-02,False,max 6 positions in RISK_ON
SCHW,No clean setup,False,26.86691127189669,,,False,True,no dominant factor,96.69999694824219,92.2795807556714,4.571268182083576,103.33062123709837,109.96124552595454,12.3198,1191.3246224029542,4375.139675774849,199.99936792041018,1.0,13.125419027324549,0,No actionable pattern today.,Stop 92.28; to breakeven at +1.0R; trail 2.5×ATR from +1.0R; scale 1/2 at T1 (+1.5R); time-stop 15 bars if < +0.5R,,96.69999694824219,2.210208096285394,2.28563409104179,29.908462163439978,16.607912940117984,27.341106101152114,-2.5133761570355313,0.8443202477857902,-0.10661494034812846,-0.036156098663441716,0.037964980789151115,0.18833009822261837,0.991149728991067,879261311.6099548,0.0,0.0,0.0,0.0,-0.3362066139961329,0.2920353982300885,-0.3362066139961329,-0.3173438739367374,-0.18668550984526758,-0.5393928091187313,-0.12415793298210903,-0.6550042428222126,,,,,,,,2026-10-02,False,max 6 positions in RISK_ON
WFC,No clean setup,False,26.840124881540213,,,False,True,no dominant factor,80.44999694824219,76.73419506876151,4.618771933417542,86.0236997674632,91.59740258668423,14.656,1179.0751552734375,4330.153507741699,199.9999148894688,1.0,12.9904605232251,0,No actionable pattern today.,Stop 76.73; to breakeven at +1.0R; trail 2.5×ATR from +1.0R; scale 1/2 at T1 (+1.5R); time-stop 15 bars if < +0.5R,,80.44999694824219,1.8579009397403383,2.3093859667087693,33.70420871724784,51.69928488265501,24.602572918831616,-1.8359056799354734,0.8364812153414038,-0.09880138934125593,-0.07476413366365953,0.009608703624004677,0.12794193249177876,1.0834082584095213,1168283708.3458328,0.0,0.0,0.0,0.0,-0.3369260068396685,0.2831858407079646,-0.3369260068396685,-0.5442473089254057,-0.31892472884396755,-0.13785990077322152,-0.041698240390738966,-0.5611135232060458,,,,,,,,2026-10-02,False,max 6 positions in RISK_ON
ADBE,No clean setup,False,26.624949471738915,,,False,True,no dominant factor,237.69000244140625,219.36153978977373,7.711078490207316,265.182696418855,292.6753903963038,2.9712,706.2245352539063,2593.6096057199707,199.99527242662344,1.0,7.780828817159914,0,No actionable pattern today.,Stop 219.4; to breakeven at +1.0R; trail 2.5×ATR from +1.0R; scale 1/2 at T1 (+1.5R); time-stop 15 bars if < +0.5R,,237.69000244140625,9.164231325816266,3.85553924510366,41.01981546747945,39.5654422431211,22.735256933589636,-1.0447888260882217,0.6535331164798105,-0.1504700125728622,0.08997108478112348,-0.021529704293434593,-0.18599439208872726,0.8504955971927577,1399978278.7765503,0.0,0.0,0.0,0.0,-0.3427128571725559,0.2743362831858407,-0.3427128571725559,-0.7408843994817687,-0.5721454273958775,0.34934712453621664,-0.057350103459579256,-0.2962410732719621,,,,,,,,2026-10-02,False,max 6 positions in RISK_ON
RTX,No clean setup,False,26.221918674687075,,,False,True,volatility compression,184.67999267578125,177.4592536343792,3.9098653496692366,195.51110123788433,206.34220979998742,7.372,1361.4609060058594,4999.965177306519,195.49190596303555,1.0,14.999895531919558,0,No actionable pattern today.,Stop 177.5; to breakeven at +1.0R; trail 2.5×ATR from +1.0R; scale 1/2 at T1 (+1.5R); time-stop 15 bars if < +0.5R,size capped at 25% of capital,184.67999267578125,3.6103695207010307,1.9549326748346199,24.05791482901033,2.780997844864615,45.08472319589162,-2.3548280091707574,0.8156883074450839,-0.0801873005349164,-0.07983562134155187,-0.051703193899905076,0.21866101120857628,0.8453135263228565,758648876.9794464,0.0,0.0,0.0,0.0,-0.353590721612155,0.26548672566371684,-0.353590721612155,-0.7765077659823224,-0.36562230218764297,-0.6612327733862698,0.5739410543516807,0.05625362026423645,,,,,,,,2026-10-02,False,max 6 positions in RISK_ON
XLP,No clean setup,False,26.06966943383724,,,False,True,no dominant factor,80.52999877929688,78.62675069066192,2.3634026046008727,83.38487091224931,86.23974304520173,16.9063,1361.4643183624269,4999.977709186012,118.16960340836526,1.0,14.999933127558041,0,No actionable pattern today.,Stop 78.63; to breakeven at +1.0R; trail 2.5×ATR from +1.0R; scale 1/2 at T1 (+1.5R); time-stop 15 bars if < +0.5R,size capped at 25% of capital,80.52999877929688,0.9516240443174792,1.1817013023004395,34.77041252922915,30.6526910777781,16.75985966768536,-1.895427677632756,0.9106000991746596,-0.0522666992297981,-0.03615187909341244,-0.003271898247732219,0.1156939395435963,1.1932359381939022,909453754.7236252,0.0,0.0,0.0,0.0,-0.3577134845106396,0.25663716814159293,-0.3577134845106396,-0.4576373014350046,-0.111291693381244,-0.2557550559147771,-0.5709597295130464,-0.7136117263767853,,,,,,,,2026-10-02,False,max 6 positions in RISK_ON
IWM,No clean setup,False,24.889452822628414,,,False,True,no dominant factor,281.5199890136719,274.3068250164366,2.562220900372709,292.33973500952476,303.15948100537764,4.8361,1361.4588188690186,4999.957512296471,128.10995638981555,1.0,14.999872536889413,0,No actionable pattern today.,Stop 274.3; to breakeven at +1.0R; trail 2.5×ATR from +1.0R; scale 1/2 at T1 (+1.5R); time-stop 15 bars if < +0.5R,size capped at 25% of capital,281.5199890136719,3.6065819986176244,1.2811104501863535,40.032879096890426,84.2769230621439,37.09857569938098,-0.8966561916921578,0.924881222808249,-0.039980755587742944,-0.0556866469625209,0.12589633819484525,0.22159035326048082,1.2551592230372026,6913608979.190216,0.0,0.0,0.0,0.0,-0.3899387368484903,0.24778761061946902,-0.3899387368484903,-0.6671556136642947,0.01570961666912024,-0.09297453598686202,-0.9101394838468518,-0.7748714213049883,,,,,,,,2026-10-02,False,max 6 positions in RISK_ON
SLV,No clean setup,False,24.772305475460392,,,False,True,weak momentum; volatility compression,54.7400016784668,51.333624558506614,6.2228297689295795,59.84956735840707,64.95913303834735,15.9873,875.1448288341522,3213.969383893424,199.99984358520257,1.0,9.641908151680274,0,No actionable pattern today.,Stop 51.33; to breakeven at +1.0R; trail 2.5×ATR from +1.0R; scale 1/2 at T1 (+1.5R); time-stop 15 bars if < +0.5R,,54.7400016784668,1.7031885599800904,3.1114148844647875,40.22260288837025,31.39584158034225,13.276377509527979,-1.5128333064903867,0.4984066353988618,-0.0733028278098471,-0.02441630577405518,-0.1679586423968661,0.3766021884147528,1.0227036908536937,897374624.2759705,0.0,0.0,0.0,0.0,-0.3931643069472716,0.23893805309734514,-0.3931643069472716,-0.785738125632722,-0.916670163646186,0.21948682604380798,0.7368706773561833,-0.3482637116191589,,,,,,,,2026-10-02,False,max 6 positions in RISK_ON
ABT,No clean setup,False,24.664802674738468,,,False,True,no dominant factor,97.5,92.90469831016797,4.713129938289258,104.39295253474805,111.28590506949608,11.8509,1155.46275,4243.436949374999,199.9986972734215,1.0,12.730310848125,0,No actionable pattern today.,Stop 92.9; to breakeven at +1.0R; trail 2.5×ATR from +1.0R; scale 1/2 at T1 (+1.5R); time-stop 15 bars if < +0.5R,,97.5,2.297650844916011,2.356564969144627,29.734158768739476,33.05151614857094,31.72363217657052,-2.1380003406830252,0.7368958933710297,-0.11740745068691483,0.026826322998503294,-0.03945334273772394,-0.1531927087963244,0.9412857868764606,903205992.0591736,0.0,0.0,0.0,0.0,-0.3961287878839926,0.23008849557522124,-0.3961287878839926,-0.6031474641396148,-0.5089268430621285,-0.5547173830832828,0.36939832597221967,-0.22774051848468488,,,,,,,,2026-10-02,False,max 6 positions in RISK_ON
XLB,No clean setup,False,23.814424230731703,,,False,True,distribution in volume,48.86000061035156,47.35340619187509,3.083492426640054,51.11989223806627,53.379783865780986,27.8647,1361.4692590072632,4999.995853704174,154.1744934812849,1.0,14.999987561112523,0,No actionable pattern today.,Stop 47.35; to breakeven at +1.0R; trail 2.5×ATR from +1.0R; scale 1/2 at T1 (+1.5R); time-stop 15 bars if < +0.5R,size capped at 25% of capital,48.86000061035156,0.7532972092382358,1.5417462133200242,35.19581914390794,55.80097921720487,20.30384725890241,-1.6107595621419528,0.905791755505945,-0.07299612453959592,-0.05569727239162059,-0.02264653065186173,0.21019202171891305,1.2786938757406394,582577866.6271019,0.0,0.0,0.0,0.0,-0.4197344291721529,0.22123893805309736,-0.4197344291721529,-0.5018672949118657,-0.12272006384297693,-0.32429781909046623,-0.5058114112830349,-1.0550825440273153,,,,,,,,2026-10-02,False,max 6 positions in RISK_ON
XLY,No clean setup,False,23.23645857445503,,,False,True,distribution in volume,110.04000091552734,106.98252747999281,2.778510914300714,114.62621106882915,119.21242122213094,12.3725,1361.469911327362,4999.998249349737,138.92549707302706,1.0,14.999994748049215,0,No actionable pattern today.,Stop 107; to breakeven at +1.0R; trail 2.5×ATR from +1.0R; scale 1/2 at T1 (+1.5R); time-stop 15 bars if < +0.5R,size capped at 25% of capital,110.04000091552734,1.5287367177672673,1.3892554571503577,41.576563581132675,85.76902626547579,24.092583618121854,-0.834136720965005,0.8857219607500707,-0.039854092489970405,-0.06548296710826196,0.021748626184068698,-0.04164705963413018,1.1433141133721527,746984647.0818329,0.0,0.0,0.0,0.0,-0.4359435757962062,0.21238938053097345,-0.4359435757962062,-0.8447769692958563,-0.27520947250775124,0.08016625985943351,-0.3217490708610801,-0.908471305436628,,,,,,,,2026-10-02,False,max 6 positions in RISK_ON
MELI,No clean setup,False,23.211151189010728,,,False,True,no dominant factor,1696.56005859375,1586.011321750251,6.5160520715742285,1862.3831638589986,2028.206269124247,0.4926,835.7254848632812,3069.2018431604,199.99079028204767,1.0,9.207605529481203,0,No actionable pattern today.,Stop 1586; to breakeven at +1.0R; trail 2.5×ATR from +1.0R; scale 1/2 at T1 (+1.5R); time-stop 15 bars if < +0.5R,,1696.56005859375,55.27436842174951,3.2580260357871147,33.48743264295763,35.681501861241486,24.826148625713365,-1.776404235592397,0.698747964824444,-0.15450164172400827,-0.06043152267918661,-0.011052019633487342,-0.0782439158860927,1.063925321098148,1171575678.1396484,0.0,0.0,0.0,0.0,-0.43665652120351356,0.20353982300884957,-0.43665652120351356,-0.7503678468482502,-0.6894574026640844,-0.10324795083116654,0.10392324104079881,-0.21792428406544576,,,,,,,,2026-10-02,False,max 6 positions in RISK_ON
UBER,No clean setup,False,21.436941486237707,,,False,True,weak momentum; volatility compression; distribution in volume,68.11000061035156,64.42733339962592,5.4069405046605405,73.63400142644002,79.15800224252848,14.7878,1007.1970670257568,3698.9312286520917,199.99901084152776,1.0,11.096793685956277,0,No actionable pattern today.,Stop 64.43; to breakeven at +1.0R; trail 2.5×ATR from +1.0R; scale 1/2 at T1 (+1.5R); time-stop 15 bars if < +0.5R,,68.11000061035156,1.841333605362823,2.7034702523302747,36.83137405884916,38.432046153680616,24.882317449580565,-1.3810193120401597,0.6723925350860266,-0.10909086554361713,-0.05951391421661123,-0.0519208785868458,-0.20867408689312517,0.8570474402868532,1355510551.322937,0.0,0.0,0.0,0.0,-0.48735637637406165,0.19469026548672566,-0.48735637637406165,-0.8614772682546598,-0.8308284432058262,-0.031068666324913334,0.9693123002882263,-1.0215346672694643,,,,,,,,2026-10-02,False,max 6 positions in RISK_ON
MS,No clean setup,False,20.83211806858338,,,False,True,distribution in volume,190.30999755859375,180.82420846296722,4.98438821781078,204.53868120203356,218.76736484547334,5.741,1092.5696959838867,4012.462208500824,199.99669356462525,1.0,12.037386625502474,0,No actionable pattern today.,Stop 180.8; to breakeven at +1.0R; trail 2.5×ATR from +1.0R; scale 1/2 at T1 (+1.5R); time-stop 15 bars if < +0.5R,,190.30999755859375,4.742894547813259,2.492194108905387,30.018028255331885,59.75441169454376,36.506186056189605,-2.088743372190175,0.8239294063202846,-0.10154852715447726,-0.13841692307054643,0.16027967302328605,0.3807242373079438,1.3008142716338191,1119782445.4270172,0.0,0.0,0.0,0.0,-0.504987299912146,0.18584070796460178,-0.504987299912146,-0.707214514532243,-0.2415894488421153,-0.5367979696624299,0.05297074771255173,-1.2692695413462995,,,,,,,,2026-10-02,False,max 6 positions in RISK_ON
GS,No clean setup,False,20.557863650254017,,,False,True,distribution in volume,902.5599975585938,854.7978465500913,5.291853299248588,974.2032240713474,1045.8464505841011,1.1402,1029.0989092163086,3779.365744096893,199.99849081966246,1.0,11.338097232290682,0,No actionable pattern today.,Stop 854.8; to breakeven at +1.0R; trail 2.5×ATR from +1.0R; scale 1/2 at T1 (+1.5R); time-stop 15 bars if < +0.5R,,902.5599975585938,23.881075504251235,2.645926649624297,32.13762194515935,46.0739044274458,32.96003807354334,-2.016045571364585,0.7859516763810489,-0.10141174716221646,-0.14053925214839857,0.055545102249277,0.3038347664245067,0.9694375024376194,2041621826.5100098,0.0,0.0,0.0,0.0,-0.513044862601233,0.17699115044247787,-0.513044862601233,-0.7392999474306929,-0.4267104731675302,-0.4927868100276155,0.15839238614912973,-0.978194994137359,,,,,,,,2026-10-02,False,max 6 positions in RISK_ON
AXP,No clean setup,False,19.825920157712563,,,False,True,no dominant factor,302.7799987792969,291.17121882549316,3.8340643373427117,320.19316871000245,337.60633864070803,4.4965,1361.4502645111083,4999.926096417045,191.7003833562175,1.0,14.999778289251138,0,No actionable pattern today.,Stop 291.2; to breakeven at +1.0R; trail 2.5×ATR from +1.0R; scale 1/2 at T1 (+1.5R); time-stop 15 bars if < +0.5R,size capped at 25% of capital,302.7799987792969,5.804389976901855,1.9170321686713543,32.80717371761081,33.848679193702424,30.51563776767847,-1.74778453559595,0.7877500109001863,-0.08242927238449671,-0.1495660483177702,0.011422561477987703,0.01506452166773542,1.2109126476729046,1041598690.332489,0.0,0.0,0.0,0.0,-0.5347507440196401,0.168141592920354,-0.5347507440196401,-0.9325000746324734,-0.6064381298406034,-0.15939149250664128,-0.041701844523903686,-0.6161213950067992,,,,,,,,2026-10-02,False,max 6 positions in RISK_ON
ORCL,No clean setup,False,19.694763997894615,,,False,True,weak momentum; favourable entry timing,142.3000030517578,128.55924620086918,9.656188725372548,162.91113832809077,183.5222736044237,3.9633,563.9776020950317,2071.207743694004,199.99972862562356,1.0,6.213623231082013,0,No actionable pattern today.,Stop 128.6; to breakeven at +1.0R; trail 2.5×ATR from +1.0R; scale 1/2 at T1 (+1.5R); time-stop 15 bars if < +0.5R,,142.3000030517578,6.87037842544432,4.828094362686278,48.31491621725762,89.80275945172583,11.47234020917733,-0.13135430013426067,0.44544109280549854,-0.023670648015383766,-0.006712152106469027,-0.021083535538492737,-0.4899442049580309,1.0732409865411365,5304588783.418121,0.0,0.0,0.0,0.0,-0.5386722143563479,0.1592920353982301,-0.5386722143563479,-0.5586222598757685,-1.265371749526882,0.7115812296259109,-0.36168847550248023,-0.7343871902184279,,,,,,,,2026-10-02,False,max 6 positions in RISK_ON
BAC,No clean setup,False,19.122176869939633,,,False,True,no dominant factor,53.75,51.45761217565293,4.26490758018059,57.188581736520604,60.6271634730412,23.7563,1276.9011249999999,4689.419381562499,199.99940267071676,1.0,14.0682581446875,0,No actionable pattern today.,Stop 51.46; to breakeven at +1.0R; trail 2.5×ATR from +1.0R; scale 1/2 at T1 (+1.5R); time-stop 15 bars if < +0.5R,,53.75,1.1461939121735338,2.1324537900902953,22.30981826258281,6.226727091521923,42.30580507058161,-3.1675622752469357,0.828211477012814,-0.13699301270240127,-0.09809291827452815,0.09973540457827124,0.25512690978912733,1.1529439995455664,2252380355.845108,0.0,0.0,0.0,0.0,-0.5559110113087723,0.1504424778761062,-0.5559110113087723,-0.7250743059686248,-0.2594569805506258,-0.9687480957086515,-0.3001025118669266,-0.5952723717264604,,,,,,,,2026-10-02,False,max 6 positions in RISK_ON
SPGI,No clean setup,False,18.71639033954928,,,False,True,distribution in volume,386.2699890136719,367.0858240882131,4.966517066066909,415.04623640186,443.82248379004824,2.8387,1096.5046178131104,4026.913208918648,199.9973317566472,1.0,12.080739626755944,0,No actionable pattern today.,Stop 367.1; to breakeven at +1.0R; trail 2.5×ATR from +1.0R; scale 1/2 at T1 (+1.5R); time-stop 15 bars if < +0.5R,,386.2699890136719,9.592082462729387,2.4832585330334527,31.94658709395884,8.251238090397308,20.170039397688335,-1.9751411994472319,0.7444274657908018,-0.10525585078133304,-0.13434712507287982,-0.048713640092798105,-0.04420968524052704,1.3883232570929571,786127033.5939026,0.0,0.0,0.0,0.0,-0.568248981708814,0.1415929203539823,-0.568248981708814,-0.7982930385524573,-0.734930240024252,-0.2595917901640213,0.3532809233986612,-1.0759734146575963,,,,,,,,2026-10-02,False,max 6 positions in RISK_ON
XLF,No clean setup,False,17.080449802769433,,,False,True,distribution in volume,53.4900016784668,52.08186132515069,2.632530022677069,55.60221220844096,57.71442273841512,25.4528,1361.4703147216796,4999.999730815368,131.6264940474872,1.0,14.999999192446104,0,No actionable pattern today.,Stop 52.08; to breakeven at +1.0R; trail 2.5×ATR from +1.0R; scale 1/2 at T1 (+1.5R); time-stop 15 bars if < +0.5R,size capped at 25% of capital,53.4900016784668,0.7040701766580539,1.316265011338536,27.51059426073317,23.98088986687189,34.17969733615566,-2.397907453773966,0.91602925288324,-0.06903723271328832,-0.043831299344562535,0.08757012893314986,0.09313890032168026,1.340591072427754,2101913031.945343,0.0,0.0,0.0,0.0,-0.619090452060637,0.13274336283185842,-0.619090452060637,-0.5842702652134177,-0.06750179281287033,-0.578300416053287,-1.2143802234565937,-1.53359775648956,,,,,,,,2026-10-02,False,max 6 positions in RISK_ON
IBM,No clean setup,False,16.5540927101709,,,False,True,weak momentum,222.63999938964844,208.94975300176642,6.149050676164588,243.17536897147147,263.7107385532945,3.9779,885.6396535720825,3252.5116277434727,199.99858823809188,1.0,9.757534883230418,0,No actionable pattern today.,Stop 208.9; to breakeven at +1.0R; trail 2.5×ATR from +1.0R; scale 1/2 at T1 (+1.5R); time-stop 15 bars if < +0.5R,,222.63999938964844,6.845123193941006,3.074525338082294,41.56147085479707,44.747302929692985,13.655420698816986,-0.9879086647341015,0.6744784719234238,-0.039102277418750275,-0.2513451065582174,-0.08975063760160729,-0.1702206826198106,1.0011826634056535,1377706366.6525269,0.0,0.0,0.0,0.0,-0.6358533082376576,0.12389380530973451,-0.6358533082376576,-0.8773249752880378,-1.1749545307259843,0.1367676717727546,0.1859130607676847,-0.7858547569370407,,,,,,,,2026-10-02,False,max 6 positions in RISK_ON
BA,No clean setup,False,16.3969784343099,,,False,True,no dominant factor,193.55999755859375,180.63133571347674,6.679407939754334,212.95299032626926,232.34598309394477,4.2122,815.3134217163087,2994.2385412531435,199.99740685964682,1.0,8.982715623759432,0,No actionable pattern today.,Stop 180.6; to breakeven at +1.0R; trail 2.5×ATR from +1.0R; scale 1/2 at T1 (+1.5R); time-stop 15 bars if < +0.5R,,193.55999755859375,6.464330922558503,3.339703969877167,41.20412676005549,78.558872026301,31.2455684139875,-0.8558241667698184,0.7609985960834555,-0.07329917133384334,-0.17472498038978157,-0.07040631820269028,-0.02941450706701043,1.939243084068421,1662729134.9617004,0.0,0.0,0.0,0.0,-0.6408978302610256,0.11504424778761062,-0.6408978302610256,-1.0300693060136195,-0.7795669195303712,0.14996320913689942,-0.7339700379474191,-0.6091015069929683,,,,,,,,2026-10-02,False,max 6 positions in RISK_ON
KWEB,No clean setup,False,15.51149213375761,,,False,True,weak momentum,23.860000610351562,23.007853670395104,3.571445591609743,25.138221020286252,26.41644143022094,57.0607,1361.4683368270873,4999.992466997478,178.5720105434007,1.0,14.999977400992437,0,No actionable pattern today.,Stop 23.01; to breakeven at +1.0R; trail 2.5×ATR from +1.0R; scale 1/2 at T1 (+1.5R); time-stop 15 bars if < +0.5R,size capped at 25% of capital,23.860000610351562,0.42607346997823003,1.7857227958048743,33.164905612214355,6.468954208645371,21.668100185435918,-2.3752424948952773,0.5837340506140433,-0.07159533455116673,-0.06760451472921836,-0.15058738053608112,-0.3575464842051018,1.0497496000659587,368479190.63676834,0.0,0.0,0.0,0.0,-0.6696973963146162,0.10619469026548672,-0.6696973963146162,-0.9032584476290543,-1.1619108990543947,-0.42907555295873673,0.4103242527723412,-0.41299595095707,,,,,,,,2026-10-02,False,max 6 positions in RISK_ON
XLU,No clean setup,False,15.304773095868178,,,False,True,no dominant factor,39.83000183105469,38.65460160629692,2.9510423568229136,41.593102168191336,43.356202505327985,34.182,1361.4691225891115,4999.995352708512,147.55198069760542,1.0,14.999986058125536,0,No actionable pattern today.,Stop 38.65; to breakeven at +1.0R; trail 2.5×ATR from +1.0R; scale 1/2 at T1 (+1.5R); time-stop 15 bars if < +0.5R,size capped at 25% of capital,39.83000183105469,0.5877001123788815,1.4755211784114532,35.38104657062004,77.33675026235363,34.359820388371176,-1.4425406114759314,0.8463440014209626,-0.05969369518491341,-0.11428548161233154,-0.12863460247965186,-0.010410881308877018,2.158142570060202,1197847882.8165245,0.0,0.0,0.0,0.0,-0.6765144721102536,0.09734513274336283,-0.6765144721102536,-1.0611491940681739,-0.5232564575080878,-0.3258297487985323,-0.9319226826036612,-0.5610089391740011,,,,,,,,2026-10-02,False,max 6 positions in RISK_ON
BKNG,No clean setup,False,13.719818011709133,,,False,True,distribution in volume,159.02000427246094,147.01512570793378,7.5492882920304165,177.02732211925166,195.03463996604242,4.5363,721.3624453811645,2649.2035806623267,199.9960157469916,1.0,7.947610741986981,0,No actionable pattern today.,Stop 147; to breakeven at +1.0R; trail 2.5×ATR from +1.0R; scale 1/2 at T1 (+1.5R); time-stop 15 bars if < +0.5R,,159.02000427246094,6.002439282263586,3.7746441460152114,30.462212802735095,11.516533824241591,32.87513036995615,-1.9067141688434606,0.7132396000243254,-0.20138256945434796,-0.11946061134060626,-0.04749067670023688,-0.06111699805423898,1.056327265293137,1523793865.8691406,0.0,0.0,0.0,0.0,-0.7300639154866044,0.08849557522123894,-0.7300639154866044,-0.9837768897245509,-0.7799053127050621,-0.4337191212052471,-0.2956054433196384,-0.9770101375535685,,,,,,,,2026-10-02,False,max 6 positions in RISK_ON
NEE,No clean setup,False,10.247650703619076,,,False,True,distribution in volume,76.83000183105469,74.07611392730504,3.584391303029387,80.96083368667915,85.09166554230362,17.7205,1361.4660474472046,4999.984059249859,179.21899377260766,1.0,14.999952177749579,0,No actionable pattern today.,Stop 74.08; to breakeven at +1.0R; trail 2.5×ATR from +1.0R; scale 1/2 at T1 (+1.5R); time-stop 15 bars if < +0.5R,size capped at 25% of capital,76.83000183105469,1.3355589392173364,1.7383299588540466,33.190297939897505,87.81446229135595,47.29581992406939,-1.5550907802319074,0.7896174742656916,-0.07545122452702568,-0.1147329050756396,-0.16291224148730088,0.08666842987884427,1.3378166683502,1004939149.1556549,0.0,0.0,0.0,0.0,-0.8568046420666643,0.07964601769911504,-0.8568046420666643,-1.2205964811042047,-0.6155540462892021,-0.5014623866600277,-0.7737993116892073,-1.34836616692265,,,,,,,,2026-10-02,False,max 6 positions in RISK_ON
HD,No clean setup,False,10.236722990591414,,,False,True,weak momentum; distribution in volume,282.8500061035156,269.47758652327116,4.727742369342752,302.9086354738823,322.96726484424903,4.0724,1151.878364855957,4230.273294933502,199.99642290356283,1.0,12.690819884800508,0,No actionable pattern today.,Stop 269.5; to breakeven at +1.0R; trail 2.5×ATR from +1.0R; scale 1/2 at T1 (+1.5R); time-stop 15 bars if < +0.5R,,282.8500061035156,6.68620979012223,2.3638711846713742,26.51507159103153,15.428845841135285,32.591787708613694,-2.5129555726455006,0.7267833289516177,-0.10541459720521595,-0.18741079839681507,-0.10744770943047433,-0.18106433798566812,1.3724650106557985,1527906785.209961,0.0,0.0,0.0,0.0,-0.8572276793459203,0.07079646017699115,-0.8572276793459203,-1.0299750204518408,-0.9692914214259521,-0.6703778452603486,0.028391342703659717,-1.3974674151119364,,,,,,,,2026-10-02,False,max 6 positions in RISK_ON
PEP,No clean setup,False,9.919064282173892,,,False,True,distribution in volume,125.88999938964844,121.46193368834616,3.5174086287797537,132.53209794160185,139.17419649355526,10.8147,1361.462576399231,4999.971311826176,175.86942235868614,1.0,14.99991393547853,0,No actionable pattern today.,Stop 121.5; to breakeven at +1.0R; trail 2.5×ATR from +1.0R; scale 1/2 at T1 (+1.5R); time-stop 15 bars if < +0.5R,size capped at 25% of capital,125.88999938964844,2.2140328506511358,1.7587043143898762,26.05081253396399,23.262424128762376,28.028782500221272,-2.410714464059967,0.7564858683187374,-0.09454267931651983,-0.11204637323527555,-0.18111255891289413,0.010677256703386373,1.0180863028420972,1214527028.0843735,0.0,0.0,0.0,0.0,-0.8696003390375241,0.061946902654867256,-0.8696003390375241,-0.9808961447536841,-0.7271323060325487,-0.8704455332493048,-0.47781758710400357,-1.3936937707334902,,,,,,,,2026-10-02,False,max 6 positions in RISK_ON
TLT,No clean setup,False,9.838752047373887,,,False,True,distribution in volume,77.4800033569336,75.85591764984824,2.096135308104654,79.91613191756163,82.35226047818966,17.5718,1361.4631229873658,4999.9733191711,104.80620613895765,1.0,14.999919957513303,0,No actionable pattern today.,Stop 75.86; to breakeven at +1.0R; trail 2.5×ATR from +1.0R; scale 1/2 at T1 (+1.5R); time-stop 15 bars if < +0.5R,size capped at 25% of capital,77.4800033569336,0.8120428535426805,1.0480676540523302,27.022281089736154,20.884985012591528,25.690514137198154,-2.7125545711702546,0.8791230065661432,-0.050737582353322264,-0.08244917083988113,-0.08635149092060657,-0.04348384696010488,1.8541310235847182,3802131605.1558304,0.0,0.0,0.0,0.0,-0.8727518790289236,0.05309734513274336,-0.8727518790289236,-0.9455139848159568,-0.388151494159307,-0.7120629728939648,-2.182405711412017,-0.8701081564482419,,,,,,,,2026-10-02,False,max 6 positions in RISK_ON
INTU,No clean setup,False,9.073222504156309,,,False,True,weak momentum; distribution in volume,281.0799865722656,255.9158031795978,8.952677029603503,318.8262616612674,356.57253675026914,2.1641,608.28519894104,2233.927393110969,199.99630458106614,1.0,6.701782179332908,0,No actionable pattern today.,Stop 255.9; to breakeven at +1.0R; trail 2.5×ATR from +1.0R; scale 1/2 at T1 (+1.5R); time-stop 15 bars if < +0.5R,,281.0799865722656,12.582091696333915,4.47633851480175,37.11816743435557,67.9948786096636,22.02158737321805,-1.398757319245505,0.4116823717179135,-0.1803814528161084,0.03742578555436671,-0.32967822414487014,-0.48963562458841425,0.9506289319445006,1107955559.3736267,0.0,0.0,0.0,0.0,-0.9032871100327037,0.04424778761061947,-0.9032871100327037,-0.948912570955535,-1.380727632841911,0.0026574139415542594,-0.4496236230842975,-1.4310151540738147,,,,,,,,2026-10-02,False,max 6 positions in RISK_ON
LOW,No clean setup,False,8.02653053383671,,,False,True,weak momentum; distribution in volume,180.8000030517578,171.8299507316625,4.961312040203583,194.25508153190077,207.71016001204373,6.0711,1097.654898527527,4031.1376148423424,199.99731584234868,1.0,12.093412844527029,0,No actionable pattern today.,Stop 171.8; to breakeven at +1.0R; trail 2.5×ATR from +1.0R; scale 1/2 at T1 (+1.5R); time-stop 15 bars if < +0.5R,,180.8000030517578,4.485026160047646,2.4806560201017875,25.497365930615345,1.2568495197983651,27.562595028544713,-2.6068460717753803,0.6237310556424541,-0.09527618912652436,-0.18707045839108694,-0.20880138264839831,-0.1776062639174828,1.140828952247709,635000821.9524384,0.0,0.0,0.0,0.0,-0.9465944128290396,0.035398230088495575,-0.9465944128290396,-1.0755808995422316,-1.2430421704547758,-0.7529250724381943,0.27614779261215594,-1.460748261365776,,,,,,,,2026-10-02,False,max 6 positions in RISK_ON
NVO,No clean setup,False,7.334186887173029,,,False,True,weak momentum; distribution in volume,37.31999969482422,35.18829383174254,5.711966453679571,40.517558489446735,43.71511728406925,25.547,953.4140322036743,3501.413033267994,199.9995378650321,1.0,10.504239099803984,0,No actionable pattern today.,Stop 35.19; to breakeven at +1.0R; trail 2.5×ATR from +1.0R; scale 1/2 at T1 (+1.5R); time-stop 15 bars if < +0.5R,,37.31999969482422,1.065852931540838,2.855983226839783,27.076037975721448,2.5754676590330803,33.153802030978994,-3.1977540045674715,0.6107088459146764,-0.20205261215409676,-0.23270630948984206,0.02208994905228634,-0.17010569844542311,0.9722386254289801,567133419.0462303,0.0,0.0,0.0,0.0,-0.9763284125024109,0.02654867256637168,-0.9763284125024109,-1.0371348409995715,-1.2023684912350918,-1.0532981652601427,0.4236160205351945,-1.5741051625773939,,,,,,,,2026-10-02,False,max 6 positions in RISK_ON
NFLX,No clean setup,False,6.9512423146898,,,False,True,weak momentum; distribution in volume,67.05999755859375,63.10416820323914,5.898940500106936,72.99374159162566,78.92748562465758,13.7667,923.1948683898926,3390.4331541618803,199.9996344599082,1.0,10.171299462485642,0,No actionable pattern today.,Stop 63.1; to breakeven at +1.0R; trail 2.5×ATR from +1.0R; scale 1/2 at T1 (+1.5R); time-stop 15 bars if < +0.5R,,67.05999755859375,1.9779146776773044,2.9494702500534675,31.05639503967032,6.694433850346357,25.83663917274907,-2.901226038739281,0.5370815091365146,-0.18941140048952432,-0.11786371323511335,-0.3202919615910341,-0.29344943253566447,1.1760206296413005,2612330058.6914825,0.0,0.0,0.0,0.0,-0.9931792207931653,0.017699115044247787,-0.9931792207931653,-0.9772928655229576,-1.4238436448503322,-0.8060932689215808,0.279385826757127,-1.5014848465483321,,,,,,,,2026-10-02,False,max 6 positions in RISK_ON
MCD,No clean setup,False,4.091349304403293,,,False,True,weak momentum; distribution in volume,231.88999938964844,222.91571362083266,3.8700615776604237,245.3514280428721,258.81285669609576,5.8711,1361.449375416565,4999.922831217335,193.5000924036133,1.0,14.99976849365201,0,No actionable pattern today.,Stop 222.9; to breakeven at +1.0R; trail 2.5×ATR from +1.0R; scale 1/2 at T1 (+1.5R); time-stop 15 bars if < +0.5R,size capped at 25% of capital,231.88999938964844,4.487142884407882,1.9350307888302092,24.01601477496986,34.36109302872542,46.71111860054607,-2.689904338179376,0.6918378497943029,-0.11136237385697967,-0.16444278694442727,-0.2344789897011016,-0.10933757033223046,1.10992251299454,1489251773.4804535,0.0,0.0,0.0,0.0,-1.1298271536959148,0.008849557522123894,-1.1298271536959148,-1.3470471020046766,-1.0455542883801514,-0.9567517869842218,-0.3712291074166597,-1.9242805167145944,,,,,,,,2026-10-02,False,max 6 positions in RISK_ON
