ticker,setup,eligible,conviction,earnings_flag,earnings_date,veto,liquid,why,entry,stop,stop_pct,t1,t2,units,pos_native,pos_aed,risk_aed,risk_pct,cost_aed,hold_days,entry_note,exit_rule,plan_flags,close,atr,atr_pct,rsi14,rsi2,adx,dist21_atr,pct_52w_high,mom_1m,mom_3m,mom_6m,mom_12_1,rvol,adv20,squeeze_on,breakout20,breakout55,uptrend,composite,comp_rank,composite_final,g_trend,g_momentum,g_timing,g_volatility,g_volume,g_fundamentals,g_sentiment,social_buzz,social_bull,sector,shortName,shortPercentOfFloat,date,selected,skip_reason
MU,No clean setup,False,74.62142121398225,,2026-12-23,False,True,momentum leader; strong trend structure; volume accumulation; quality/growth fundamentals,1074.8900146484375,981.9208150516428,8.64918255168665,1214.3438140436297,1353.7976134388218,0.5857,629.5630815795898,2312.0704171010434,199.9751910986122,1.0,6.936211251303131,0,No actionable pattern today.,Stop 981.9; to breakeven at +1.0R; trail 2.5×ATR from +1.0R; scale 1/2 at T1 (+1.5R); time-stop 15 bars if < +0.5R,55-day high sits before T1 (resistance); crowd euphoric on social (contrarian caution); Ex-dividend 2026-10-14,1074.8900146484375,46.48459979839735,4.324591275843323,59.264294374476385,42.45357366619975,15.075832587173682,0.9716741684098619,0.8566178152483285,0.12426783892025339,0.09153593769833712,1.9353850195172875,4.25728605167939,0.9310667042970141,27127676201.046143,0.0,0.0,0.0,1.0,0.9609792864978152,0.9734513274336283,1.0657574295144476,0.9177359259198218,1.6809717938608093,0.32086039482362205,0.14030621529476714,1.0283361479606528,1.8217166722229428,1.1480233309390107,4.975486644343307,0.9523809523809523,Technology,"Micron Technology, Inc.",0.024500001,2026-10-02,False,not actionable today
ANET,Momentum continuation,True,73.88200208084025,,2026-11-03,False,True,momentum leader; strong trend structure; volatility compression,207.35000610351562,193.6299203764551,6.616872593778001,227.9301346941064,248.51026328469723,1.9846,411.5068221130371,1511.2588042101288,99.99806963683713,0.5,4.533776412630387,15,Half-size starter at market; add on a 2–3 day tight consolidation.,Stop 193.6; to breakeven at +1.0R; trail 2.5×ATR from +1.0R; scale 1/2 at T1 (+1.5R); time-stop 15 bars if < +0.5R,55-day high sits before T1 (resistance),207.35000610351562,6.860042863530268,3.3084362968890004,60.17701825557926,90.49943570957879,17.013239465064384,0.9834859282800672,0.9649123118453691,0.11418591780260323,0.1966182338656004,0.6368014335649153,0.24673411118706268,0.6911166842790228,955404383.8394928,0.0,0.0,0.0,1.0,0.7642712754881306,0.9380530973451328,0.6499028762045933,1.3016536788456625,0.8835492527354749,0.036060686781416766,0.9129833004557422,0.3349153837471646,-0.12333767953294615,0.5081962376738346,2.1392749452295066,1.0,Technology,"Arista Networks, Inc.",0.0127,2026-10-02,True,
XOM,Pullback in uptrend,True,71.55325048039053,,2026-10-30,False,True,strong trend structure; favourable entry timing; volatility compression; volume accumulation,162.2469813661125,154.9684995331539,4.486050693624061,173.16470411555036,184.08242686498826,7.4821,1213.9481392793903,4458.22454150356,199.99821296743858,1.0,13.374673624510683,15,"Limit near the 21-EMA, or at market on the first up-close / reclaim day.",Stop 155; to breakeven at +1.0R; trail 2.5×ATR from +1.0R; scale 1/2 at T1 (+1.5R); time-stop 15 bars if < +0.5R,55-day high sits before T1 (resistance),164.00999450683594,3.5260262814469043,2.1498850067335007,55.12638426166742,85.6460773100496,13.49863154685125,0.5194075131563637,0.9420804412195998,-0.0008528747782757806,0.2098504030467554,0.034242340937941984,0.5082375035093887,0.8251149881441237,2297554136.5920258,0.0,0.0,0.0,1.0,0.7589219494430259,0.9203539823008849,0.5765050205044802,0.8019867801992889,0.6068201891866737,0.6619918952705043,0.6480711021673538,1.309292617105835,-0.049008432135881276,-0.2573169583635256,2.295480817907283,0.8333333333333334,Energy,ExxonMobil Holdings Corporation,0.0108,2026-10-02,True,
NVDA,Momentum continuation,True,71.54723389120086,,2026-11-17,False,True,volatility compression; quality/growth fundamentals,233.9499969482422,219.61441067077993,6.127628324198603,255.45337636443557,276.95675578062895,1.8994,444.3646242034912,1631.9290823873214,99.99854868319986,0.5,4.895787247161965,15,Half-size starter at market; add on a 2–3 day tight consolidation.,Stop 219.6; to breakeven at +1.0R; trail 2.5×ATR from +1.0R; scale 1/2 at T1 (+1.5R); time-stop 15 bars if < +0.5R,55-day high sits before T1 (resistance); crowd euphoric on social (contrarian caution),233.9499969482422,5.902342668442794,2.5229077774891344,63.011079674372624,95.186943693792,16.015164836629253,1.580610318215964,0.9834790320585945,0.04367796703392446,0.1977078628548592,0.3218599940218567,0.20004391571319902,0.9815798149035357,24630934462.001266,0.0,0.0,0.0,1.0,0.4496746461668945,0.8407079646017699,0.5763202891154433,0.6933052585065919,0.7027113154817878,-0.5520199983620809,0.7983632534647375,0.48367510769588645,0.8464938407545225,1.3193118810647537,4.776638146948261,1.0,Technology,NVIDIA Corporation,0.0127,2026-10-02,True,
PANW,Momentum continuation,True,70.92289447184938,,2026-11-19,False,True,momentum leader; strong trend structure; volume accumulation,403.239990234375,353.2769536640306,12.390397227542936,478.18454508989157,553.1290999454081,0.5449,219.72547067871096,806.941791067566,99.983293308321,0.5,2.4208253732026983,15,Half-size starter at market; add on a 2–3 day tight consolidation.,Stop 353.3; to breakeven at +1.0R; trail 2.5×ATR from +1.0R; scale 1/2 at T1 (+1.5R); time-stop 15 bars if < +0.5R,55-day high sits before T1 (resistance),403.239990234375,17.252170695440082,4.278387836834489,62.60249596625163,87.26354823593549,15.676943574032792,1.4892225458353243,0.9847130408653846,0.22759369443384037,0.1278493877748561,1.4706817820387577,0.588394613824625,0.8856297902609557,2327199734.7947693,0.0,0.0,0.0,1.0,0.8962441640122174,0.9646017699115044,0.5572763629081157,1.6585537251349174,1.4336479372758075,-0.1431361531072563,-0.6068564410809416,1.0902866893802126,-0.42460249660039534,-1.1725871864161876,2.445709982166345,0.6363636363636364,Technology,"Palo Alto Networks, Inc.",0.0269,2026-10-02,False,sector cap (Technology)
AMD,Extended (wait),False,70.03633564039458,,2026-11-03,False,True,momentum leader; strong trend structure; volume accumulation,633.9099731445312,576.2180287156938,9.100968098459578,720.4478897877875,806.9858064310437,0.9439,598.3476236511231,2197.4316478587493,199.9875532570794,1.0,6.592294943576248,15,Too far above the 21-EMA. Set an alert for a pullback toward it.,Stop 576.2; to breakeven at +1.0R; trail 2.5×ATR from +1.0R; scale 1/2 at T1 (+1.5R); time-stop 15 bars if < +0.5R,55-day high sits before T1 (resistance); crowd euphoric on social (contrarian caution),633.9099731445312,24.207963262225014,3.8188330027591486,70.0723975533013,93.38921485283393,25.827877615885022,2.4758613976851342,0.9821057099821214,0.38692945462431516,0.1482836467016857,1.9145286121587644,1.7867813722751116,0.8034101853164892,12885467729.176636,0.0,0.0,0.0,1.0,0.9752923565510953,0.9823008849557522,0.8678543049244117,1.0743204401677076,2.0408363424439897,-0.7681939849603145,-0.5245647656196323,2.228462859023477,-0.1717683687273677,1.047972565562722,3.8943714421749207,1.0,Technology,"Advanced Micro Devices, Inc.",0.024600001,2026-10-02,False,not actionable today
AAPL,Pullback in uptrend,True,69.7272380695731,,2026-10-29,False,True,favourable entry timing,331.0239878134042,316.95720944015784,4.249474023367659,352.12415537327365,373.2243229331432,3.8714,1281.5262664208128,4706.405213430435,199.9974669791476,1.0,14.119215640291307,15,"Limit near the 21-EMA, or at market on the first up-close / reclaim day.",Stop 317; to breakeven at +1.0R; trail 2.5×ATR from +1.0R; scale 1/2 at T1 (+1.5R); time-stop 15 bars if < +0.5R,55-day high sits before T1 (resistance),333.69000244140625,7.033389186623164,2.1077614358129235,54.73837266257534,62.385708386206694,17.18980161634564,0.37905120238086354,0.9662651473329904,0.026864879418655896,0.06818197581868257,0.306210883034,0.2768071717971887,0.8356896502573355,13988005526.706696,0.0,0.0,0.0,1.0,0.5779472807921069,0.8938053097345132,0.5214641684324177,0.711579735636536,0.462786582086274,0.7760082047960724,0.4465838692263068,0.4328561434276827,-0.2556137413968864,0.8466771793842073,3.239854360043986,1.0,Technology,Apple Inc.,0.0088,2026-10-02,False,sector cap (Technology)
ABBV,Pullback in uptrend,True,68.9150309398419,,2026-10-30,False,True,strong trend structure; favourable entry timing,261.6535857869471,251.34567692652473,3.9395251662309025,277.1154490775806,292.5773123682141,5.2033,1361.4621029252216,4999.969572992876,196.97505963194217,1.0,14.99990871897863,15,"Limit near the 21-EMA, or at market on the first up-close / reclaim day.",Stop 251.3; to breakeven at +1.0R; trail 2.5×ATR from +1.0R; scale 1/2 at T1 (+1.5R); time-stop 15 bars if < +0.5R,size capped at 25% of capital; 55-day high sits before T1 (resistance); Ex-dividend 2026-10-15,262.82000732421875,5.153954430211176,1.9610205793249138,53.7830263777835,64.58549484299907,17.22191940201318,0.2263158421491673,0.9756115410112999,0.004202988301944988,0.038980752205142855,0.27794793170970866,0.10417910997357627,0.9712056803527493,1115368080.0350952,0.0,0.0,0.0,1.0,0.5489849143132302,0.8849557522123894,0.497593698570218,0.9135515022737014,0.3286015433934055,0.5677559446340978,0.444129515504944,0.4475090190188329,0.1599539714158976,0.42410369978044127,1.865845913517087,1.0,Healthcare,AbbVie Inc.,0.0123000005,2026-10-02,True,
MRK,Squeeze (pre-breakout),True,67.58374238650018,,2026-10-29,False,True,strong trend structure; favourable entry timing; volatility compression; Bollinger/Keltner squeeze on,153.90589798278174,142.14972493307673,7.638546153065711,171.54015755733926,189.17441713189677,4.6323,712.9382912256398,2618.265874526162,199.99744723565044,1.0,7.854797623578487,15,Buy-stop just above the 20-day high (+0.1 ATR). Let price trigger it; don't anticipate.,Stop 142.1; to breakeven at +1.0R; trail 2.5×ATR from +1.0R; scale 1/2 at T1 (+1.5R); time-stop 15 bars if < +0.5R,55-day high sits before T1 (resistance),144.3000030517578,3.3589065856300038,2.3277245423378297,46.946938456416056,25.319146266471066,25.88830148126786,-0.5891110939881794,0.9250049733246484,-0.04278701829089182,0.1449106965310405,0.2095274260394535,0.7216995077690342,0.866075946855062,1442704312.9659271,1.0,0.0,0.0,1.0,0.7590036977490824,0.9292035398230089,0.4591921135872225,1.212049120037414,0.6690586519662899,0.8212237043153267,1.090712810912475,-0.3472636553833593,-0.18466942227055114,-1.2954390238498823,2.226614887211433,0.625,Healthcare,"Merck & Company, Inc.",0.0139999995,2026-10-02,True,
CRWD,Extended (wait),False,67.37063043761538,,2026-12-01,False,True,momentum leader; strong trend structure; volume accumulation; new 55-day high,270.0400085449219,229.98943233066552,14.831349039745653,330.1158728663064,390.19173718769093,1.3597,367.17339961853025,1348.4443100990522,199.9924822373807,1.0,4.045332930297157,15,Too far above the 21-EMA. Set an alert for a pullback toward it.,Stop 230; to breakeven at +1.0R; trail 2.5×ATR from +1.0R; scale 1/2 at T1 (+1.5R); time-stop 15 bars if < +0.5R,,270.0400085449219,11.443021775501817,4.237528297070188,68.74572609292407,95.51452047200755,25.260903150936112,2.144801532376257,0.9872228597057188,0.32749980815871904,0.35439864545915967,1.7063540975002685,0.6274902123821064,0.7622174910189922,2567842016.8593597,0.0,1.0,1.0,1.0,1.0321310499168261,1.0,0.7683491600670554,2.0414658621063335,1.8629592814778335,-0.7428333647000337,-0.7207973204450311,1.3517658389224378,-0.47269498082912104,-0.10086181783493282,2.9598040831868118,0.8235294117647058,Technology,"CrowdStrike Holdings, Inc.",0.0277,2026-10-02,False,not actionable today
TMO,Pullback in uptrend,True,67.34259683720545,Earnings in 17d — binary gap risk,2026-10-21,False,True,strong trend structure; favourable entry timing; volume accumulation,649.147570318308,618.006477360626,4.797228608960517,695.859209754831,742.5708491913539,1.7487,1135.164356215625,4168.891098201882,199.99123643934905,1.0,12.506673294605648,15,"Limit near the 21-EMA, or at market on the first up-close / reclaim day.",Stop 618; to breakeven at +1.0R; trail 2.5×ATR from +1.0R; scale 1/2 at T1 (+1.5R); time-stop 15 bars if < +0.5R,55-day high sits before T1 (resistance),654.7999877929688,15.570546478840967,2.377908791862101,56.663828326622586,18.92563520255392,42.11069179020852,0.36301985176576174,0.9578280401914399,0.07684275410549546,0.26603923145795494,0.3347145059578076,0.14975747343055934,1.0029975276590053,1499171467.3980713,0.0,0.0,0.0,1.0,1.0023987478954972,0.9911504424778761,0.7673488834579839,1.9353658115731651,0.7559469795301972,0.7039692275940185,-0.028306813719327598,1.2309438835204536,-0.5009530048085128,0.15525185622437485,0.9916672872181933,1.0,Healthcare,Thermo Fisher Scientific Inc,0.0136,2026-10-02,False,sector cap (Healthcare)
PLTR,No clean setup,False,67.18471519302051,,2026-11-02,False,True,strong trend structure; volume accumulation,188.75,175.1916768366589,7.18321756998204,209.08748474501164,229.4249694900233,4.0166,758.1332500000001,2784.2443606250004,199.99833010364912,1.0,8.352733081875002,0,No actionable pattern today.,Stop 175.2; to breakeven at +1.0R; trail 2.5×ATR from +1.0R; scale 1/2 at T1 (+1.5R); time-stop 15 bars if < +0.5R,55-day high sits before T1 (resistance),188.75,6.273270680708159,3.323587115606972,61.17985788011922,50.31067997119574,27.517550762378455,1.0399671234778505,0.9095508679355216,0.11383212865501613,0.4240984575313709,0.2713861744852626,-0.08375231408470818,0.5060756695436076,4140820168.4645844,0.0,0.0,0.0,1.0,0.8656845143434546,0.9557522123893806,0.7617317187984599,1.7834445545374156,0.7866040576329929,0.009653216582769972,0.3192081973539775,1.0583888393621896,0.21339475515342426,0.4784463180835372,3.8060700254207522,0.8888888888888888,Technology,Palantir Technologies Inc.,0.027999999,2026-10-02,False,not actionable today
CRM,Pullback in uptrend,True,66.21639260405405,,2026-12-02,False,True,strong trend structure; favourable entry timing; distribution in volume,234.69000244140625,217.11855613536676,7.487087700050817,261.0471719004655,287.4043413595247,3.0992,727.3512555664063,2671.197486067627,199.99489842343596,1.0,8.013592458202881,15,"Limit near the 21-EMA, or at market on the first up-close / reclaim day.",Stop 217.1; to breakeven at +1.0R; trail 2.5×ATR from +1.0R; scale 1/2 at T1 (+1.5R); time-stop 15 bars if < +0.5R,,234.69000244140625,8.785723153019738,3.743543850025406,51.49425234331146,62.318079730265396,19.7712640073224,-0.030573710123904148,0.8763666994100537,-0.08495345713668345,0.4192749211426474,0.2624169265128464,0.09743377467229286,0.7485836259176508,2912990248.0052185,0.0,0.0,0.0,1.0,0.43899489852848284,0.831858407079646,0.42059522384302156,0.9011302481493866,0.7915192491141786,0.7365561373807377,-0.019155128685383636,-1.3547785082420807,0.1527555006475954,0.5412375495547569,2.2467096135179334,1.0,Technology,"Salesforce, Inc.",0.0454,2026-10-02,False,sector cap (Technology)
MSFT,Momentum continuation,True,65.69141557397165,,2026-10-28,False,True,momentum leader; strong trend structure,517.530029296875,488.3244948841538,5.643254064387398,561.3383309159568,605.1466325350386,0.9323,482.49324631347656,1771.9564470862426,99.99600421936893,0.5,5.315869341258729,15,Half-size starter at market; add on a 2–3 day tight consolidation.,Stop 488.3; to breakeven at +1.0R; trail 2.5×ATR from +1.0R; scale 1/2 at T1 (+1.5R); time-stop 15 bars if < +0.5R,55-day high sits before T1 (resistance),517.530029296875,11.582025346197247,2.2379426681641608,62.700696025242515,91.61115529424146,36.37915329220842,1.2756629000117463,0.9423320985128818,0.04168516095838526,0.3407051562809811,0.39138679429888623,-0.03617844986680385,0.7612152810976881,10681883933.50296,0.0,0.0,0.0,1.0,0.6392028244196128,0.911504424778761,0.40598291144338744,1.5135999692356867,0.8035129300764872,-0.41592368357611925,0.4767152795424126,0.22481057751607714,-0.09294340816017665,-0.9608500727628524,3.1341786074944262,0.6363636363636364,Technology,Microsoft Corporation,0.0091,2026-10-02,False,sector cap (Technology)
XLE,Pullback in uptrend,True,64.6650096325686,,,False,True,favourable entry timing,62.689737341118736,60.276630904438086,3.849284650133432,66.30939699613971,69.92905665116069,21.7175,1361.4643707057462,4999.977901416853,192.46338186930262,1.0,14.999933704250559,15,"Limit near the 21-EMA, or at market on the first up-close / reclaim day.",Stop 60.28; to breakeven at +1.0R; trail 2.5×ATR from +1.0R; scale 1/2 at T1 (+1.5R); time-stop 15 bars if < +0.5R,size capped at 25% of capital; 55-day high sits before T1 (resistance),62.81999969482422,1.2065532183403263,1.920651423434717,51.64936413599751,87.59674416253682,18.716151937732583,0.107962377229133,0.9550159741988189,-0.029287222624625575,0.18941096231654475,0.07424704500107349,0.49004905776315777,1.0792720242658578,2191601269.854107,0.0,0.0,0.0,1.0,0.46719697220417195,0.8672566371681416,0.37771659018281784,0.45426661632541027,0.6133124281827322,0.768526522780484,0.22365937435970584,-0.08068768400470776,,-0.33812646598801493,2.561784953597047,0.8,ETF,State Street Energy Select Sect,,2026-10-02,False,correlated with XOM (0.86)
DE,Squeeze (pre-breakout),True,63.43759542308129,,2026-11-25,False,True,strong trend structure; favourable entry timing; volatility compression; Bollinger/Keltner squeeze on,721.2701539779652,659.4217955361123,8.574922738830297,814.0426916407444,906.8152293035237,0.8805,635.0783705775983,2332.3253159462297,199.99509386056883,1.0,6.99697594783869,15,Buy-stop just above the 20-day high (+0.1 ATR). Let price trigger it; don't anticipate.,Stop 659.4; to breakeven at +1.0R; trail 2.5×ATR from +1.0R; scale 1/2 at T1 (+1.5R); time-stop 15 bars if < +0.5R,,687.0,17.670959554815102,2.5721920749366958,56.5749100432701,78.20818162799776,18.751781843156714,0.6032932940020709,0.9548256846721171,-0.013933335114637901,0.08406177600971598,0.19925703608625556,0.559907743574694,1.0094737326443153,866130007.1170044,1.0,0.0,0.0,1.0,0.614566954268551,0.9026548672566371,0.3443975989466036,1.0371259782565299,0.5369850479309451,0.6037518255570415,0.7102477618525199,-0.11605444238009734,-0.743119418434241,-0.7294402262481307,1.000841021375484,0.8181818181818182,Industrials,Deere & Company,0.0208,2026-10-02,True,
EEM,Pullback in uptrend,True,63.11937680798574,,,False,True,favourable entry timing,67.2676976223541,65.20110227207607,3.0721957541642895,70.36759064777115,73.46748367318821,20.2395,1361.464566027636,4999.978618736493,153.60913083394482,1.0,14.999935856209483,15,"Limit near the 21-EMA, or at market on the first up-close / reclaim day.",Stop 65.2; to breakeven at +1.0R; trail 2.5×ATR from +1.0R; scale 1/2 at T1 (+1.5R); time-stop 15 bars if < +0.5R,size capped at 25% of capital; 55-day high sits before T1 (resistance),67.66999816894531,1.033297675139016,1.526965720553559,52.87016512899398,80.79146159411957,9.424409881179544,0.38933654480262175,0.9455078728167028,0.007743806868954595,0.0014799241464071855,0.20200975469609062,0.27211048207671107,0.9652369526430757,1325869766.1748505,0.0,0.0,0.0,1.0,0.33583844186330797,0.7610619469026548,0.33583844186330797,0.22471930765121836,0.2328017526294698,0.7366825419193385,0.05545459229966292,0.49478613285168144,,,,,ETF,iShares MSCI Emerging Index Fun,,2026-10-02,False,max 6 positions in RISK_ON
META,Momentum continuation,True,63.04293813439251,,2026-10-28,False,True,strong trend structure; volume accumulation,728.0800170898438,673.2434722644541,7.531664588814406,810.3348343279282,892.5896515660127,0.4965,361.49172848510744,1327.578372861557,99.98875019757236,0.5,3.9827351185846713,15,Half-size starter at market; add on a 2–3 day tight consolidation.,Stop 673.2; to breakeven at +1.0R; trail 2.5×ATR from +1.0R; scale 1/2 at T1 (+1.5R); time-stop 15 bars if < +0.5R,55-day high sits before T1 (resistance),728.0800170898438,25.426013285933372,3.492200402307683,61.53780691437723,48.65340923975958,39.68607701713215,1.3223445524086443,0.9336513685870802,0.2290708842756044,0.21383774642211906,0.2695921368463412,-0.17139448036508664,0.9785252567674365,16626034997.92389,0.0,0.0,0.0,1.0,0.3810083533956531,0.7787610619469026,0.3337870645561888,0.9648828836342656,0.4166361577417315,-0.12120555457795609,-0.5571025743153497,0.8156215717246481,-0.04398324615952598,,,,Communication Services,"Meta Platforms, Inc.",0.014099999,2026-10-02,False,max 6 positions in RISK_ON
AMGN,Pullback in uptrend,True,62.605804947856505,,2026-11-03,False,True,strong trend structure; favourable entry timing,403.0400085449219,379.31700375255923,5.886017340563483,438.62451573346584,474.2090229220098,2.2956,925.2186436157226,3397.8654686787413,199.99895069544934,1.0,10.193596406036226,15,"Limit near the 21-EMA, or at market on the first up-close / reclaim day.",Stop 379.3; to breakeven at +1.0R; trail 2.5×ATR from +1.0R; scale 1/2 at T1 (+1.5R); time-stop 15 bars if < +0.5R,,403.0400085449219,10.33196057570053,2.5635074326743803,47.83912144627479,9.60189754925986,27.05154503496741,-0.39826353552038923,0.9015949928315811,-0.0898744199306718,0.10630771768293523,0.1739285718412662,0.5247050667431035,1.0995274981066512,1322948525.081787,0.0,0.0,0.0,1.0,0.5299782320357869,0.8761061946902655,0.3220890779618764,0.8782437763695474,0.43422531009105014,0.7073519281011774,-0.052975415436708584,0.38972255160451663,-0.22138353742884628,-0.7975515392386843,1.294691886475496,0.7857142857142857,Healthcare,Amgen Inc.,0.025999999,2026-10-02,False,max 6 positions in RISK_ON
LLY,Mean-reversion bounce,True,62.04766409738808,,,False,True,favourable entry timing; volatility compression,1142.8499755859375,1079.0249340653643,5.584726156891259,1238.5875378667974,1334.3251001476572,0.8532,975.0795991699218,3580.979827951538,199.98791712460917,1.0,10.742939483854617,7,Buy at market; exit on a close above the 8-EMA or after 5–7 days.,Stop 1079; to breakeven at +1.0R; trail 2.5×ATR from +1.0R; scale 1/2 at T1 (+1.5R); time-stop 15 bars if < +0.5R,,1142.8499755859375,31.91252076028666,2.792363078445634,43.048639147525705,3.640632677162216,17.531826003292146,-0.6075074915577472,0.8841139937346716,-0.01485240769726548,-0.046308047663068286,0.2253979223582252,0.4143059369931701,0.8885077349356526,2597997029.538574,0.0,0.0,0.0,0.0,0.3196579192857704,0.7256637168141593,0.3072323821214509,0.03976728191286815,0.10433997472798205,0.6403725536856277,0.7736733935714587,0.48264662954057175,0.2078280848068943,,,,Healthcare,Eli Lilly and Company,0.0084,2026-10-02,False,max 6 positions in RISK_ON
MRVL,No clean setup,False,61.79532505588131,,2026-12-01,False,True,momentum leader; strong trend structure; volume accumulation; new 55-day high,272.2900085449219,241.7386257798446,11.220162990312945,318.1170826925378,363.9441568401537,1.7825,485.3569402313232,1782.4733629995344,199.9964165874603,1.0,5.347420088998604,0,No actionable pattern today.,Stop 241.7; to breakeven at +1.0R; trail 2.5×ATR from +1.0R; scale 1/2 at T1 (+1.5R); time-stop 15 bars if < +0.5R,Ex-dividend 2026-10-09,272.2900085449219,13.005518853277817,4.7763481747925365,64.99195427292499,92.2225952312931,22.499939816405476,1.7678009670444925,0.825625004996225,0.31872343170823436,0.0926191501047322,1.5440529967380296,1.466562336832736,0.7465962062122121,4334792136.428375,0.0,1.0,1.0,1.0,0.8095495630286029,0.9469026548672567,0.5839572630796516,1.02137728648728,1.467262706678639,-0.3254721443473865,-0.3517094437717876,1.6054028248505323,-0.3055670172856045,-0.3312568561467048,2.9368272057033376,0.7777777777777778,Technology,"Marvell Technology, Inc.",0.0418,2026-10-02,False,max 6 positions in RISK_ON
CVX,Pullback in uptrend,True,61.77929985641128,,,False,True,favourable entry timing; quality/growth fundamentals,206.36325525816548,198.18418274577667,3.963434528185066,218.6318640267487,230.90047279533192,6.5974,1361.460940240221,4999.9653030322115,198.17035121765173,1.0,14.999895909096638,15,"Limit near the 21-EMA, or at market on the first up-close / reclaim day.",Stop 198.2; to breakeven at +1.0R; trail 2.5×ATR from +1.0R; scale 1/2 at T1 (+1.5R); time-stop 15 bars if < +0.5R,size capped at 25% of capital; 55-day high sits before T1 (resistance),206.69000244140625,4.0895362561944015,1.9785844539596096,51.930267588900776,67.72555893851603,17.601507304506672,0.07989834611341247,0.9490770667643842,-0.024034358141606593,0.24029633861933886,0.05746318491239122,0.42402075330244293,0.7939793488795033,2052372150.7943726,0.0,0.0,0.0,1.0,0.45732889205660415,0.8584070796460177,0.30011943572174365,0.5087215984313588,0.6496427558287932,0.7927590998698677,0.4399216039743931,-0.6119792037610629,0.5510455026709837,-1.2084822819063805,1.8480340630055307,0.6666666666666666,Energy,Chevron Corporation,0.0106,2026-10-02,False,max 6 positions in RISK_ON
XBI,Squeeze (pre-breakout),True,61.29697153685505,,,False,True,volatility compression; Bollinger/Keltner squeeze on,166.3666821462819,152.13304201176723,8.555583336090937,187.71714234805393,209.06760254982592,3.826,636.5189258916746,2337.615755337175,199.99666402546364,1.0,7.0128472660115255,15,Buy-stop just above the 20-day high (+0.1 ATR). Let price trigger it; don't anticipate.,Stop 152.1; to breakeven at +1.0R; trail 2.5×ATR from +1.0R; scale 1/2 at T1 (+1.5R); time-stop 15 bars if < +0.5R,55-day high sits before T1 (resistance),154.42999267578125,4.066754324147048,2.6333966956049877,43.54840709599936,17.592550431193132,11.488095795926792,-0.7356296212461007,0.9089999012925467,-0.06615470015375968,-0.03967418058375283,0.1986784686201437,0.6380309811087483,1.0099499229064812,1377620081.261673,1.0,0.0,0.0,1.0,0.2873828661997895,0.6814159292035398,0.2873828661997895,0.175773300852662,0.25866556338799274,0.4676513175562092,0.787945899730044,-0.1885704566413482,,,,,ETF,State Street SPDR S&P Biotech E,,2026-10-02,False,max 6 positions in RISK_ON
COP,Pullback in uptrend,True,60.740891550254105,,,False,True,favourable entry timing,126.75,120.4291981359072,4.986825928278344,136.2312027961392,145.7124055922784,8.6158,1092.05265,4010.563357125,199.99981336313985,1.0,12.031690071375001,15,"Limit near the 21-EMA, or at market on the first up-close / reclaim day.",Stop 120.4; to breakeven at +1.0R; trail 2.5×ATR from +1.0R; scale 1/2 at T1 (+1.5R); time-stop 15 bars if < +0.5R,,126.75,3.1604009320463993,2.493412964139171,44.8978708920438,61.641120964703774,20.0015359953075,-0.7537004569769127,0.895000736973032,-0.07616616020905875,0.23185366683757858,-0.015142150546991862,0.4825628349004478,0.9287470982087592,902110895.7458496,0.0,0.0,0.0,1.0,0.2849482056928802,0.672566371681416,0.2727710362064833,0.20360012653333115,0.5057330981643297,0.6358989083700404,0.35255871534342337,-0.6983544308329289,0.17535368031530807,,,,Energy,ConocoPhillips,0.0134000005,2026-10-02,False,max 6 positions in RISK_ON
PFE,Pullback in uptrend,True,60.68841978585373,,,False,True,favourable entry timing; volume accumulation,27.799999237060547,26.77094673638495,3.701627801858906,29.343577988073942,30.887156739087338,48.9737,1361.4688226360322,4999.994251130828,185.08117729120576,1.0,14.999982753392487,15,"Limit near the 21-EMA, or at market on the first up-close / reclaim day.",Stop 26.77; to breakeven at +1.0R; trail 2.5×ATR from +1.0R; scale 1/2 at T1 (+1.5R); time-stop 15 bars if < +0.5R,size capped at 25% of capital; 55-day high sits before T1 (resistance),27.799999237060547,0.5145262503377976,1.8508139009294502,47.885719513813015,3.028834035327634,29.46993605040465,-0.4874004280441718,0.9517288636903234,-0.04204001383386402,0.19250975369192114,0.015298150017080347,0.14131711723105633,0.8734387527538037,906464677.5559807,0.0,0.0,0.0,1.0,0.4095707681924405,0.8053097345132744,0.271396102892994,-0.012774621780310372,0.40650083545144716,0.8241866712334315,0.14337299315079388,0.9062103004705854,-0.009118530050362568,-0.5534865865592212,2.6551234949973095,0.75,Healthcare,"Pfizer, Inc.",0.0272,2026-10-02,False,max 6 positions in RISK_ON
NOW,Squeeze (pre-breakout),True,59.83509982306701,,,False,True,strong trend structure; favourable entry timing; Bollinger/Keltner squeeze on,148.17394920319012,127.03598343919187,14.265642427476829,179.8808978491875,211.58784649518486,2.5763,381.74054533217867,1401.9421527324262,199.99605454887896,1.0,4.205826458197279,15,Buy-stop just above the 20-day high (+0.1 ATR). Let price trigger it; don't anticipate.,Stop 127; to breakeven at +1.0R; trail 2.5×ATR from +1.0R; scale 1/2 at T1 (+1.5R); time-stop 15 bars if < +0.5R,55-day high sits before T1 (resistance),134.3800048828125,6.039418789713787,4.494283799870766,50.348044298580824,42.558365459132624,19.030025656235196,-0.10947466224722457,0.696392123496191,-0.01711524515065821,0.2450662883614234,0.31745102826286775,-0.25079180380423705,0.580298435291449,1612095306.066742,1.0,0.0,0.0,1.0,0.30943777226499025,0.7168141592920354,0.24912434876983464,0.9735296133047789,-0.0241568327198049,0.8889621040609387,-0.05072953178602824,-0.6938785909955033,-0.2333830391914105,,,,Technology,"ServiceNow, Inc.",0.0279,2026-10-02,False,max 6 positions in RISK_ON
ETN,Pullback in uptrend,True,59.35525836480487,,,False,True,volume accumulation,429.1235896315875,401.1780067516875,6.512245785390615,471.0419639514374,512.9603382712874,1.9487,836.2331391150746,3071.066203400111,199.99537939747933,1.0,9.213198610200335,15,"Limit near the 21-EMA, or at market on the first up-close / reclaim day.",Stop 401.2; to breakeven at +1.0R; trail 2.5×ATR from +1.0R; scale 1/2 at T1 (+1.5R); time-stop 15 bars if < +0.5R,,436.1099853515625,13.972791439949999,3.2039604478870336,56.306738183937576,60.98815910822413,11.305079953632923,0.6928270882740506,0.9123639860911349,0.11579884493096282,0.05747901129653776,0.2140435504171072,0.05715739176400403,0.9271879668505075,891145561.4924622,0.0,0.0,0.0,1.0,0.32589360305110543,0.7345132743362832,0.23666952863174534,0.5324134736713124,0.16849799319093328,0.43278463080430807,-0.13697568610323974,0.6088756339856626,-0.47712306672313504,,,,Industrials,"Eaton Corporation, PLC",0.02,2026-10-02,False,max 6 positions in RISK_ON
GILD,Pullback in uptrend,True,59.0845974247767,,,False,True,volatility compression,144.74000549316406,137.8578239784603,4.754857850982196,155.0632777652197,165.38655003727538,7.913,1145.3276634674073,4206.215844084053,199.99958429168765,1.0,12.618647532252162,15,"Limit near the 21-EMA, or at market on the first up-close / reclaim day.",Stop 137.9; to breakeven at +1.0R; trail 2.5×ATR from +1.0R; scale 1/2 at T1 (+1.5R); time-stop 15 bars if < +0.5R,55-day high sits before T1 (resistance),144.74000549316406,3.4410907573518847,2.3774289254910967,44.47660643147732,2.971389717737779,28.576166048049178,-0.9495823788071983,0.9367657548976168,-0.027102356766363522,0.12302457761442898,0.04868524101114091,0.37155884738395706,0.8288388702556909,880393569.9530792,0.0,0.0,0.0,1.0,0.2876336610206205,0.6902654867256637,0.22966480521097485,0.1532300983059348,0.38364491699741277,0.4439579057415829,0.5152674471867097,-0.145707506739522,-0.2340860412661902,,,,Healthcare,"Gilead Sciences, Inc.",0.0148,2026-10-02,False,max 6 positions in RISK_ON
BRK-B,Pullback in uptrend,True,57.376354343027074,,,False,True,favourable entry timing; volume accumulation,502.6499938964844,491.1416277427239,2.2895387035716306,519.912543127125,537.1750923577657,2.7085,1361.4275084686278,4999.842524851036,114.47332972409748,1.0,14.99952757455311,15,"Limit near the 21-EMA, or at market on the first up-close / reclaim day.",Stop 491.1; to breakeven at +1.0R; trail 2.5×ATR from +1.0R; scale 1/2 at T1 (+1.5R); time-stop 15 bars if < +0.5R,size capped at 25% of capital,502.6499938964844,5.754183076880216,1.1447693517858137,46.50038243192086,71.35544578857062,10.307707042326987,-0.4106438402700977,0.934745421625428,-0.005126269471838807,-0.007757891705065689,0.05300091645433502,0.014130826685765374,1.0318402857438471,2368481074.551239,0.0,0.0,0.0,1.0,0.1857644447211842,0.6371681415929203,0.1857644447211842,-0.037744516689087106,-0.024385142640209717,0.6679934512016845,-0.26508230835437446,0.8856595793000196,,,,,,,,2026-10-02,False,max 6 positions in RISK_ON
VRTX,Pullback in uptrend,True,56.501887402673596,,,False,True,volatility compression,504.7300109863281,480.7316595022128,4.75469081721899,540.7275382125011,576.7250654386742,2.2692,1145.3333409301758,4206.236694566071,199.99354986702855,1.0,12.618710083698213,15,"Limit near the 21-EMA, or at market on the first up-close / reclaim day.",Stop 480.7; to breakeven at +1.0R; trail 2.5×ATR from +1.0R; scale 1/2 at T1 (+1.5R); time-stop 15 bars if < +0.5R,,504.7300109863281,11.999175742057686,2.377345408609498,39.03390027350097,2.9553126489803105,16.39118270169661,-1.2676355847285907,0.9009014029207106,-0.09343509477085199,-0.04694200156440109,0.15048670150474597,0.37737812466190457,0.8419582385340443,522942407.9766846,0.0,0.0,0.0,1.0,0.16347280897836583,0.6194690265486725,0.16347280897836583,0.1735208137576713,0.07272578144574053,0.1839266222483851,0.712847130935376,-0.2098106736107215,,,,,,,,2026-10-02,False,max 6 positions in RISK_ON
KO,Pullback in uptrend,True,56.34218630973014,,,False,True,no dominant factor,85.6500015258789,83.21899652125433,2.8383011807536973,89.29650903281578,92.94301653975265,15.8957,1361.4667292549134,4999.98656318867,141.9146776605102,1.0,14.99995968956601,15,"Limit near the 21-EMA, or at market on the first up-close / reclaim day.",Stop 83.22; to breakeven at +1.0R; trail 2.5×ATR from +1.0R; scale 1/2 at T1 (+1.5R); time-stop 15 bars if < +0.5R,size capped at 25% of capital,85.6500015258789,1.215502502312293,1.4191505903768518,38.374127026843354,2.167452484851921,15.38945468089398,-1.3895214564870493,0.9315719514398593,-0.023559760873702373,0.03858590151586139,0.13030978131348436,0.3484340148382785,1.051451075196829,1385694870.9542084,0.0,0.0,0.0,1.0,0.15941330829611075,0.6106194690265486,0.15941330829611075,0.12050303925517755,0.26217076660960037,0.18363737208436587,0.2337493640023637,-0.13033195079438256,,,,,,,,2026-10-02,False,max 6 positions in RISK_ON
SMH,Extended (wait),False,56.30753050312454,,,False,True,volume accumulation; new 55-day high,630.5999755859375,577.034456784017,8.494373751307037,710.9482537888182,791.2965319916989,1.0166,641.067935180664,2354.3219919509884,199.98490930553376,1.0,7.062965975852966,15,Too far above the 21-EMA. Set an alert for a pullback toward it.,Stop 577; to breakeven at +1.0R; trail 2.5×ATR from +1.0R; scale 1/2 at T1 (+1.5R); time-stop 15 bars if < +0.5R,,630.5999755859375,15.304433943405861,2.42696392894487,68.60750947533504,97.55892744128518,17.970256833476554,2.6044989117926445,0.9386302480462219,0.1455457018599713,0.04352141043229518,0.6073612454457384,0.654807936122922,0.6803655444719534,3769767338.3502197,0.0,1.0,1.0,1.0,0.4346168575129582,0.8230088495575221,0.42314319854314,0.6823285606761805,0.7341261585253478,-0.8971459344297101,0.24914916542354162,1.3735320786589578,,0.33135392678459386,2.9440217150878385,,ETF,VanEck Semiconductor ETF,,2026-10-02,False,max 6 positions in RISK_ON
QQQ,Momentum continuation,True,55.99923933129309,,,False,True,volume accumulation; new 55-day high,749.5800170898438,725.4378537440898,3.2207586642294777,785.7932621084747,822.0065071271056,1.1278,845.3763432739257,3104.644620673492,99.9931106138759,0.5,9.313933862020479,15,Half-size starter at market; add on a 2–3 day tight consolidation.,Stop 725.4; to breakeven at +1.0R; trail 2.5×ATR from +1.0R; scale 1/2 at T1 (+1.5R); time-stop 15 bars if < +0.5R,,749.5800170898438,9.488575258015544,1.265852216132151,65.5918980762408,94.5277181045528,14.08843324412387,1.972205723317907,0.9934265100830479,0.05797912352865575,0.038102234624215914,0.28412209550049283,0.17999281519373045,0.951581919550708,24662063354.744568,0.0,1.0,1.0,1.0,0.15070699098696522,0.584070796460177,0.15070699098696522,0.546921381048933,0.40421648517875053,-0.7061715183712601,-0.889505398371109,1.0500346287789786,,,,,,,,2026-10-02,False,max 6 positions in RISK_ON
XLV,Pullback in uptrend,True,54.518433197886864,,,False,True,no dominant factor,166.17999267578125,161.41933300433527,2.8647610309708407,173.32098218295022,180.46197169011919,8.1927,1361.4628259948731,4999.972228466171,143.23725596046322,1.0,14.999916685398516,15,"Limit near the 21-EMA, or at market on the first up-close / reclaim day.",Stop 161.4; to breakeven at +1.0R; trail 2.5×ATR from +1.0R; scale 1/2 at T1 (+1.5R); time-stop 15 bars if < +0.5R,size capped at 25% of capital,166.17999267578125,2.380329835722994,1.4323805154854232,42.551548130318494,4.511980426074956,15.042960712400456,-0.9936446571039659,0.9445978323243092,-0.035466970052353886,0.029982568142372212,0.14128254507458315,0.22094971903934235,1.044227047698679,1362824265.5350494,0.0,0.0,0.0,1.0,0.11326984353476852,0.5663716814159292,0.11326984353476852,0.15154468864181672,0.2189365520116538,0.46259589270822066,-0.15245186390302568,-0.4857139841939253,,,,,,,,2026-10-02,False,max 6 positions in RISK_ON
SPY,Pullback in uptrend,True,54.30072539544509,,,False,True,no dominant factor,766.2683788908571,752.7818358605354,1.7600286533868166,786.4981934363398,806.7280079818223,1.7767,1361.4290287753859,4999.848108177604,87.9987593297445,1.0,14.999544324532815,15,"Limit near the 21-EMA, or at market on the first up-close / reclaim day.",Stop 752.8; to breakeven at +1.0R; trail 2.5×ATR from +1.0R; scale 1/2 at T1 (+1.5R); time-stop 15 bars if < +0.5R,size capped at 25% of capital; costs > 15% of risk budget; 55-day high sits before T1 (resistance),769.6400146484375,6.7432715151608935,0.8761591636112034,55.39130245090615,86.84498242687026,9.564163379135769,0.6982813317166201,0.9899677453473794,0.008352759719697067,0.02698216277875387,0.17948068466436262,0.15416136478562836,1.0702246464092486,35162410153.09601,0.0,0.0,0.0,1.0,0.10778447568392775,0.5575221238938053,0.10778447568392775,0.49373052462166483,0.29878707587498216,0.29999199823358813,-0.9325275370244726,-0.38961339378527277,,,,,,,,2026-10-02,False,max 6 positions in RISK_ON
CSCO,No clean setup,False,54.11835172797103,,2026-11-12,False,True,volatility compression; Bollinger/Keltner squeeze on,112.19999694824219,103.44629684635566,7.801871960767166,125.33054710107197,138.46109725390176,6.2212,698.0186210144043,2563.4733856753996,199.99891129873774,1.0,7.6904201570262,0,No actionable pattern today.,Stop 103.4; to breakeven at +1.0R; trail 2.5×ATR from +1.0R; scale 1/2 at T1 (+1.5R); time-stop 15 bars if < +0.5R,55-day high sits before T1 (resistance),112.19999694824219,2.64046858712559,2.3533588760645308,58.15803173695412,99.3686901289306,26.740897467482988,1.3114985908713233,0.8671958951285795,0.029005713511640607,-0.01180064849272544,0.43073058984465096,0.6251129850768162,0.808511573559099,1988587216.3223648,1.0,1.0,0.0,0.0,0.3887950692491592,0.7876106194690266,0.36281540422596076,0.3569782486195994,0.3624495937279196,0.2078281735771545,0.7995969653391861,0.3789408467293573,-0.1466467619110079,0.6644402501773418,2.647306336835938,1.0,Technology,"Cisco Systems, Inc.",0.0146,2026-10-02,False,max 6 positions in RISK_ON
V,Pullback in uptrend,True,53.80141208775056,,,False,True,no dominant factor,360.6600036621094,349.1923604025403,3.179627112274063,377.86146855146296,395.06293344081655,3.7749,1361.4554478240968,4999.945132133996,158.97961102015972,1.0,14.999835396401988,15,"Limit near the 21-EMA, or at market on the first up-close / reclaim day.",Stop 349.2; to breakeven at +1.0R; trail 2.5×ATR from +1.0R; scale 1/2 at T1 (+1.5R); time-stop 15 bars if < +0.5R,size capped at 25% of capital,360.6600036621094,5.733821629784525,1.5898135561370303,41.30592255896219,38.31879161150111,16.76054093681492,-1.0457971883280293,0.9353943429495982,-0.04688158171384105,0.011420613743094554,0.20372045867262156,0.09658828105336204,0.8669289997057181,2252514686.101532,0.0,0.0,0.0,1.0,0.09521905053552837,0.5486725663716814,0.09521905053552837,0.1407241440278293,0.1460616652349114,0.34322974655076555,0.2970590517857388,-0.6967537184705974,,,,,,,,2026-10-02,False,max 6 positions in RISK_ON
DHR,Pullback in uptrend,True,53.185968291694216,Earnings in 17d — binary gap risk,2026-10-21,False,True,strong trend structure; favourable entry timing; volume accumulation,214.05999755859375,202.14871101604427,5.564461682892923,231.92692737241796,249.79385718624218,4.572,978.6823088378907,3594.2107792071533,199.9984816113892,1.0,10.782632337621463,15,"Limit near the 21-EMA, or at market on the first up-close / reclaim day.",Stop 202.1; to breakeven at +1.0R; trail 2.5×ATR from +1.0R; scale 1/2 at T1 (+1.5R); time-stop 15 bars if < +0.5R,55-day high sits before T1 (resistance),214.05999755859375,5.955643271274733,2.782230841446459,50.376459986503214,29.67511229995641,26.969440768650454,-0.18837739733160488,0.8869122725579162,0.021577553576866748,0.10752692586316548,0.12434194955806177,-0.008428804935960654,1.1156173333132888,941810227.6176453,0.0,0.0,0.0,1.0,0.4562993672745986,0.8495575221238938,0.3376269918001846,0.8216408219400207,0.11742215618724652,0.7378078955771035,-0.2540193810347331,0.860865441517708,-0.28222578793957,0.008100767744626905,0.5132017699870006,1.0,Healthcare,Danaher Corporation,0.013300001,2026-10-02,False,max 6 positions in RISK_ON
MA,Pullback in uptrend,True,52.95608701156073,,,False,True,no dominant factor,552.260009765625,533.694786217662,3.361681675238796,580.1078450875696,607.955680409514,2.4652,1361.4313760742186,4999.856728632568,168.07926743463497,1.0,14.999570185897705,15,"Limit near the 21-EMA, or at market on the first up-close / reclaim day.",Stop 533.7; to breakeven at +1.0R; trail 2.5×ATR from +1.0R; scale 1/2 at T1 (+1.5R); time-stop 15 bars if < +0.5R,size capped at 25% of capital,552.260009765625,9.282611773981523,1.6808408376194022,38.875496330820404,36.06561241115129,20.038743756862424,-1.3181331993643899,0.9185503512899582,-0.06100588973572885,0.037677358595078925,0.12300665291448443,0.03143250738833481,1.1392835959816636,1552468750.2749634,0.0,0.0,0.0,1.0,0.07398846172306292,0.5309734513274337,0.07398846172306292,0.15345869415316318,0.07602015619239219,0.1018739245376607,0.3193369079157158,-0.3772078797250103,,,,,,,,2026-10-02,False,max 6 positions in RISK_ON
ADI,Extended (wait),False,52.82327754757321,,2026-11-24,False,True,volume accumulation; new 55-day high,417.1499938964844,377.6541137594028,9.468028458579454,476.3938141021068,535.6376343077292,1.3788,575.1664115844727,2112.298646543976,199.9930369849723,1.0,6.336895939631928,15,Too far above the 21-EMA. Set an alert for a pullback toward it.,Stop 377.7; to breakeven at +1.0R; trail 2.5×ATR from +1.0R; scale 1/2 at T1 (+1.5R); time-stop 15 bars if < +0.5R,,417.1499938964844,11.284537182023321,2.70515098816556,72.2814812023961,97.41981475309538,25.318588060858396,2.7992868203978962,0.9383529136918162,0.1727249836027318,0.07610254060624388,0.3179841699247854,0.5051774147424521,0.7661905046388182,1223242746.0656738,0.0,1.0,1.0,1.0,0.3709970412287954,0.7699115044247787,0.3279017759287816,0.6599934666062343,0.5372139793892445,-1.0153725139042145,-0.12657200357260548,1.9545852225737104,-0.01686034647132872,,,,Technology,"Analog Devices, Inc.",0.0199,2026-10-02,False,max 6 positions in RISK_ON
QCOM,Pullback in uptrend,True,52.3275523602056,,,False,True,no dominant factor,183.66439759970365,166.9827671271572,9.082669635790849,208.68684330852335,233.70928901734302,3.2645,599.5724259642326,2201.929734353644,199.9940033835885,1.0,6.605789203060933,15,"Limit near the 21-EMA, or at market on the first up-close / reclaim day.",Stop 167; to breakeven at +1.0R; trail 2.5×ATR from +1.0R; scale 1/2 at T1 (+1.5R); time-stop 15 bars if < +0.5R,55-day high sits before T1 (resistance),184.8699951171875,8.340815236273231,4.511719292785214,52.56667844118814,56.30178648466518,17.156841463569158,0.14454192825670678,0.7177695982724016,0.09364639003824271,-0.003238091586844183,0.4713144957140134,0.0364599199289255,0.8771372262704059,2784792700.4730225,0.0,0.0,0.0,1.0,0.058230895455800034,0.5132743362831859,0.058230895455800034,0.4772012048466168,-0.18862020201891427,0.4547614475001408,-0.5360938552158788,-0.16305305703387996,,,,,,,,2026-10-02,False,max 6 positions in RISK_ON
XLK,Extended (wait),False,51.71409683438782,,,False,True,volume accumulation; new 55-day high,199.80999755859375,190.16797977742834,4.825593263088805,214.27302423034186,228.73605090208997,5.648,1128.5268662109374,4144.514916159667,199.99743258191157,1.0,12.433544748479003,15,Too far above the 21-EMA. Set an alert for a pullback toward it.,Stop 190.2; to breakeven at +1.0R; trail 2.5×ATR from +1.0R; scale 1/2 at T1 (+1.5R); time-stop 15 bars if < +0.5R,,199.80999755859375,3.208085773099121,1.6055681959349197,68.9575655331121,96.33093900935735,16.790604004199132,2.3964161914494153,0.9921545169281335,0.08955970373723265,0.08973778465318416,0.47276778037196343,0.295247333878373,1.1388901587315328,1406248558.990326,0.0,1.0,1.0,1.0,0.29839413359791844,0.7079646017699115,0.29839413359791844,0.655740169748995,0.6685094693010141,-0.9317416252928884,-0.3171187449156138,1.119130238887769,,,,,ETF,State Street Technology Select ,,2026-10-02,False,max 6 positions in RISK_ON
ASML,Extended (wait),False,51.50124770059127,,,False,True,volume accumulation,1867.31005859375,1688.7849295619642,9.560550922444612,2135.097752141429,2402.8854456891077,0.305,569.5295678710937,2091.5973380065916,199.96822859261619,1.0,6.274792014019775,15,Too far above the 21-EMA. Set an alert for a pullback toward it.,Stop 1689; to breakeven at +1.0R; trail 2.5×ATR from +1.0R; scale 1/2 at T1 (+1.5R); time-stop 15 bars if < +0.5R,55-day high sits before T1 (resistance),1867.31005859375,51.00717972336738,2.7315859778413185,64.78162086842558,90.0655104425905,16.906938365359398,2.3386476882257314,0.9348812227342811,0.10997444236805509,0.02446760447698315,0.4225373868152198,0.6878613169845444,1.0070634994923784,2339889962.235718,0.0,1.0,0.0,1.0,0.4320095693239457,0.8141592920353983,0.29276976841258784,0.6505765905267892,0.5918219993251072,-0.6097837699714694,0.305318996706543,1.2847250334758795,-0.18302053467464033,-0.34535833579104674,2.0092120337358153,0.8333333333333334,Technology,ASML Holding N.V. - New York Re,0.0038,2026-10-02,False,max 6 positions in RISK_ON
TXN,Extended (wait),False,50.05362637892019,,,False,True,volume accumulation,293.79998779296875,265.2964937090337,9.701666190680893,336.5552289188713,379.31047004477387,1.9106,561.3342566772461,2061.500057647186,199.9998541136242,1.0,6.18450017294156,15,Too far above the 21-EMA. Set an alert for a pullback toward it.,Stop 265.3; to breakeven at +1.0R; trail 2.5×ATR from +1.0R; scale 1/2 at T1 (+1.5R); time-stop 15 bars if < +0.5R,55-day high sits before T1 (resistance),293.79998779296875,8.14385545255287,2.771904625908827,70.44351229389642,96.95690249100771,18.22606750775412,2.4987156234950016,0.8840650906712451,0.15306116277121395,-0.027004087553115785,0.5230908598455652,0.4490746867453266,0.725819670031911,1577921585.0704956,0.0,1.0,0.0,1.0,0.32856256140449985,0.7522123893805309,0.2548125255461694,0.5129675100855868,0.34315560706258963,-0.9804672577126474,0.31692183760125214,1.8984555023760699,-0.3351877613204744,,,,Technology,Texas Instruments Incorporated,0.0241,2026-10-02,False,max 6 positions in RISK_ON
SHOP,No clean setup,False,49.93032033292754,,,False,True,strong trend structure,151.38999938964844,128.85083265517795,14.88814771473712,185.19874949135416,219.0074995930599,2.4161,365.77337752532964,1343.302728961773,199.99289454392357,1.0,4.0299081868853195,0,No actionable pattern today.,Stop 128.9; to breakeven at +1.0R; trail 2.5×ATR from +1.0R; scale 1/2 at T1 (+1.5R); time-stop 15 bars if < +0.5R,55-day high sits before T1 (resistance),151.38999938964844,6.43976192413442,4.253756489924889,61.1387544182458,96.24553478757522,14.89680286705922,1.3834655247950638,0.8309457015257281,0.06710371889839872,0.26011320258665305,0.2802536946270482,-0.05148099104080506,0.6903588188936394,1448549444.651451,0.0,0.0,0.0,1.0,0.32668235058125544,0.7433628318584071,0.25160164330682067,1.1738068424271701,0.35260498679254093,-0.369742861910036,-0.505598181034033,0.44454512671343743,-0.34904401488865744,,,,Technology,Shopify Inc.,0.0136,2026-10-02,False,max 6 positions in RISK_ON
AMZN,No clean setup,False,49.83655303172783,,,False,True,favourable entry timing; volatility compression; Bollinger/Keltner squeeze on,251.52000427246094,240.2510534343316,4.480339792743549,268.423430529655,285.32685678684896,4.8326,1215.4955726470948,4463.907490546456,199.99822361021285,1.0,13.391722471639369,0,No actionable pattern today.,Stop 240.3; to breakeven at +1.0R; trail 2.5×ATR from +1.0R; scale 1/2 at T1 (+1.5R); time-stop 15 bars if < +0.5R,,251.52000427246094,5.634475419064669,2.2401698963717736,48.56366800923155,84.3953373186355,8.87956659807369,-0.06911765768427698,0.8757659943661493,-0.013569658455776734,0.03014416980652168,0.1990275022627772,0.15569047765271793,0.8799054710387317,8852990822.20787,1.0,0.0,0.0,0.0,0.2719092394987415,0.6637168141592921,0.24916214146512547,-0.08705652080787521,0.08238316267306116,0.6209698809581649,1.0076967218463557,0.20427750763942631,0.06718535719619728,,,,Consumer Cyclical,"Amazon.com, Inc.",0.0083,2026-10-02,False,max 6 positions in RISK_ON
LRCX,Extended (wait),False,49.769426756289675,,,False,True,volume accumulation; new 55-day high,347.489990234375,299.13573734894493,13.915293747833168,420.02136956252014,492.5527488906652,1.1262,391.34322700195315,1437.2080011646729,199.99171512942578,1.0,4.311624003494019,15,Too far above the 21-EMA. Set an alert for a pullback toward it.,Stop 299.1; to breakeven at +1.0R; trail 2.5×ATR from +1.0R; scale 1/2 at T1 (+1.5R); time-stop 15 bars if < +0.5R,,347.489990234375,13.815500824408588,3.975798213666618,67.76360859341122,99.51766044958943,15.712877838916619,2.536222209971081,0.7932933399793229,0.20650365705678242,-0.006684360425068925,0.5935917931062231,1.0263630371256252,0.8691443404926733,2891489039.9531555,0.0,1.0,1.0,1.0,0.29200395786795114,0.6991150442477876,0.24741689808951886,0.6101563465171266,0.5158871518791246,-0.7055143561765896,-0.2216038931065433,1.1058765175829721,-0.10927958013793965,,,,Technology,Lam Research Corporation,0.0233,2026-10-02,False,max 6 positions in RISK_ON
GOOGL,No clean setup,False,49.572164505932584,,,False,True,favourable entry timing; volatility compression; Bollinger/Keltner squeeze on,343.5,325.49428344915816,5.241838879429939,370.50857482626276,397.5171496525255,3.0245,1038.9157500000001,3815.4180918750003,199.99806895270765,1.0,11.446254275625003,0,No actionable pattern today.,Stop 325.5; to breakeven at +1.0R; trail 2.5×ATR from +1.0R; scale 1/2 at T1 (+1.5R); time-stop 15 bars if < +0.5R,,343.5,9.002858275420918,2.6209194397149687,50.01208299669472,64.92194644025534,13.486928097110637,0.03434194433754634,0.8416976941386004,0.019579965020636525,-0.062050938602537076,0.1628161499074927,0.3792554072358094,1.0136609066644362,9386006231.347504,1.0,0.0,0.0,0.0,0.2412495086796049,0.6548672566371682,0.24229367586781714,0.14921224145473896,-0.06751295463722926,0.6099244022979798,0.5426757775239183,0.34279159214954597,0.25064701337351486,,,,Communication Services,Alphabet Inc.,0.0149,2026-10-02,False,max 6 positions in RISK_ON
TSM,Extended (wait),False,47.77753739224349,Earnings in 11d — binary gap risk,2026-10-15,False,True,volume accumulation; quality/growth fundamentals; new 55-day high,472.7799987792969,435.569135219912,7.870650969893424,528.5962941183741,584.4125894574514,1.4635,691.913528213501,2541.052432364082,199.9973679133641,1.0,7.623157297092247,15,Too far above the 21-EMA. Set an alert for a pullback toward it.,Stop 435.6; to breakeven at +1.0R; trail 2.5×ATR from +1.0R; scale 1/2 at T1 (+1.5R); time-stop 15 bars if < +0.5R,,472.7799987792969,10.631675302681376,2.248757419969548,71.67941161945129,98.45853479466443,17.4833335195737,2.7800302829762997,0.9896624571212077,0.1409105718407302,0.049266944835656634,0.40148200858834393,0.4517074192903474,0.8415077102139209,4465359388.865967,0.0,1.0,1.0,1.0,0.3940213738135283,0.7964601769911505,0.4647293920598991,0.6700076163281617,0.6216339837883398,-0.99921088051799,0.22451419907226455,1.5323729200857734,0.6565785241030034,0.8385444059877605,3.2134104399217738,1.0,Technology,Taiwan Semiconductor Manufactur,0.0057,2026-10-02,False,max 6 positions in RISK_ON
ARM,No clean setup,False,47.665653885079216,,,False,True,volume accumulation,307.489990234375,269.44317439736864,12.373351018030316,364.5602139898846,421.6304377453941,1.4313,440.11042302246096,1616.305528549988,199.9911565713202,1.0,4.848916585649964,0,No actionable pattern today.,Stop 269.4; to breakeven at +1.0R; trail 2.5×ATR from +1.0R; scale 1/2 at T1 (+1.5R); time-stop 15 bars if < +0.5R,55-day high sits before T1 (resistance),307.489990234375,19.023407918503185,6.18667550901516,58.51642888465341,85.32732657621423,19.617187946841657,1.172311898193107,0.6792356570420236,0.3092480176925547,-0.045773338030676736,1.0621687946866545,0.5617767853736424,1.0879770250374945,1720790021.6545105,0.0,0.0,0.0,1.0,0.19316438844383824,0.6460176991150443,0.19316438844383824,0.6795562639206787,0.2820174447956748,0.01836454030613375,-1.4690779986010236,0.9226901558619843,,,,,,,,2026-10-02,False,max 6 positions in RISK_ON
AMAT,No clean setup,False,47.291362305773944,,,False,True,volume accumulation,540.0399780273438,471.698099048809,12.654966624540227,642.5527964951459,745.065614962948,0.7968,430.3038544921875,1580.2909056225585,199.9852866771793,1.0,4.740872716867676,0,No actionable pattern today.,Stop 471.7; to breakeven at +1.0R; trail 2.5×ATR from +1.0R; scale 1/2 at T1 (+1.5R); time-stop 15 bars if < +0.5R,55-day high sits before T1 (resistance),540.0399780273438,19.52625113672421,3.6157047498686365,69.19770319666374,99.30635746485618,18.80257674907887,2.8531022622791373,0.7308900659264209,0.23167447099371863,-0.08801185994862659,0.5533318323201495,1.0248237725098925,0.9010719277487867,2960446695.2609253,0.0,1.0,0.0,0.0,0.1835929247246606,0.6283185840707964,0.1835929247246606,0.40165987676250225,0.2158173278604393,-0.9687170804964947,-0.18658657975557033,1.7655425251214938,,,,,,,,2026-10-02,False,max 6 positions in RISK_ON
CAT,No clean setup,False,46.310531465182805,,,False,True,volatility compression; volume accumulation; Bollinger/Keltner squeeze on,845.4199829101562,788.3736957593505,6.74768615646362,930.9894136363648,1016.5588443625734,0.9546,807.0379156860351,2963.8467453569638,199.99107653524942,1.0,8.891540236070892,0,No actionable pattern today.,Stop 788.4; to breakeven at +1.0R; trail 2.5×ATR from +1.0R; scale 1/2 at T1 (+1.5R); time-stop 15 bars if < +0.5R,,845.4199829101562,23.305265790722967,2.756649506970507,58.83339153669987,87.04551921251598,10.950773007175384,1.2227788668427182,0.7890264410410146,0.06707218615675736,-0.12674413355807534,0.1831807521813018,0.6626010329844156,0.8310961943296563,1887538344.5739746,1.0,1.0,0.0,0.0,0.15860906187088983,0.6017699115044248,0.15860906187088983,0.0471035355883167,-0.1419859660731316,-0.05258431537841819,0.8575298236399139,0.7509769884010273,,,,,,,,2026-10-02,False,max 6 positions in RISK_ON
ABNB,No clean setup,False,46.110736238699545,,,False,True,favourable entry timing,162.42999267578125,147.6719442837465,9.08579022194046,184.56706526383334,206.70413785188546,3.6901,599.3829159729004,2201.2337589104764,199.99948162914052,1.0,6.60370127673143,0,No actionable pattern today.,Stop 147.7; to breakeven at +1.0R; trail 2.5×ATR from +1.0R; scale 1/2 at T1 (+1.5R); time-stop 15 bars if < +0.5R,,162.42999267578125,5.312222865013953,3.270469189527963,46.116844601176055,91.63033134491229,22.48864907323494,-0.3439422742030198,0.8396354164366118,-0.11366366067569478,0.10010158747218756,0.2999599571264042,0.4982013976786357,0.8330255083434981,814592069.2205048,0.0,0.0,0.0,0.0,0.15353590131075964,0.5929203539823009,0.15353590131075964,0.07452725240384035,0.36217947387822363,0.5521075725013413,-0.3870056155905518,-0.2673717221786229,,,,,,,,2026-10-02,False,max 6 positions in RISK_ON
HON,No clean setup,False,45.98401817147085,,,False,True,favourable entry timing; volatility compression; volume accumulation,213.99000549316406,203.20595905739677,5.039509397139481,230.166075146815,246.34214480046595,5.0499,1080.6281287399293,3968.60680279739,199.99831276249117,1.0,11.905820408392172,0,No actionable pattern today.,Stop 203.2; to breakeven at +1.0R; trail 2.5×ATR from +1.0R; scale 1/2 at T1 (+1.5R); time-stop 15 bars if < +0.5R,,213.99000549316406,4.336136914944154,2.0263268394012317,52.65166327725295,88.18724297852638,21.304919712051795,0.5435231226004266,0.8291418194408448,0.038433531748676364,-0.07158016450927651,-0.10317533909625154,0.011312089620271637,0.6832695903197857,617356343.4181213,0.0,0.0,0.0,0.0,0.15032091804017855,0.5752212389380531,0.15032091804017855,-0.12028924530272278,-0.45574340392237195,0.6257383603457665,0.739275537870683,0.904621266343471,,,,,,,,2026-10-02,False,max 6 positions in RISK_ON
COST,No clean setup,False,43.713017808393474,,,False,True,favourable entry timing; volume accumulation,920.6500244140625,879.1869393076284,4.503675012969534,982.8446520737136,1045.0392797333648,1.3134,1209.1817420654295,4440.71994773529,199.99559468210802,1.0,13.32215984320587,0,No actionable pattern today.,Stop 879.2; to breakeven at +1.0R; trail 2.5×ATR from +1.0R; scale 1/2 at T1 (+1.5R); time-stop 15 bars if < +0.5R,,920.6500244140625,15.652145113236124,1.7001189049223953,51.3788986484381,71.12854201994527,13.015758112880544,0.3289011878826182,0.8409609983807743,-0.008433090879067184,-0.02960927760624521,-0.09015944118979036,0.01804916922959965,1.0832258120550573,2181253811.8554688,0.0,0.0,0.0,0.0,0.0929966437716532,0.5398230088495575,0.0929966437716532,-0.4713317109770889,-0.34487503951085136,0.7924949366098459,0.2024673947131659,1.157614371276597,,,,,,,,2026-10-02,False,max 6 positions in RISK_ON
PG,No clean setup,False,42.67873877115792,,,False,True,favourable entry timing; volume accumulation; Bollinger/Keltner squeeze on,144.91000366210938,140.1781413523481,3.2653800222065383,152.0077971267513,159.10559059139322,9.3952,1361.4584664062502,4999.956217876954,163.26757145762767,1.0,14.999868653630863,0,No actionable pattern today.,Stop 140.2; to breakeven at +1.0R; trail 2.5×ATR from +1.0R; scale 1/2 at T1 (+1.5R); time-stop 15 bars if < +0.5R,size capped at 25% of capital,144.91000366210938,2.3659311548806397,1.632690011103268,46.62977921869037,42.84770047711611,7.778986191385655,-0.4948971152703168,0.8794683974395232,-0.018490895006942676,-0.02222384667457733,0.02774653825708584,-0.007823397571930957,0.8915018642501307,1165504161.969223,1.0,0.0,0.0,0.0,0.0670326520773751,0.5221238938053098,0.0670326520773751,-0.33491953578671246,-0.19058376741243876,0.6800314405640251,0.11862974483787457,0.5438828010396104,,,,,,,,2026-10-02,False,max 6 positions in RISK_ON
REGN,No clean setup,False,42.22304094319192,,,False,True,distribution in volume,735.2000122070312,691.9006700194816,5.889464291161712,800.1490254883557,865.0980387696802,1.2577,924.6610553527833,3395.817725783096,199.9954723529352,1.0,10.18745317734929,0,No actionable pattern today.,Stop 691.9; to breakeven at +1.0R; trail 2.5×ATR from +1.0R; scale 1/2 at T1 (+1.5R); time-stop 15 bars if < +0.5R,,735.2000122070312,21.64967109377482,2.944732145580855,34.91457257155038,14.092604740273885,20.96705358490949,-1.921180886166454,0.8555402858369165,-0.13711960033410553,0.13272876706660752,-0.03241072092709796,0.42747450193373315,1.1805848150332856,588939642.9296875,0.0,0.0,0.0,1.0,0.055612687310195245,0.504424778761062,0.055612687310195245,0.594094581511106,0.20968406900051206,-0.0288331401975675,-0.3887852588572962,-0.8354628678882827,,,,,,,,2026-10-02,False,max 6 positions in RISK_ON
BLK,No clean setup,False,41.94347640930518,,,False,True,volatility compression,1059.6300048828125,1013.4354416550957,4.359499354949428,1128.9218497243878,1198.213694565963,1.1789,1249.1978127563477,4587.678967347687,199.99983498867297,1.0,13.763036902043064,0,No actionable pattern today.,Stop 1013; to breakeven at +1.0R; trail 2.5×ATR from +1.0R; scale 1/2 at T1 (+1.5R); time-stop 15 bars if < +0.5R,,1059.6300048828125,23.09728161385842,2.179749677474716,43.15825927592987,29.963154240796356,21.48784372356597,-0.781690035407281,0.8871542886795001,-0.037948574154969106,0.05326074737137976,0.1081253694075055,-0.014113216040978704,0.8662688420544307,563565126.3641357,0.0,0.0,0.0,0.0,0.048611401457266654,0.49557522123893805,0.048611401457266654,-0.4057122264657312,0.007882351115020073,0.3657475980273587,0.7421744361986439,-0.11018604643763645,,,,,,,,2026-10-02,False,max 6 positions in RISK_ON
KLAC,No clean setup,False,39.63338819580456,,,False,True,volume accumulation,206.88999938964844,180.1581485542933,12.92080376732441,246.98777564268116,287.0855518957139,2.0372,421.4763067565918,1547.8717365635832,199.99746965125726,1.0,4.643615209690751,0,No actionable pattern today.,Stop 180.2; to breakeven at +1.0R; trail 2.5×ATR from +1.0R; scale 1/2 at T1 (+1.5R); time-stop 15 bars if < +0.5R,55-day high sits before T1 (resistance),206.88999938964844,7.637671667244323,3.691658219235544,67.24079015508596,96.12221116741985,15.347476782291494,2.4288012973669018,0.673858379321925,0.20103335647928544,-0.11223764223029198,0.36723837520317626,0.5341825637175899,0.7738747937609899,1754304059.1024017,0.0,1.0,0.0,0.0,-0.00916545935742346,0.48672566371681414,-0.00916545935742346,0.1897171513688545,-0.2991853730823516,-0.7326718170995132,0.06986268026421963,1.3243505004938323,,,,,,,,2026-10-02,False,max 6 positions in RISK_ON
UNP,No clean setup,False,38.959808147400864,,,False,True,favourable entry timing,278.2799987792969,267.00248485488373,4.052577969628823,295.1962696659166,312.1125405525363,4.8289,1343.7862861053466,4935.055135721885,199.99695721930092,1.0,14.805165407165656,0,No actionable pattern today.,Stop 267; to breakeven at +1.0R; trail 2.5×ATR from +1.0R; scale 1/2 at T1 (+1.5R); time-stop 15 bars if < +0.5R,,278.2799987792969,5.030099642965174,1.8075677968341997,44.638306993253465,91.5451075959742,32.267958381171574,-0.30898633070215703,0.8847476318937642,-0.039519593320871294,-0.01068184419562046,0.1483955899250966,0.2602723560127205,0.9995401316431236,692653040.7421875,0.0,0.0,0.0,0.0,-0.02600854891162752,0.4778761061946903,-0.02600854891162752,-0.5436744750379143,0.046451491449799695,0.5866380612563984,0.18462110881952187,-0.30142637054581006,,,,,,,,2026-10-02,False,max 6 positions in RISK_ON
JNJ,No clean setup,False,38.12484150859287,,,False,True,distribution in volume,256.0299987792969,245.7507224425564,4.01487184538927,271.4489132844076,286.8678277895183,5.2979,1356.421330532837,4981.457336381844,199.99912808847287,1.0,14.944372009145534,0,No actionable pattern today.,Stop 245.8; to breakeven at +1.0R; trail 2.5×ATR from +1.0R; scale 1/2 at T1 (+1.5R); time-stop 15 bars if < +0.5R,,256.0299987792969,5.139638168370234,2.0074359226946323,32.63948033402649,1.2502487404955218,15.838768823843168,-2.043333402891183,0.9109118444073692,-0.06969221057118469,-0.007855823425204744,0.06473187373771094,0.5125615447512422,1.1420554289630602,1758857192.7301025,0.0,0.0,0.0,1.0,-0.04690095907978193,0.4690265486725664,-0.04690095907978193,0.18081918280510154,0.1745105657412857,-0.4318665203393465,0.379890127144159,-0.905212799236812,,,,,,,,2026-10-02,False,max 6 positions in RISK_ON
LIN,No clean setup,False,38.11803752377372,,,False,True,no dominant factor,479.4800109863281,453.20287123783424,5.480341024944864,518.8957206090689,558.3114302318097,2.0724,993.6743747680664,3649.269141335724,199.99239386327483,1.0,10.947807424007173,0,No actionable pattern today.,Stop 453.2; to breakeven at +1.0R; trail 2.5×ATR from +1.0R; scale 1/2 at T1 (+1.5R); time-stop 15 bars if < +0.5R,,479.4800109863281,8.268471103350496,1.7244662788635547,56.43213285000249,80.3623243988134,20.69730316093673,0.9344323424844697,0.8775246395481853,-0.0131110942772934,-0.11000704444594489,-0.03983238440631576,0.05490646449287162,1.0563515970323794,992450460.5506897,0.0,0.0,0.0,0.0,-0.0470712991518546,0.46017699115044247,-0.0470712991518546,-0.10189054843970058,-0.3639014246211195,0.2794872138444144,-0.06838063754207603,0.38611408199281755,,,,,,,,2026-10-02,False,max 6 positions in RISK_ON
AVGO,No clean setup,False,38.02277329282344,,,False,True,favourable entry timing; volatility compression,355.1400146484375,333.4093755349567,6.118893455301709,387.7359733186587,420.33193198887983,2.506,889.9808767089843,3268.4547697137446,199.9932649935109,1.0,9.805364309141234,0,No actionable pattern today.,Stop 333.4; to breakeven at +1.0R; trail 2.5×ATR from +1.0R; scale 1/2 at T1 (+1.5R); time-stop 15 bars if < +0.5R,,355.1400146484375,10.865319556740397,3.0594467276508572,47.84851511273827,70.67483904226717,21.04938210895853,-0.08496619403728856,0.7198985815161214,-0.031187460179937343,-0.04844417497261788,0.1328877479865278,0.10770584668093464,0.9545711858993415,8862937644.396515,0.0,0.0,0.0,0.0,-0.04945645794981748,0.45132743362831856,-0.04945645794981748,-0.6099431546842985,-0.4439504845900346,0.5922046467787557,0.8004826052110101,0.24532128186599997,,,,,,,,2026-10-02,False,max 6 positions in RISK_ON
MDT,No clean setup,False,37.86420180939857,,,False,True,no dominant factor,86.37999725341797,82.27029711868141,4.757698848588397,92.5445474555228,98.70909765762764,13.2512,1144.6386196044923,4203.6853304974975,199.9986885673588,1.0,12.611055991492494,0,No actionable pattern today.,Stop 82.27; to breakeven at +1.0R; trail 2.5×ATR from +1.0R; scale 1/2 at T1 (+1.5R); time-stop 15 bars if < +0.5R,,86.37999725341797,2.0548500673682804,2.3788494242942013,38.07322404099197,20.855907895352146,22.907635265106933,-1.3081500811033353,0.8393027581717133,-0.055235043055985256,0.0485003212085926,0.014362158142138481,-0.003685321068882752,2.630935499806311,1236600181.5866852,0.0,0.0,0.0,0.0,-0.05342746613049625,0.4424778761061947,-0.05342746613049625,0.13004996184704323,-0.15319708702028084,0.2006512029907769,0.1782639337219464,-0.783767673395466,,,,,,,,2026-10-02,False,max 6 positions in RISK_ON
JPM,No clean setup,False,36.967856434978124,,,False,True,no dominant factor,332.3800048828125,319.45896477711057,3.8874300246362643,351.76156504136543,371.1431251999183,4.0961,1361.4617380004881,4999.968232806793,194.3702663044065,1.0,14.99990469842038,0,No actionable pattern today.,Stop 319.5; to breakeven at +1.0R; trail 2.5×ATR from +1.0R; scale 1/2 at T1 (+1.5R); time-stop 15 bars if < +0.5R,size capped at 25% of capital,332.3800048828125,6.460520052850962,1.9437150123181304,34.50131263628805,34.75244072851784,24.01819241714281,-1.6730660381681643,0.9069031511127217,-0.06692492351972146,-0.015811904295241597,0.13912438862455745,0.16840381472889754,1.1995862632013188,2898683632.4742126,0.0,0.0,0.0,0.0,-0.07589671873360768,0.4336283185840708,-0.07589671873360768,-0.3534476007029421,0.03267234977063735,-0.07866839949057546,-0.30268171476440964,0.4387248911107023,,,,,,,,2026-10-02,False,max 6 positions in RISK_ON
TSLA,No clean setup,False,36.37167426162248,,,False,True,no dominant factor,370.5899963378906,342.76922217445025,7.507157354046436,412.3211575830512,454.05231882821175,1.9574,725.3928588317871,2664.005274059738,199.99106784376056,1.0,7.992015822179216,0,No actionable pattern today.,Stop 342.8; to breakeven at +1.0R; trail 2.5×ATR from +1.0R; scale 1/2 at T1 (+1.5R); time-stop 15 bars if < +0.5R,55-day high sits before T1 (resistance),370.5899963378906,12.443130833448995,3.3576542692490263,54.99157195561247,89.1978103953212,17.76011467038292,0.6380797085962812,0.7429184417809718,0.03803811153973191,-0.11715938243069457,0.02773232785589963,-0.22297911373088464,1.048892690422202,13895773544.57077,0.0,0.0,0.0,0.0,-0.09086786839716882,0.4247787610619469,-0.09086786839716882,0.1196703389832882,-0.745465804834789,0.48270377982583995,0.44120222001594694,-0.2678770028116611,,,,,,,,2026-10-02,False,max 6 positions in RISK_ON
UNH,No clean setup,False,36.281660333392466,,,False,True,volatility compression,371.8999938964844,354.6097234773084,4.649172009394701,397.8353995252483,423.77080515401224,3.1496,1171.336220776367,4301.732270801208,199.99493265318884,1.0,12.905196812403625,0,No actionable pattern today.,Stop 354.6; to breakeven at +1.0R; trail 2.5×ATR from +1.0R; scale 1/2 at T1 (+1.5R); time-stop 15 bars if < +0.5R,,371.8999938964844,8.645135209587966,2.324586004697348,41.30442728178366,67.61835498554427,33.36469127991364,-0.7322195151882456,0.8106017826585825,-0.06372914936732821,-0.10478713788044591,0.3573077135553244,0.17080365114025042,0.877844047993742,1928570434.9398804,0.0,0.0,0.0,0.0,-0.0931304290573629,0.415929203539823,-0.0931304290573629,-0.6200547805232308,-0.18610631074054576,0.26865850129119423,0.6681355122155433,-0.11079135871341178,,,,,,,,2026-10-02,False,max 6 positions in RISK_ON
ISRG,No clean setup,False,35.860413146554954,,,False,True,weak momentum; favourable entry timing; volume accumulation,391.95001220703125,369.43138974249587,5.74527918438764,425.7279459038343,459.5058796006374,2.4183,947.8527145202636,3480.9890940756677,199.99254183273328,1.0,10.442967282227006,0,No actionable pattern today.,Stop 369.4; to breakeven at +1.0R; trail 2.5×ATR from +1.0R; scale 1/2 at T1 (+1.5R); time-stop 15 bars if < +0.5R,55-day high sits before T1 (resistance),391.95001220703125,11.259311232267702,2.8726395921938233,51.21150787542293,5.681004260988573,14.89541101038383,-0.04490459129701735,0.6490528069116845,0.05396904125174262,-0.09444811042085466,-0.1329882410758345,-0.15103644044268738,0.7369749169639754,931017213.4895325,0.0,0.0,0.0,0.0,-0.10372710426554668,0.40707964601769914,-0.10372710426554668,-0.5331190966131801,-0.9646165432661972,0.7716252832636166,-0.19379324909874523,1.6843180414708003,,,,,,,,2026-10-02,False,max 6 positions in RISK_ON
ACN,No clean setup,False,35.507104461065126,,,False,True,no dominant factor,198.89999389648438,169.6191572915184,14.721386376816536,242.82124880393332,286.74250371138226,1.8598,369.9142086486816,1358.509931262283,199.99149594854543,1.0,4.07552979378685,0,No actionable pattern today.,Stop 169.6; to breakeven at +1.0R; trail 2.5×ATR from +1.0R; scale 1/2 at T1 (+1.5R); time-stop 15 bars if < +0.5R,55-day high sits before T1 (resistance),198.89999389648438,9.963373275332632,5.009237597321383,59.076188692538906,54.51218045248944,18.428654707513378,1.3082972786890745,0.6973741669850742,0.05978261753284353,0.4697109063016749,0.00828800329951429,-0.21403548861156874,1.9519093462661856,1306194330.9287262,0.0,0.0,0.0,1.0,-0.11262617519923067,0.39823008849557523,-0.11262617519923067,0.47836618645836015,0.1370391061423265,0.05533459149856306,-1.7169125753644243,-0.5664288517498023,,,,,,,,2026-10-02,False,max 6 positions in RISK_ON
PGR,No clean setup,False,34.889847672821965,,,False,True,favourable entry timing,210.30999755859375,199.73717584384434,5.027255878220317,226.16923013071786,242.02846270284198,5.1508,1083.2647354248047,3978.289740847595,199.99880484939655,1.0,11.934869222542787,0,No actionable pattern today.,Stop 199.7; to breakeven at +1.0R; trail 2.5×ATR from +1.0R; scale 1/2 at T1 (+1.5R); time-stop 15 bars if < +0.5R,55-day high sits before T1 (resistance),210.30999755859375,4.503582407212714,2.1414019587718296,46.9991604953304,60.744821707693674,14.70526942488388,-0.2954871371690747,0.8789852516936562,-0.049546039161427635,-0.09176199034213328,0.07813021768132256,-0.04340173732284891,1.1592293090598704,605939943.9174652,0.0,0.0,0.0,0.0,-0.12820143281463844,0.3893805309734513,-0.12820143281463844,-0.3962016695849323,-0.30140659020264066,0.7734834811650136,-0.050317169209608846,-0.5895997003785528,,,,,,,,2026-10-02,False,max 6 positions in RISK_ON
XLI,No clean setup,False,34.597433801995486,,,False,True,no dominant factor,169.9499969482422,165.20725035223083,2.790671774743102,177.06411684225924,184.17823673627626,8.011,1361.469425552368,4999.996465341072,139.53349009642605,1.0,14.999989396023217,0,No actionable pattern today.,Stop 165.2; to breakeven at +1.0R; trail 2.5×ATR from +1.0R; scale 1/2 at T1 (+1.5R); time-stop 15 bars if < +0.5R,size capped at 25% of capital,169.9499969482422,2.371373298005682,1.395335887371553,44.55566051192035,77.16153638988072,29.354498731275076,-0.35187045275666934,0.9055037811968669,-0.013735638285767293,-0.08166222305187287,0.04308484375796051,0.13320341200527652,1.0776903446567545,1260940067.3651886,0.0,0.0,0.0,0.0,-0.13559349665329426,0.3805309734513274,-0.13559349665329426,-0.6050903029234508,-0.16552577168347024,0.49650450617603625,-0.20749626261821785,0.0019865651833870326,,,,,,,,2026-10-02,False,max 6 positions in RISK_ON
SNPS,Extended (wait),False,33.129443925909115,,,False,True,volume accumulation,489.8999938964844,423.22287385285756,13.610353311765026,589.9156739619245,689.9313540273648,0.8167,400.1013250152588,1469.3721161185379,199.98673646829124,1.0,4.408116348355614,15,Too far above the 21-EMA. Set an alert for a pullback toward it.,Stop 423.2; to breakeven at +1.0R; trail 2.5×ATR from +1.0R; scale 1/2 at T1 (+1.5R); time-stop 15 bars if < +0.5R,55-day high sits before T1 (resistance),489.8999938964844,19.05060572675051,3.888672374790006,74.10209040874113,95.75256107563854,20.414939751575837,3.5076281989432765,0.9080967072602287,0.17772914503167714,0.10769440854224488,0.23727738045965574,-0.14896271889282087,1.761258796558858,995838482.8056335,0.0,0.0,0.0,1.0,-0.17285738853598628,0.37168141592920356,-0.17285738853598628,0.27442589587214944,0.16462280538198507,-1.3176491229343519,-1.5531187634806356,1.1863245343950115,,,,,,,,2026-10-02,False,max 6 positions in RISK_ON
GE,No clean setup,False,31.045005367647462,,,False,True,volatility compression,309.55999755859375,292.54979703488175,5.494960801739992,335.07529834416175,360.59059912972975,3.2015,991.0563321838379,3639.6543799451442,199.9975814967984,1.0,10.918963139835434,0,No actionable pattern today.,Stop 292.5; to breakeven at +1.0R; trail 2.5×ATR from +1.0R; scale 1/2 at T1 (+1.5R); time-stop 15 bars if < +0.5R,,309.55999755859375,8.505100261856013,2.74748040087,34.78185747892698,5.767332652419682,24.483865909430715,-1.4404639037776301,0.7961115123805195,-0.060515940641597155,-0.1825287748338127,0.10238251448310898,0.09933902545735052,1.0183610823244202,1407372771.5011597,0.0,0.0,0.0,0.0,-0.22631574587949763,0.36283185840707965,-0.22631574587949763,-0.5737193516923345,-0.550165015354041,-0.06939340415078858,0.7015892079576623,0.11482617300231075,,,,,,,,2026-10-02,False,max 6 positions in RISK_ON
SBUX,No clean setup,False,30.389562649853815,,,False,True,volatility compression,94.70999908447266,90.64866008846998,4.288183967122977,100.80200757847666,106.89401607248068,13.409,1269.966377723694,4663.951522190266,199.99882140895102,1.0,13.9918545665708,0,No actionable pattern today.,Stop 90.65; to breakeven at +1.0R; trail 2.5×ATR from +1.0R; scale 1/2 at T1 (+1.5R); time-stop 15 bars if < +0.5R,,94.70999908447266,2.030669498001337,2.1440919835614882,35.12666800185983,49.47330304006288,36.76922465629786,-1.264556943988615,0.8619496681963182,-0.11253749998927653,-0.06714268044094229,0.06022310769902206,0.29672253195662757,0.8985538398462145,680130958.6953735,0.0,0.0,0.0,0.0,-0.24328705045363697,0.35398230088495575,-0.24328705045363697,-0.7060593292394773,-0.13943999831973344,-0.04694134071823356,0.5253783854673554,-0.6405441237408124,,,,,,,,2026-10-02,False,max 6 positions in RISK_ON
TJX,No clean setup,False,30.2704510019202,,,False,True,favourable entry timing,132.67999267578125,126.33506474745352,4.782128639268388,142.19738456827287,151.71477646076445,8.583,1138.7923771362305,4182.215005032806,199.99890151145368,1.0,12.54664501509842,0,No actionable pattern today.,Stop 126.3; to breakeven at +1.0R; trail 2.5×ATR from +1.0R; scale 1/2 at T1 (+1.5R); time-stop 15 bars if < +0.5R,,132.67999267578125,2.8597532172171767,2.155376375551445,48.425637857714236,45.48851973193759,29.9948588559763,0.1964887468068482,0.7829331055320966,0.010433288726368062,-0.12035805942764355,-0.17208401113813598,-0.07904642838720333,1.0029874315380272,1189386738.6281204,0.0,0.0,0.0,0.0,-0.24638055111664844,0.34513274336283184,-0.24638055111664844,-0.9313160420064095,-0.7251996221162141,0.9765722940092784,0.03998995371055702,0.19973833564569277,,,,,,,,2026-10-02,False,max 6 positions in RISK_ON
CDNS,No clean setup,False,30.17564664261053,,,False,True,volume accumulation,351.3500061035156,308.04069112098574,12.326544536837147,416.3139785773104,481.2779510511053,1.2574,441.7874976745606,1622.4645852098238,199.99381969029898,1.0,4.867393755629472,0,No actionable pattern today.,Stop 308; to breakeven at +1.0R; trail 2.5×ATR from +1.0R; scale 1/2 at T1 (+1.5R); time-stop 15 bars if < +0.5R,55-day high sits before T1 (resistance),351.3500061035156,12.374089995008543,3.521869867667757,70.80559570534197,97.5916054093531,25.82573915061635,2.7607050446416213,0.8431927909115637,0.14569403828036775,-0.06498651734869587,0.2605841151145116,-0.12870411579355978,1.0344321947316495,849097182.3059082,0.0,0.0,0.0,0.0,-0.24884488605772534,0.336283185840708,-0.24884488605772534,-0.12553946749811157,-0.2534269836980532,-0.8687910439769334,-1.2917256435657338,1.4887995153106874,,,,,,,,2026-10-02,False,max 6 positions in RISK_ON
LMT,No clean setup,False,27.884455727363445,,,False,True,volatility compression,505.4100036621094,482.17808982773596,4.5966470125322365,540.2578744136695,575.1057451652296,2.3441,1184.7315895843506,4350.926762748527,199.99674505734572,1.0,13.052780288245582,0,No actionable pattern today.,Stop 482.2; to breakeven at +1.0R; trail 2.5×ATR from +1.0R; scale 1/2 at T1 (+1.5R); time-stop 15 bars if < +0.5R,,505.4100036621094,11.615956917186718,2.29832350626612,31.09836958395026,0.652169480879266,36.38758436371649,-1.7684666835418337,0.7396896482047658,-0.04917690665255081,-0.05476566328482224,-0.17810938819619715,0.09275544003723613,0.9923396189991488,642134144.7271729,0.0,0.0,0.0,0.0,-0.30903461195425613,0.3274336283185841,-0.30903461195425613,-0.7430509952111726,-0.617708958292747,0.022898061030646417,1.04453488511057,-0.5207844861363765,,,,,,,,2026-10-02,False,max 6 positions in RISK_ON
EFA,No clean setup,False,27.87649450907235,,,False,True,distribution in volume,103.95999908447266,101.57364990897072,2.2954494002668344,107.53952284772555,111.11904661097846,13.096,1361.460148010254,4999.962393567657,114.77160677671603,1.0,14.999887180702974,0,No actionable pattern today.,Stop 101.6; to breakeven at +1.0R; trail 2.5×ATR from +1.0R; scale 1/2 at T1 (+1.5R); time-stop 15 bars if < +0.5R,size capped at 25% of capital,103.95999908447266,1.193174587750965,1.1477247001334152,42.22994426016908,59.19076349192279,22.03817308669382,-1.1306285315481641,0.9547249487298238,-0.02895571216900572,-0.014223402361292603,0.07760319608862232,0.17617208028692333,1.8577647971652715,1498433614.7190857,0.0,0.0,0.0,0.0,-0.3092460660043203,0.3185840707964602,-0.3092460660043203,-0.4523739649002952,0.09895308203969383,0.20588445546801862,-1.1195807099312634,-1.0058492766039713,,,,,,,,2026-10-02,False,max 6 positions in RISK_ON
WMT,No clean setup,False,27.422450415013692,,,False,True,volatility compression,104.26000213623047,99.91763252125472,4.16494295607421,110.7735565586941,117.28711098115772,12.5412,1307.5455387908935,4801.960991209557,199.99893605681373,1.0,14.405882973628673,0,No actionable pattern today.,Stop 99.92; to breakeven at +1.0R; trail 2.5×ATR from +1.0R; scale 1/2 at T1 (+1.5R); time-stop 15 bars if < +0.5R,,104.26000213623047,2.171184807487876,2.082471478037105,40.1670915252336,19.50932567340061,10.960911819677909,-1.2459060645961586,0.7732287687013829,-0.017249451077665512,-0.05549387741448153,-0.1675884640405827,0.049266705502047925,0.9601102166722895,2389803156.0884476,0.0,0.0,0.0,0.0,-0.32133486134530903,0.30973451327433627,-0.32133486134530903,-0.8335943290707402,-0.5643376782590663,0.19041473910728657,0.5633208529769997,-0.34158899861125525,,,,,,,,2026-10-02,False,max 6 positions in RISK_ON
GLD,No clean setup,False,27.265689455787964,,,False,True,no dominant factor,380.1400146484375,366.1749692403668,3.673658354800112,401.08758276054357,422.0351508726496,3.5814,1361.433448461914,4999.8643394763785,183.67793403584542,1.0,14.999593018429138,0,No actionable pattern today.,Stop 366.2; to breakeven at +1.0R; trail 2.5×ATR from +1.0R; scale 1/2 at T1 (+1.5R); time-stop 15 bars if < +0.5R,size capped at 25% of capital,380.1400146484375,6.982522704035335,1.836829177400053,38.80547140457162,28.278495463487218,17.852423874755733,-1.684984014840481,0.7458112724039553,-0.05620930582321426,-0.005207626223921569,-0.1147388011305881,0.13130915979071855,0.9139844478049356,3447219397.062378,0.0,0.0,0.0,0.0,-0.3255221662427954,0.3008849557522124,-0.3255221662427954,-0.7720849792524608,-0.45789969401747316,0.0492353783968736,0.376708594368354,-0.3658197983574227,,,,,,,,2026-10-02,False,max 6 positions in RISK_ON
SCHW,No clean setup,False,26.86690847621783,,,False,True,no dominant factor,96.69999694824219,92.27958075566305,4.571268182092217,103.3306212371109,109.9612455259796,12.3198,1191.3246224029542,4375.139675774849,199.99936792078825,1.0,13.125419027324549,0,No actionable pattern today.,Stop 92.28; to breakeven at +1.0R; trail 2.5×ATR from +1.0R; scale 1/2 at T1 (+1.5R); time-stop 15 bars if < +0.5R,,96.69999694824219,2.2102080962895707,2.2856340910461093,29.9084621635224,16.607912940117984,27.341106099964392,-2.5133761570308395,0.8443202477857902,-0.10661494034812846,-0.036156098663441716,0.037964980789151115,0.1883299986874727,0.991149728991067,879261311.6099548,0.0,0.0,0.0,0.0,-0.33620668906736,0.2920353982300885,-0.33620668906736,-0.31734409650934225,-0.1866855678821231,-0.539392815794156,-0.12415793330144026,-0.655004242822213,,,,,,,,2026-10-02,False,max 6 positions in RISK_ON
WFC,No clean setup,False,26.84012346473026,,,False,True,no dominant factor,80.44999694824219,76.73419506808928,4.61877193425313,86.02369976847154,91.59740258870092,14.656,1179.0751552734375,4330.153507741699,199.99991492565104,1.0,12.9904605232251,0,No actionable pattern today.,Stop 76.73; to breakeven at +1.0R; trail 2.5×ATR from +1.0R; scale 1/2 at T1 (+1.5R); time-stop 15 bars if < +0.5R,,80.44999694824219,1.8579009400764517,2.309385967126561,33.70420871585789,51.69928488265501,24.60257283087941,-1.8359056796299267,0.8364812153414038,-0.09880138934125593,-0.07476413366365953,0.009608703624004677,0.12794204122395536,1.0834082584095213,1168283708.3458328,0.0,0.0,0.0,0.0,-0.33692604489620503,0.2831858407079646,-0.33692604489620503,-0.5442475154220188,-0.3189246858252269,-0.1378599051663752,-0.04169823280692668,-0.5611135232060456,,,,,,,,2026-10-02,False,max 6 positions in RISK_ON
ADBE,No clean setup,False,26.62494748099987,,,False,True,no dominant factor,237.69000244140625,219.36153978977373,7.711078490207316,265.182696418855,292.6753903963038,2.9712,706.2245352539063,2593.6096057199707,199.99527242662344,1.0,7.780828817159914,0,No actionable pattern today.,Stop 219.4; to breakeven at +1.0R; trail 2.5×ATR from +1.0R; scale 1/2 at T1 (+1.5R); time-stop 15 bars if < +0.5R,,237.69000244140625,9.164231325816266,3.85553924510366,41.01981546747945,39.5654422431211,22.735256933589636,-1.0447888260882217,0.6535331164798105,-0.1504700125728622,0.08997108478112348,-0.021529704293434593,-0.18599439208872726,0.8504955971927577,1399978278.7765503,0.0,0.0,0.0,0.0,-0.3427129107767788,0.2743362831858407,-0.3427129107767788,-0.7408845992870967,-0.5721454379894548,0.3493471236443816,-0.05735010486100999,-0.2962410732719621,,,,,,,,2026-10-02,False,max 6 positions in RISK_ON
RTX,No clean setup,False,26.221917639408957,,,False,True,volatility compression,184.67999267578125,177.4592536354172,3.9098653491071738,195.5111012363273,206.34220979687336,7.372,1361.4609060058594,4999.965177306519,195.49190593493262,1.0,14.999895531919558,0,No actionable pattern today.,Stop 177.5; to breakeven at +1.0R; trail 2.5×ATR from +1.0R; scale 1/2 at T1 (+1.5R); time-stop 15 bars if < +0.5R,size capped at 25% of capital,184.67999267578125,3.6103695201820227,1.954932674553589,24.057914793898846,2.780997844864615,45.08472315166314,-2.354828009467505,0.8156883074450839,-0.0801873005349164,-0.07983562134155187,-0.05170311959990215,0.21866123694182504,0.8453135263228565,758648876.9794464,0.0,0.0,0.0,0.0,-0.3535907496209326,0.26548672566371684,-0.3535907496209326,-0.7765080573568882,-0.36562215647632557,-0.6612327833140841,0.5739410636440201,0.05625362026423619,,,,,,,,2026-10-02,False,max 6 positions in RISK_ON
XLP,No clean setup,False,26.069667054729386,,,False,True,no dominant factor,80.52999877929688,78.62675069066104,2.3634026046019665,83.38487091225062,86.23974304520438,16.9063,1361.4643183624269,4999.977709186012,118.16960340841996,1.0,14.999933127558041,0,No actionable pattern today.,Stop 78.63; to breakeven at +1.0R; trail 2.5×ATR from +1.0R; scale 1/2 at T1 (+1.5R); time-stop 15 bars if < +0.5R,size capped at 25% of capital,80.52999877929688,0.9516240443179151,1.1817013023009808,34.770412529269464,30.6526910777781,16.7598596671226,-1.8954276776318877,0.9106000991746596,-0.0522666992297981,-0.03615187909341244,-0.003271898247732219,0.11569382777787451,1.1932359381939022,909453754.7236252,0.0,0.0,0.0,0.0,-0.3577135489936111,0.25663716814159293,-0.3577135489936111,-0.4576374729902339,-0.11129175644191283,-0.2557550600976288,-0.5709597383404099,-0.7136117263767852,,,,,,,,2026-10-02,False,max 6 positions in RISK_ON
IWM,No clean setup,False,24.88945040080668,,,False,True,no dominant factor,281.5199890136719,274.30682503335464,2.5622208943631812,292.33973498414775,303.1594809546236,4.8361,1361.4588188690186,4999.957512296471,128.1099560893417,1.0,14.999872536889413,0,No actionable pattern today.,Stop 274.3; to breakeven at +1.0R; trail 2.5×ATR from +1.0R; scale 1/2 at T1 (+1.5R); time-stop 15 bars if < +0.5R,size capped at 25% of capital,281.5199890136719,3.6065819901586122,1.281110447181589,40.032878996742156,84.2769230621439,37.09857612721068,-0.8966561940379758,0.924881222808249,-0.039980755587742944,-0.0556866469625209,0.12589633819484525,0.2215904309105754,1.2551592230372026,6913608979.190216,0.0,0.0,0.0,0.0,-0.38993880347954596,0.24778761061946902,-0.38993880347954596,-0.6671558847122011,0.015709644929013528,-0.09297454206729419,-0.9101395363285693,-0.7748714213049887,,,,,,,,2026-10-02,False,max 6 positions in RISK_ON
SLV,No clean setup,False,24.772303884193633,,,False,True,weak momentum; volatility compression,54.7400016784668,51.333624558506614,6.2228297689295795,59.84956735840707,64.95913303834735,15.9873,875.1448288341522,3213.969383893424,199.99984358520257,1.0,9.641908151680274,0,No actionable pattern today.,Stop 51.33; to breakeven at +1.0R; trail 2.5×ATR from +1.0R; scale 1/2 at T1 (+1.5R); time-stop 15 bars if < +0.5R,,54.7400016784668,1.7031885599800904,3.1114148844647875,40.22260288837025,31.39584158034225,13.276377509527979,-1.5128333064903867,0.4984066353988618,-0.0733028278098471,-0.02441630577405518,-0.1679586423968661,0.3766021884147528,1.0227036908536937,897374624.2759705,0.0,0.0,0.0,0.0,-0.3931643507960498,0.23893805309734514,-0.3931643507960498,-0.7857382828429371,-0.9166701776980841,0.2194868241884374,0.7368706788991893,-0.3482637116191589,,,,,,,,2026-10-02,False,max 6 positions in RISK_ON
ABT,No clean setup,False,24.66480284919492,,,False,True,no dominant factor,97.5,92.90469831016802,4.713129938289215,104.39295253474798,111.28590506949595,11.8509,1155.46275,4243.436949374999,199.99869727341965,1.0,12.730310848125,0,No actionable pattern today.,Stop 92.9; to breakeven at +1.0R; trail 2.5×ATR from +1.0R; scale 1/2 at T1 (+1.5R); time-stop 15 bars if < +0.5R,,97.5,2.2976508449159954,2.3565649691446104,29.734158768781228,33.05151614857094,31.723632175687428,-2.138000340683089,0.7368959788456949,-0.11740745068691483,0.026826322998503294,-0.03945334273772394,-0.15319260974850046,0.9412857868764606,903205992.0591736,0.0,0.0,0.0,0.0,-0.39612878306971505,0.23008849557522124,-0.39612878306971505,-0.6031477070020345,-0.5089266289027996,-0.5547173892506503,0.36939832406400813,-0.22774051848468488,,,,,,,,2026-10-02,False,max 6 positions in RISK_ON
XLB,No clean setup,False,23.814421792036633,,,False,True,distribution in volume,48.86000061035156,47.35340619187511,3.0834924266400106,51.11989223806624,53.37978386578092,27.8647,1361.4692590072632,4999.995853704174,154.17449348128272,1.0,14.999987561112523,0,No actionable pattern today.,Stop 47.35; to breakeven at +1.0R; trail 2.5×ATR from +1.0R; scale 1/2 at T1 (+1.5R); time-stop 15 bars if < +0.5R,size capped at 25% of capital,48.86000061035156,0.7532972092382256,1.541746213320003,35.19581914391307,55.80097921720487,20.30384725875154,-1.6107595621419746,0.905791755505945,-0.07299612453959592,-0.05569727239162059,-0.02264653065186173,0.2101919157211518,1.2786938757406394,582577866.6271019,0.0,0.0,0.0,0.0,-0.41973449727608336,0.22123893805309736,-0.41973449727608336,-0.5018674826662571,-0.12272012451291897,-0.3242978227082005,-0.5058114235042385,-1.0550825440273155,,,,,,,,2026-10-02,False,max 6 positions in RISK_ON
XLY,No clean setup,False,23.23645663546617,,,False,True,distribution in volume,110.04000091552734,106.98252747999261,2.778510914300895,114.62621106882943,119.21242122213154,12.3725,1361.469911327362,4999.998249349737,138.92549707303613,1.0,14.999994748049215,0,No actionable pattern today.,Stop 107; to breakeven at +1.0R; trail 2.5×ATR from +1.0R; scale 1/2 at T1 (+1.5R); time-stop 15 bars if < +0.5R,size capped at 25% of capital,110.04000091552734,1.5287367177673674,1.3892554571504487,41.576563581138785,85.76902626547579,24.09258361805966,-0.8341367209649319,0.8857219607500707,-0.039854092489970405,-0.06548296710826196,0.021748626184068698,-0.04164705963413018,1.1433141133721527,746984647.0818329,0.0,0.0,0.0,0.0,-0.4359436304098597,0.21238938053097345,-0.4359436304098597,-0.8447771730459693,-0.2752094808060984,0.08016625946512165,-0.32174907893274696,-0.908471305436628,,,,,,,,2026-10-02,False,max 6 positions in RISK_ON
MELI,No clean setup,False,23.211149207060515,,,False,True,no dominant factor,1696.56005859375,1586.011321750251,6.5160520715742285,1862.3831638589986,2028.206269124247,0.4926,835.7254848632812,3069.2018431604,199.99079028204767,1.0,9.207605529481203,0,No actionable pattern today.,Stop 1586; to breakeven at +1.0R; trail 2.5×ATR from +1.0R; scale 1/2 at T1 (+1.5R); time-stop 15 bars if < +0.5R,,1696.56005859375,55.27436842174951,3.2580260357871147,33.48743264295763,35.681501861241486,24.826148625713365,-1.776404235592397,0.698747964824444,-0.15450164172400827,-0.06043152267918661,-0.011052019633487342,-0.0782439158860927,1.063925321098148,1171575678.1396484,0.0,0.0,0.0,0.0,-0.4366565770485884,0.20353982300884957,-0.4366565770485884,-0.7503680559119786,-0.6894574124184876,-0.10324795524821334,0.10392324341923637,-0.21792428406544576,,,,,,,,2026-10-02,False,max 6 positions in RISK_ON
UBER,No clean setup,False,21.43693963625854,,,False,True,weak momentum; volatility compression; distribution in volume,68.11000061035156,64.42733339962592,5.4069405046605405,73.63400142644002,79.15800224252848,14.7878,1007.1970670257568,3698.9312286520917,199.99901084152776,1.0,11.096793685956277,0,No actionable pattern today.,Stop 64.43; to breakeven at +1.0R; trail 2.5×ATR from +1.0R; scale 1/2 at T1 (+1.5R); time-stop 15 bars if < +0.5R,,68.11000061035156,1.841333605362823,2.7034702523302747,36.83137405884916,38.432046153680616,24.882317449580565,-1.3810193120401597,0.6723925350860266,-0.10909086554361713,-0.05951391421661123,-0.0519208785868458,-0.20867408689312517,0.8570474402868532,1355510551.322937,0.0,0.0,0.0,0.0,-0.4873564300174737,0.19469026548672566,-0.4873564300174737,-0.8614774760875857,-0.8308284525782641,-0.031068669070269055,0.9693123143559106,-1.0215346672694643,,,,,,,,2026-10-02,False,max 6 positions in RISK_ON
MS,No clean setup,False,20.832116415926766,,,False,True,distribution in volume,190.30999755859375,180.82420846344823,4.984388217558029,204.53868120131204,218.7673648440303,5.741,1092.5696959838867,4012.462208500824,199.99669355448373,1.0,12.037386625502474,0,No actionable pattern today.,Stop 180.8; to breakeven at +1.0R; trail 2.5×ATR from +1.0R; scale 1/2 at T1 (+1.5R); time-stop 15 bars if < +0.5R,,190.30999755859375,4.742894547572757,2.492194108779013,30.01802824466496,59.75441169454376,36.506186087869665,-2.08874337229844,0.8239294063202846,-0.10154852715447726,-0.13841692307054643,0.16027967302328605,0.3807243746384532,1.3008142716338191,1119782445.4270172,0.0,0.0,0.0,0.0,-0.5049873483466452,0.18584070796460178,-0.5049873483466452,-0.7072147749820611,-0.24158939282497843,-0.5367979761605371,0.052970750840513864,-1.2692695413462998,,,,,,,,2026-10-02,False,max 6 positions in RISK_ON
GS,No clean setup,False,20.557861504466747,,,False,True,distribution in volume,902.5599975585938,854.7978465497714,5.291853299284035,974.2032240718272,1045.8464505850607,1.1402,1029.0989092163086,3779.365744096893,199.99849082100206,1.0,11.338097232290682,0,No actionable pattern today.,Stop 854.8; to breakeven at +1.0R; trail 2.5×ATR from +1.0R; scale 1/2 at T1 (+1.5R); time-stop 15 bars if < +0.5R,,902.5599975585938,23.881075504411147,2.645926649642014,32.137621945546556,46.0739044274458,32.96003807052872,-2.0160455713509617,0.7859516763810489,-0.10141174716221646,-0.14053925214839857,0.055545102249277,0.3038347664245067,0.9694375024376194,2041621826.5100098,0.0,0.0,0.0,0.0,-0.5130449258017497,0.17699115044247787,-0.5130449258017497,-0.7393001888024698,-0.4267104834950091,-0.492786815219193,0.15839239689461448,-0.9781949941373589,,,,,,,,2026-10-02,False,max 6 positions in RISK_ON
AXP,No clean setup,False,19.825916704449007,,,False,True,no dominant factor,302.7799987792969,291.1712188254226,3.83406433736601,320.19316871010824,337.60633864091966,4.4965,1361.4502645111083,4999.926096417045,191.70038335738238,1.0,14.999778289251138,0,No actionable pattern today.,Stop 291.2; to breakeven at +1.0R; trail 2.5×ATR from +1.0R; scale 1/2 at T1 (+1.5R); time-stop 15 bars if < +0.5R,size capped at 25% of capital,302.7799987792969,5.804389976937137,1.9170321686830067,32.807173716233876,33.848679193702424,30.515637785173396,-1.7477845355877841,0.7877499475481446,-0.08242927238449671,-0.1495660483177702,0.011422561477987703,0.01506452166773542,1.2109126476729046,1041598690.332489,0.0,0.0,0.0,0.0,-0.5347508471387556,0.168141592920354,-0.5347508471387556,-0.9325003095444624,-0.6064382691329745,-0.1593914971552395,-0.041701844449025055,-0.6161213950067991,,,,,,,,2026-10-02,False,max 6 positions in RISK_ON
ORCL,No clean setup,False,19.694762671501763,,,False,True,weak momentum; favourable entry timing,142.3000030517578,128.55924620099265,9.656188725285784,162.91113832790558,183.5222736040533,3.9633,563.9776020950317,2071.207743694004,199.9997286238265,1.0,6.213623231082013,0,No actionable pattern today.,Stop 128.6; to breakeven at +1.0R; trail 2.5×ATR from +1.0R; scale 1/2 at T1 (+1.5R); time-stop 15 bars if < +0.5R,,142.3000030517578,6.8703784253825875,4.828094362642895,48.3149162172849,89.80275945172583,11.472340219070219,-0.1313543001359208,0.44544109280549854,-0.023670648015383766,-0.006712152106469027,-0.021083638294301155,-0.4899442594304707,1.0732409865411365,5304588783.418121,0.0,0.0,0.0,0.0,-0.5386722540649546,0.1592920353982301,-0.5386722540649546,-0.5586223042236786,-1.2653718393066884,0.7115812322538743,-0.3616884839679411,-0.7343871902184279,,,,,,,,2026-10-02,False,max 6 positions in RISK_ON
BAC,No clean setup,False,19.12217383092163,,,False,True,no dominant factor,53.75,51.457612175577815,4.264907580320345,57.18858173663328,60.627163473266556,23.7563,1276.9011249999999,4689.419381562499,199.99940267727047,1.0,14.0682581446875,0,No actionable pattern today.,Stop 51.46; to breakeven at +1.0R; trail 2.5×ATR from +1.0R; scale 1/2 at T1 (+1.5R); time-stop 15 bars if < +0.5R,,53.75,1.1461939122110942,2.1324537901601754,22.309818361934177,6.226727091521923,42.30580461041279,-3.1675622752467856,0.828211477012814,-0.13699301270240127,-0.09809291827452815,0.09973531874454045,0.25512690978912733,1.1529439995455664,2252380355.845108,0.0,0.0,0.0,0.0,-0.5559111033281089,0.1504424778761062,-0.5559111033281089,-0.7250745898482699,-0.25945704461009583,-0.9687481015546825,-0.30010251134460786,-0.5952723717264604,,,,,,,,2026-10-02,False,max 6 positions in RISK_ON
SPGI,No clean setup,False,18.716389047352465,,,False,True,distribution in volume,386.2699890136719,367.08582408814965,4.966517066083332,415.0462364019552,443.82248379023855,2.8387,1096.5046178131104,4026.913208918648,199.99733175730856,1.0,12.080739626755944,0,No actionable pattern today.,Stop 367.1; to breakeven at +1.0R; trail 2.5×ATR from +1.0R; scale 1/2 at T1 (+1.5R); time-stop 15 bars if < +0.5R,,386.2699890136719,9.592082462761123,2.4832585330416688,31.946587094203096,8.251238090397308,20.170039394835722,-1.975141199440205,0.7444274657908018,-0.10525585078133304,-0.13434712507287982,-0.048713640092798105,-0.044209620662727045,1.3883232570929571,786127033.5939026,0.0,0.0,0.0,0.0,-0.5682490211626432,0.1415929203539823,-0.5682490211626432,-0.7982932226808666,-0.7349302179183709,-0.2595917953635047,0.3532809285593691,-1.0759734146575963,,,,,,,,2026-10-02,False,max 6 positions in RISK_ON
XLF,No clean setup,False,17.080396670891645,,,False,True,distribution in volume,53.4900016784668,52.08186132515406,2.6325300226707724,55.6022122084359,57.71442273840501,25.4528,1361.4703147216796,4999.999730815368,131.62649404717237,1.0,14.999999192446104,0,No actionable pattern today.,Stop 52.08; to breakeven at +1.0R; trail 2.5×ATR from +1.0R; scale 1/2 at T1 (+1.5R); time-stop 15 bars if < +0.5R,size capped at 25% of capital,53.4900016784668,0.7040701766563686,1.3162650113353849,27.510594261138408,23.98088986687189,34.18022827908628,-2.397907453778606,0.91602925288324,-0.06903723271328832,-0.043831299344562535,0.08757012893314986,0.09313890032168026,1.340591072427754,2101913031.945343,0.0,0.0,0.0,0.0,-0.6190921337105745,0.13274336283185842,-0.6190921337105745,-0.5842769680634401,-0.06750180160814576,-0.5783004233136636,-1.2143802380772948,-1.5335977564895602,,,,,,,,2026-10-02,False,max 6 positions in RISK_ON
IBM,No clean setup,False,16.554091409847043,,,False,True,weak momentum,222.63999938964844,208.9497530017578,6.149050676168456,243.17536897148437,263.7107385533203,3.9779,885.6396535720825,3252.5116277434727,199.99858823821768,1.0,9.757534883230418,0,No actionable pattern today.,Stop 208.9; to breakeven at +1.0R; trail 2.5×ATR from +1.0R; scale 1/2 at T1 (+1.5R); time-stop 15 bars if < +0.5R,,222.63999938964844,6.845123193945318,3.074525338084231,41.561470854720504,44.747302929692985,13.655420698485207,-0.987908664733388,0.6744784719234238,-0.039102277418750275,-0.2513451065582174,-0.08975063760160729,-0.1702206826198106,1.0011826634056535,1377706366.6525269,0.0,0.0,0.0,0.0,-0.6358533499085198,0.12389380530973451,-0.6358533499085198,-0.877325130115261,-1.1749545390503089,0.13676767113782834,0.18591305881843437,-0.7858547569370407,,,,,,,,2026-10-02,False,max 6 positions in RISK_ON
BA,No clean setup,False,16.396976417175217,,,False,True,no dominant factor,193.55999755859375,180.63133571347674,6.679407939754334,212.95299032626926,232.34598309394477,4.2122,815.3134217163087,2994.2385412531435,199.99740685964682,1.0,8.982715623759432,0,No actionable pattern today.,Stop 180.6; to breakeven at +1.0R; trail 2.5×ATR from +1.0R; scale 1/2 at T1 (+1.5R); time-stop 15 bars if < +0.5R,,193.55999755859375,6.464330922558503,3.339703969877167,41.20412676005549,78.558872026301,31.2455684139875,-0.8558241667698184,0.7609985960834555,-0.07329917133384334,-0.17472498038978157,-0.07040631820269028,-0.02941450706701043,1.939243084068421,1662729134.9617004,0.0,0.0,0.0,0.0,-0.6408978951491267,0.11504424778761062,-0.6408978951491267,-1.0300695407436238,-0.7795669283038105,0.1499632085898954,-0.7339700648381133,-0.6091015069929683,,,,,,,,2026-10-02,False,max 6 positions in RISK_ON
KWEB,No clean setup,False,15.51149051335641,,,False,True,weak momentum,23.860000610351562,23.007853670395104,3.571445591609743,25.138221020286252,26.41644143022094,57.0607,1361.4683368270873,4999.992466997478,178.5720105434007,1.0,14.999977400992437,0,No actionable pattern today.,Stop 23.01; to breakeven at +1.0R; trail 2.5×ATR from +1.0R; scale 1/2 at T1 (+1.5R); time-stop 15 bars if < +0.5R,size capped at 25% of capital,23.860000610351562,0.42607346997823003,1.7857227958048743,33.164905612214355,6.468954208645371,21.668100185435918,-2.3752424948952773,0.5837340506140433,-0.07159533455116673,-0.06760451472921836,-0.15058738053608112,-0.3575464842051018,1.0497496000659587,368479190.63676834,0.0,0.0,0.0,0.0,-0.6696974496085093,0.10619469026548672,-0.6696974496085093,-0.9032586414119208,-1.1619109084678265,-0.4290755583845576,0.4103242456592407,-0.4129959509570699,,,,,,,,2026-10-02,False,max 6 positions in RISK_ON
XLU,No clean setup,False,15.30477066855142,,,False,True,no dominant factor,39.83000183105469,38.654601606333756,2.9510423567304342,41.593102168136085,43.35620250521748,34.182,1361.4691225891115,4999.995352708512,147.55198069298146,1.0,14.999986058125536,0,No actionable pattern today.,Stop 38.65; to breakeven at +1.0R; trail 2.5×ATR from +1.0R; scale 1/2 at T1 (+1.5R); time-stop 15 bars if < +0.5R,size capped at 25% of capital,39.83000183105469,0.5877001123604669,1.4755211783652202,35.381046569887104,77.33675026235363,34.35982039083225,-1.4425406115229444,0.8463440014209626,-0.05969369518491341,-0.11428548161233154,-0.12863460247965186,-0.010410969500814438,2.158142570060202,1197847882.8165245,0.0,0.0,0.0,0.0,-0.6765145523724772,0.09734513274336283,-0.6765145523724772,-1.0611494430500161,-0.5232565086949241,-0.32582975215014925,-0.9319226937432489,-0.5610089391740011,,,,,,,,2026-10-02,False,max 6 positions in RISK_ON
BKNG,No clean setup,False,13.719816159088396,,,False,True,distribution in volume,159.02000427246094,147.0151257079538,7.549288292017815,177.02732211922162,195.0346399659823,4.5363,721.3624453811645,2649.2035806623267,199.99601574665778,1.0,7.947610741986981,0,No actionable pattern today.,Stop 147; to breakeven at +1.0R; trail 2.5×ATR from +1.0R; scale 1/2 at T1 (+1.5R); time-stop 15 bars if < +0.5R,,159.02000427246094,6.002439282253558,3.7746441460089057,30.462212802648125,11.516533824241591,32.87513036803846,-1.9067141688466933,0.7132396000243254,-0.20138256945434796,-0.11946061134060626,-0.04749067670023688,-0.06111699805423898,1.056327265293137,1523793865.8691406,0.0,0.0,0.0,0.0,-0.7300639794812263,0.08849557522123894,-0.7300639794812263,-0.983777130234425,-0.7799053220665556,-0.4337191267957688,-0.2956054424673493,-0.9770101375535685,,,,,,,,2026-10-02,False,max 6 positions in RISK_ON
NEE,No clean setup,False,10.247649027237099,,,False,True,distribution in volume,76.83000183105469,74.07611392730226,3.584391303033012,80.96083368668333,85.09166554231197,17.7205,1361.4660474472046,4999.984059249859,179.21899377278893,1.0,14.999952177749579,0,No actionable pattern today.,Stop 74.08; to breakeven at +1.0R; trail 2.5×ATR from +1.0R; scale 1/2 at T1 (+1.5R); time-stop 15 bars if < +0.5R,size capped at 25% of capital,76.83000183105469,1.3355589392284655,1.7383299588685321,33.190297939917855,87.81446229135595,47.295819932271044,-1.5550907802189489,0.7896174742656916,-0.07545122452702568,-0.1147329050756396,-0.16291224148730088,0.08666853829230314,1.3378166683502,1004939149.1556549,0.0,0.0,0.0,0.0,-0.8568047069502569,0.07964601769911504,-0.8568047069502569,-1.2205967840793803,-0.6155540034963948,-0.5014623908327042,-0.7737993255306002,-1.34836616692265,,,,,,,,2026-10-02,False,max 6 positions in RISK_ON
HD,No clean setup,False,10.236720375555933,,,False,True,weak momentum; distribution in volume,282.8500061035156,269.4775865326623,4.727742366022562,302.9086354597956,322.96726481607556,4.0724,1151.878364855957,4230.273294933502,199.99642276310973,1.0,12.690819884800508,0,No actionable pattern today.,Stop 269.5; to breakeven at +1.0R; trail 2.5×ATR from +1.0R; scale 1/2 at T1 (+1.5R); time-stop 15 bars if < +0.5R,,282.8500061035156,6.686209785426667,2.363871183011285,26.515071582228373,15.428845841135285,32.59178762522188,-2.5129555743079375,0.7267832708787364,-0.10541459720521595,-0.18741079839681507,-0.10744770943047433,-0.18106433798566812,1.3724650106557985,1527906785.209961,0.0,0.0,0.0,0.0,-0.857227780600447,0.07079646017699115,-0.857227780600447,-1.0299752543683358,-0.9692915492463965,-0.6703778539730956,0.02839133312066875,-1.3974674151119366,,,,,,,,2026-10-02,False,max 6 positions in RISK_ON
PEP,No clean setup,False,9.919197497201292,,,False,True,distribution in volume,125.88999938964844,121.46193369007662,3.517408627405176,132.53209793900618,139.1741964883639,10.8147,1361.462576399231,4999.971311826176,175.86942228995767,1.0,14.99991393547853,0,No actionable pattern today.,Stop 121.5; to breakeven at +1.0R; trail 2.5×ATR from +1.0R; scale 1/2 at T1 (+1.5R); time-stop 15 bars if < +0.5R,size capped at 25% of capital,125.88999938964844,2.214032849785911,1.7587043137025897,26.050812666683512,23.262424128762376,28.027071024665137,-2.41071446491349,0.7564859394577309,-0.09454267931651983,-0.11204637323527555,-0.18111247763409044,0.01067736880757919,1.0180863028420972,1214527028.0843735,0.0,0.0,0.0,0.0,-0.8695951194753814,0.061946902654867256,-0.8695951194753814,-0.9808755636924297,-0.7271320637166321,-0.8704455356078354,-0.47781759498136656,-1.3936937707334902,,,,,,,,2026-10-02,False,max 6 positions in RISK_ON
TLT,No clean setup,False,9.838752908388557,,,False,True,distribution in volume,77.4800033569336,75.85591748211883,2.096135524585557,79.91613216915574,82.3522609813779,17.5718,1361.4631229873658,4999.9733191711,104.80621696294504,1.0,14.999919957513303,0,No actionable pattern today.,Stop 75.86; to breakeven at +1.0R; trail 2.5×ATR from +1.0R; scale 1/2 at T1 (+1.5R); time-stop 15 bars if < +0.5R,size capped at 25% of capital,77.4800033569336,0.8120429374073851,1.0480677622927803,27.022285287025028,20.884985012591713,25.690503127905636,-2.7125543065962807,0.8791230065661432,-0.050737582353322264,-0.08244925374105261,-0.08635149092060657,-0.043483932480816945,1.8541310235847182,3802131605.1558304,0.0,0.0,0.0,0.0,-0.8727518451903739,0.05309734513274336,-0.8727518451903739,-0.9455140807858625,-0.3881516920863505,-0.712062710731579,-2.1824051471897783,-0.870108156448242,,,,,,,,2026-10-02,False,max 6 positions in RISK_ON
INTU,No clean setup,False,9.073221286288206,,,False,True,weak momentum; distribution in volume,281.0799865722656,255.9158031795977,8.952677029603535,318.8262616612675,356.57253675026936,2.1641,608.28519894104,2233.927393110969,199.9963045810668,1.0,6.701782179332908,0,No actionable pattern today.,Stop 255.9; to breakeven at +1.0R; trail 2.5×ATR from +1.0R; scale 1/2 at T1 (+1.5R); time-stop 15 bars if < +0.5R,,281.0799865722656,12.582091696333961,4.476338514801768,37.11816743435563,67.9948786096636,22.02158737320913,-1.3987573192454998,0.4116823717179135,-0.1803814528161084,0.03742578555436671,-0.32967822414487014,-0.48963562458841425,0.9506289319445006,1107955559.3736267,0.0,0.0,0.0,0.0,-0.9032871593459919,0.04424778761061947,-0.9032871593459919,-0.9489127669848306,-1.3807276321013986,0.002657411261505871,-0.4496236233632201,-1.4310151540738147,,,,,,,,2026-10-02,False,max 6 positions in RISK_ON
LOW,No clean setup,False,8.026529129263299,,,False,True,weak momentum; distribution in volume,180.8000030517578,171.82995073166248,4.961312040203599,194.25508153190083,207.71016001204381,6.0711,1097.654898527527,4031.1376148423424,199.9973158423493,1.0,12.093412844527029,0,No actionable pattern today.,Stop 171.8; to breakeven at +1.0R; trail 2.5×ATR from +1.0R; scale 1/2 at T1 (+1.5R); time-stop 15 bars if < +0.5R,,180.8000030517578,4.48502616004767,2.480656020101801,25.497365930615516,1.2568495197983651,27.562595028550806,-2.6068460717753665,0.6237310556424541,-0.09527618912652436,-0.18707045839108694,-0.20880138264839831,-0.1776062639174828,1.140828952247709,635000821.9524384,0.0,0.0,0.0,0.0,-0.9465944722362294,0.035398230088495575,-0.9465944722362294,-1.0755811180140764,-1.2430421796872684,-0.752925080676827,0.2761477897375069,-1.460748261365776,,,,,,,,2026-10-02,False,max 6 positions in RISK_ON
NVO,No clean setup,False,7.334185456194948,,,False,True,weak momentum; distribution in volume,37.31999969482422,35.18829383174464,5.711966453673954,40.51755848944359,43.71511728406296,25.547,953.4140322036743,3501.413033267994,199.99953786483545,1.0,10.504239099803984,0,No actionable pattern today.,Stop 35.19; to breakeven at +1.0R; trail 2.5×ATR from +1.0R; scale 1/2 at T1 (+1.5R); time-stop 15 bars if < +0.5R,,37.31999969482422,1.0658529315397922,2.855983226836981,27.07603797603872,2.5754676590330803,33.15380203473146,-3.1977540045680493,0.6107088459146764,-0.20205261215409676,-0.23270630948984206,0.02208994905228634,-0.17010569844542311,0.9722386254289801,567133419.0462303,0.0,0.0,0.0,0.0,-0.976328474916638,0.02654867256637168,-0.976328474916638,-1.0371350823111,-1.2023685001278737,-1.0532981738715075,0.42361603899343603,-1.5741051625773936,,,,,,,,2026-10-02,False,max 6 positions in RISK_ON
NFLX,No clean setup,False,6.951241048685578,,,False,True,weak momentum; distribution in volume,67.05999755859375,63.10416820323914,5.898940500106936,72.99374159162566,78.92748562465758,13.7667,923.1948683898926,3390.4331541618803,199.9996344599082,1.0,10.171299462485642,0,No actionable pattern today.,Stop 63.1; to breakeven at +1.0R; trail 2.5×ATR from +1.0R; scale 1/2 at T1 (+1.5R); time-stop 15 bars if < +0.5R,,67.05999755859375,1.9779146776773044,2.9494702500534675,31.05639503967032,6.694433850346357,25.83663917274907,-2.901226038739281,0.5370815091365146,-0.18941140048952432,-0.11786371323511335,-0.3202919615910341,-0.29344943253566447,1.1760206296413005,2612330058.6914825,0.0,0.0,0.0,0.0,-0.993179276998885,0.017699115044247787,-0.993179276998885,-0.977293077452111,-1.4238436547845397,-0.8060932758196923,0.27938583615236195,-1.5014848465483321,,,,,,,,2026-10-02,False,max 6 positions in RISK_ON
MCD,No clean setup,False,4.091347860230625,,,False,True,weak momentum; distribution in volume,231.88999938964844,222.9157136447045,3.870061567365953,245.35142800706433,258.8128566244802,5.8711,1361.449375416565,4999.922831217335,193.5000918888977,1.0,14.99976849365201,0,No actionable pattern today.,Stop 222.9; to breakeven at +1.0R; trail 2.5×ATR from +1.0R; scale 1/2 at T1 (+1.5R); time-stop 15 bars if < +0.5R,size capped at 25% of capital,231.88999938964844,4.487142872471962,1.9350307836829757,24.016014562614487,34.36109302872542,46.71111989403166,-2.689904345141247,0.6918378497943029,-0.11136237385697967,-0.16444278694442727,-0.23447891257838493,-0.10933757033223046,1.10992251299454,1489251773.4804535,0.0,0.0,0.0,0.0,-1.1298272282565636,0.008849557522123894,-1.1298272282565636,-1.3470474178820075,-1.045554248944932,-0.9567518073044663,-0.3712291402548684,-1.9242805167145944,,,,,,,,2026-10-02,False,max 6 positions in RISK_ON
