ticker,setup,eligible,conviction,earnings_flag,earnings_date,veto,liquid,why,entry,stop,stop_pct,t1,t2,units,pos_native,pos_aed,risk_aed,risk_pct,cost_aed,hold_days,entry_note,exit_rule,plan_flags,close,atr,atr_pct,rsi14,rsi2,adx,dist21_atr,pct_52w_high,mom_1m,mom_3m,mom_6m,mom_12_1,rvol,adv20,squeeze_on,breakout20,breakout55,uptrend,composite,comp_rank,composite_final,g_trend,g_momentum,g_timing,g_volatility,g_volume,g_fundamentals,g_sentiment,social_buzz,social_bull,sector,shortName,shortPercentOfFloat,date,selected,skip_reason
ANET,Momentum continuation,True,74.23154119220217,,2026-11-03,False,True,momentum leader; strong trend structure; volatility compression,207.35000610351562,193.6299203764551,6.616872593778001,227.9301346941064,248.51026328469723,1.9846,411.5068221130371,1511.2588042101288,99.99806963683713,0.5,4.533776412630387,15,Half-size starter at market; add on a 2–3 day tight consolidation.,Stop 193.6; to breakeven at +1.0R; trail 2.5×ATR from +1.0R; scale 1/2 at T1 (+1.5R); time-stop 15 bars if < +0.5R,55-day high sits before T1 (resistance),207.35000610351562,6.860042863530268,3.3084362968890004,60.17701825557926,90.49943570957879,17.013239465064384,0.9834859282800672,0.9649123118453691,0.11418591780260323,0.1966182338656004,0.6368014335649153,0.24673411118706268,0.6911166842790228,955404383.8394928,0.0,0.0,0.0,1.0,0.7642712813863574,0.9380530973451328,0.6612737038133271,1.3016536919862616,0.8835492602152724,0.036060687870990975,0.9129833010265032,0.3349153837471646,-0.12317717035974926,0.6217439574021614,2.0823862146936785,1.0,Technology,"Arista Networks, Inc.",0.0127,2026-10-02,True,
MU,No clean setup,False,73.83845337942883,,2026-12-23,False,True,momentum leader; strong trend structure; volume accumulation; quality/growth fundamentals,1074.8900146484375,981.9208150516392,8.649182551686978,1214.343814043635,1353.7976134388323,0.5857,629.5630815795898,2312.0704171010434,199.97519109861983,1.0,6.936211251303131,0,No actionable pattern today.,Stop 981.9; to breakeven at +1.0R; trail 2.5×ATR from +1.0R; scale 1/2 at T1 (+1.5R); time-stop 15 bars if < +0.5R,55-day high sits before T1 (resistance); Ex-dividend 2026-10-14,1074.8900146484375,46.48459979839912,4.3245912758434875,59.26429437447494,42.45357366619975,15.075832587154943,0.9716741684098249,0.8566178152483285,0.12426783892025339,0.09153593769833712,1.9353850195172875,4.25728605167939,0.9310667042970141,27127676201.046143,0.0,0.0,0.0,1.0,0.9609792953960725,0.9734513274336283,1.0289106361771032,0.9177359528669836,1.6809717991902933,0.3208603957047088,0.14030621794116319,1.0283361479606528,1.8217039350489939,0.7795680635534555,5.505156504887216,0.8571428571428571,Technology,"Micron Technology, Inc.",0.024500001,2026-10-02,False,not actionable today
MSFT,Momentum continuation,True,72.35528964850369,,2026-10-28,False,True,momentum leader; strong trend structure,517.530029296875,488.32449488414744,5.643254064388628,561.3383309159664,605.1466325350577,0.9323,482.49324631347656,1771.9564470862426,99.99600421939073,0.5,5.315869341258729,15,Half-size starter at market; add on a 2–3 day tight consolidation.,Stop 488.3; to breakeven at +1.0R; trail 2.5×ATR from +1.0R; scale 1/2 at T1 (+1.5R); time-stop 15 bars if < +0.5R,55-day high sits before T1 (resistance),517.530029296875,11.582025346222808,2.2379426681691,62.70069602530057,91.61115529424146,36.37915330770726,1.2756629000090682,0.9423320985128818,0.04168516095838526,0.3407051562809811,0.39138679429888623,-0.036178563990071355,0.7612152810976881,10681883933.50296,0.0,0.0,0.0,1.0,0.6392027780560577,0.911504424778761,0.6013463500207917,1.5135998428862947,0.8035128817709544,-0.415923681705886,0.47671527929123897,0.22481057751607716,-0.092789799872055,0.9926310756315092,3.4485667056908595,1.0,Technology,Microsoft Corporation,0.0091,2026-10-02,True,
PANW,Momentum continuation,True,70.56215940730668,,2026-11-19,False,True,momentum leader; strong trend structure; volume accumulation,403.239990234375,353.2769536640306,12.390397227542936,478.18454508989157,553.1290999454081,0.5449,219.72547067871096,806.941791067566,99.983293308321,0.5,2.4208253732026983,15,Half-size starter at market; add on a 2–3 day tight consolidation.,Stop 353.3; to breakeven at +1.0R; trail 2.5×ATR from +1.0R; scale 1/2 at T1 (+1.5R); time-stop 15 bars if < +0.5R,55-day high sits before T1 (resistance),403.239990234375,17.252170695440082,4.278387836834489,62.60249596625163,87.26354823593549,15.676943574032792,1.4892225458353243,0.9847130408653846,0.22759369443384037,0.1278493877748561,1.4706817820387577,0.588394613824625,0.8856297902609557,2327199734.7947693,0.0,0.0,0.0,1.0,0.8962441723377685,0.9646017699115044,0.5463831708361216,1.6585537478566574,1.4336479434902971,-0.14313615108770966,-0.6068564384855576,1.0902866893802126,-0.4244183841233716,-1.28170328621756,2.3036463947575014,0.6363636363636364,Technology,"Palo Alto Networks, Inc.",0.0269,2026-10-02,False,sector cap (Technology)
XOM,Pullback in uptrend,True,70.4063810077634,,2026-10-30,False,True,strong trend structure; favourable entry timing; volatility compression; volume accumulation,162.24698136573508,154.9684995329652,4.486050693518179,173.1647041148899,184.0824268640447,7.4821,1213.9481392765665,4458.22454149319,199.99821296225295,1.0,13.374673624479573,15,"Limit near the 21-EMA, or at market on the first up-close / reclaim day.",Stop 155; to breakeven at +1.0R; trail 2.5×ATR from +1.0R; scale 1/2 at T1 (+1.5R); time-stop 15 bars if < +0.5R,55-day high sits before T1 (resistance),164.00999450683594,3.5260262822016912,2.1498850071937086,55.1263842574163,85.6460773100496,13.498631481289122,0.519407512994131,0.9420803562701152,-0.0008528747782757806,0.2098504030467554,0.034242340937941984,0.5082373977817229,0.8251149881441237,2297554136.5920258,0.0,0.0,0.0,1.0,0.7589218901015473,0.9203539823008849,0.5417032092921569,0.8019868141053746,0.6068199710377453,0.6619918951277481,0.6480711052098084,1.3092926171058352,-0.04889832012396115,-0.6054447077668489,2.151960216402841,0.7692307692307693,Energy,ExxonMobil Holdings Corporation,0.0108,2026-10-02,True,
NVDA,Momentum continuation,True,69.90383269718431,,2026-11-17,False,True,volatility compression; quality/growth fundamentals,233.9499969482422,219.61441067078917,6.127628324194654,255.45337636442173,276.95675578060127,1.8994,444.3646242034912,1631.9290823873214,99.99854868313543,0.5,4.895787247161965,15,Half-size starter at market; add on a 2–3 day tight consolidation.,Stop 219.6; to breakeven at +1.0R; trail 2.5×ATR from +1.0R; scale 1/2 at T1 (+1.5R); time-stop 15 bars if < +0.5R,55-day high sits before T1 (resistance),233.9499969482422,5.902342668405837,2.5229077774733373,63.01107967476417,95.186943693792,16.01516484577936,1.5806103182253264,0.9834790320585945,0.04367796703392446,0.1977078628548592,0.3218599940218567,0.20004391571319902,0.9815798149035357,24630934462.001263,0.0,0.0,0.0,1.0,0.44967465357725867,0.8407079646017699,0.5267016546054278,0.6933052792613977,0.7027113219249272,-0.5520199962009562,0.7983632518885032,0.48367510769588634,0.8466327119957473,0.8229866054404612,5.4756629450249905,0.8666666666666667,Technology,NVIDIA Corporation,0.0127,2026-10-02,False,sector cap (Technology)
ABBV,Pullback in uptrend,True,69.32670918512075,,2026-10-30,False,True,strong trend structure; favourable entry timing,261.65358578697055,251.34567692677726,3.9395251661430093,277.1154490772605,292.57731236755046,5.2033,1361.4621029253437,4999.969572993325,196.9750596275652,1.0,14.999908718979976,15,"Limit near the 21-EMA, or at market on the first up-close / reclaim day.",Stop 251.3; to breakeven at +1.0R; trail 2.5×ATR from +1.0R; scale 1/2 at T1 (+1.5R); time-stop 15 bars if < +0.5R,size capped at 25% of capital; 55-day high sits before T1 (resistance); Ex-dividend 2026-10-15,262.82000732421875,5.153954430096645,1.9610205792813364,53.783026376633295,64.58549484299907,17.221919385681723,0.22631584214964146,0.9756115410112999,0.004202988301944988,0.038980752205142855,0.2779478368923325,0.10417918105600155,0.9712056803527493,1115368080.0350952,0.0,0.0,0.0,1.0,0.5489849100715457,0.8849557522123894,0.5096487349883937,0.913551511540441,0.3286015229241214,0.5677559438946502,0.4441295153203722,0.4475090190188326,0.16014512973493383,0.5444629395766363,1.7977178784578811,1.0,Healthcare,AbbVie Inc.,0.0123000005,2026-10-02,True,
AMD,Extended (wait),False,69.29995213863,,2026-11-03,False,True,momentum leader; strong trend structure; volume accumulation,633.9099731445312,576.2180287156938,9.100968098459578,720.4478897877875,806.9858064310437,0.9439,598.3476236511231,2197.4316478587493,199.9875532570794,1.0,6.592294943576248,15,Too far above the 21-EMA. Set an alert for a pullback toward it.,Stop 576.2; to breakeven at +1.0R; trail 2.5×ATR from +1.0R; scale 1/2 at T1 (+1.5R); time-stop 15 bars if < +0.5R,55-day high sits before T1 (resistance); crowd euphoric on social (contrarian caution),633.9099731445312,24.207963262225014,3.8188330027591486,70.0723975533013,93.38921485283393,25.827877615885022,2.4758613976851342,0.9821057099821214,0.38692945462431516,0.1482836467016857,1.9145286121587644,1.7867813722751116,0.8034101853164892,12885467729.176636,0.0,0.0,0.0,1.0,0.9752923464244715,0.9823008849557522,0.8394384454252002,1.0743203898945703,2.040836346879927,-0.7681939805289003,-0.5245647638233146,2.228462859023477,-0.1716212975793567,0.7636669804355855,4.262660092235129,0.9166666666666666,Technology,"Advanced Micro Devices, Inc.",0.024600001,2026-10-02,False,not actionable today
TMO,Pullback in uptrend,True,67.80180599784765,Earnings in 17d — binary gap risk,2026-10-21,False,True,strong trend structure; favourable entry timing; volume accumulation,649.147570313798,618.0064773993372,4.797228602335712,695.8592096854893,742.5708490571806,1.7487,1135.1643562077386,4168.89109817292,199.99123616177863,1.0,12.506673294518759,15,"Limit near the 21-EMA, or at market on the first up-close / reclaim day.",Stop 618; to breakeven at +1.0R; trail 2.5×ATR from +1.0R; scale 1/2 at T1 (+1.5R); time-stop 15 bars if < +0.5R,55-day high sits before T1 (resistance),654.7999877929688,15.570546457230398,2.3779087885617693,56.66382835034775,18.92563520255392,42.11069244756188,0.3630198525592485,0.9578280401914399,0.07684275410549546,0.26603923145795494,0.3347145059578076,0.14975747343055934,1.0029975276590053,1499171467.3980713,0.0,0.0,0.0,1.0,1.0023987071110383,0.9911504424778761,0.7838460687126392,1.9353656492276377,0.7559469864662516,0.703969226137395,-0.028306830459146302,1.2309438835204536,-0.5007967687993429,0.32006779903742855,0.9711476143225162,1.0,Healthcare,Thermo Fisher Scientific Inc,0.0136,2026-10-02,True,
MRK,Squeeze (pre-breakout),True,67.2161561372143,,2026-10-29,False,True,strong trend structure; favourable entry timing; volatility compression; Bollinger/Keltner squeeze on,153.90589798278293,142.14972493303642,7.638546153092613,171.5401575574027,189.17441713202246,4.6323,712.9382912256453,2618.2658745261824,199.99744723635638,1.0,7.854797623578548,15,Buy-stop just above the 20-day high (+0.1 ATR). Let price trigger it; don't anticipate.,Stop 142.1; to breakeven at +1.0R; trail 2.5×ATR from +1.0R; scale 1/2 at T1 (+1.5R); time-stop 15 bars if < +0.5R,55-day high sits before T1 (resistance),144.3000030517578,3.3589065856418574,2.3277245423460444,46.94693845663384,25.319146266471066,25.8883014805933,-0.5891110939852374,0.9250049733246484,-0.04278701829089182,0.1449106965310405,0.2095274260394535,0.7216993577497857,0.866075946855062,1442704312.9659271,1.0,0.0,0.0,1.0,0.7590036655443674,0.9292035398230089,0.448736130287904,1.2120490718295376,0.6690585884254747,0.8212237031502826,1.090712810290112,-0.3472636553833596,-0.1844946232818391,-1.4001733981940596,2.0932779109251842,0.625,Healthcare,"Merck & Company, Inc.",0.0139999995,2026-10-02,False,sector cap (Healthcare)
CRWD,Extended (wait),False,67.17293440214179,,2026-12-01,False,True,momentum leader; strong trend structure; volume accumulation; new 55-day high,270.0400085449219,229.98943233066552,14.831349039745653,330.1158728663064,390.19173718769093,1.3597,367.17339961853025,1348.4443100990522,199.9924822373807,1.0,4.045332930297157,15,Too far above the 21-EMA. Set an alert for a pullback toward it.,Stop 230; to breakeven at +1.0R; trail 2.5×ATR from +1.0R; scale 1/2 at T1 (+1.5R); time-stop 15 bars if < +0.5R,,270.0400085449219,11.443021775501817,4.237528297070188,68.74572609292407,95.51452047200755,25.260903150936112,2.144801532376257,0.9872228597057188,0.32749980815871904,0.35439864545915967,1.7063540975002685,0.6274902123821064,0.7622174910189922,2567842016.8593597,0.0,1.0,1.0,1.0,1.032131041805364,1.0,0.7613136783495504,2.041465815688035,1.8629592893290492,-0.7428333608204086,-0.7207973179476076,1.3517658389224383,-0.47252358170229075,-0.1713879692451156,2.6708331947180475,0.8235294117647058,Technology,"CrowdStrike Holdings, Inc.",0.0277,2026-10-02,False,not actionable today
PLTR,No clean setup,False,66.7220531907968,,2026-11-02,False,True,strong trend structure; volume accumulation,188.75,175.1916768366589,7.18321756998204,209.08748474501164,229.4249694900233,4.0166,758.1332500000001,2784.2443606250004,199.99833010364912,1.0,8.352733081875002,0,No actionable pattern today.,Stop 175.2; to breakeven at +1.0R; trail 2.5×ATR from +1.0R; scale 1/2 at T1 (+1.5R); time-stop 15 bars if < +0.5R,55-day high sits before T1 (resistance),188.75,6.273270680708159,3.323587115606972,61.17985788011922,50.31067997119574,27.517550762378455,1.0399671234778505,0.9095508679355216,0.11383212865501613,0.4240984575313709,0.2713861744852626,-0.08375231408470818,0.5060756695436076,4140820168.4645844,0.0,0.0,0.0,1.0,0.8656845012802271,0.9557522123893806,0.7454267305354041,1.7834444919033154,0.7866040648572461,0.00965321793595738,0.31920819802594375,1.0583888393621896,0.21354438461371128,0.31524691049851267,3.439630061624502,0.875,Technology,Palantir Technologies Inc.,0.027999999,2026-10-02,False,not actionable today
CRM,Pullback in uptrend,True,66.56162988124333,,2026-12-02,False,True,strong trend structure; favourable entry timing; distribution in volume,234.69000244140625,217.1185561352843,7.48708770008595,261.04717190058915,287.40434135977205,3.0992,727.3512555664063,2671.197486067627,199.99489842437438,1.0,8.013592458202881,15,"Limit near the 21-EMA, or at market on the first up-close / reclaim day.",Stop 217.1; to breakeven at +1.0R; trail 2.5×ATR from +1.0R; scale 1/2 at T1 (+1.5R); time-stop 15 bars if < +0.5R,,234.69000244140625,8.785723153060975,3.7435438500429763,51.49425234318408,62.318079730265396,19.77126402164054,-0.030573710124889658,0.8763666994100537,-0.08495345713668345,0.4192749211426474,0.262416822895835,0.09743377467229286,0.7485836259176508,2912990248.0052185,0.0,0.0,0.0,1.0,0.4389949502882341,0.831858407079646,0.43026514815674183,0.9011305262969709,0.7915191921830432,0.7365561363008499,-0.019155126954871537,-1.354778508242081,0.15290456629367136,0.6377873129678739,2.1414826845000356,1.0,Technology,"Salesforce, Inc.",0.0454,2026-10-02,False,sector cap (Technology)
CVX,Pullback in uptrend,True,65.83800677646894,,2026-10-30,False,True,favourable entry timing; quality/growth fundamentals,206.36325525801462,198.18418274376566,3.9634345290893562,218.63186402938805,230.9004728007615,6.5974,1361.4609402392257,4999.965303028556,198.17035126272106,1.0,14.999895909085671,15,"Limit near the 21-EMA, or at market on the first up-close / reclaim day.",Stop 198.2; to breakeven at +1.0R; trail 2.5×ATR from +1.0R; scale 1/2 at T1 (+1.5R); time-stop 15 bars if < +0.5R,size capped at 25% of capital; 55-day high sits before T1 (resistance),206.69000244140625,4.089536257124484,1.9785844544095987,51.93026759002608,67.72555893851603,17.601507067119417,0.07989834613213107,0.9490770667643842,-0.024034358141606593,0.24029633861933886,0.05746318491239122,0.42402075330244293,0.7939793488795033,2052372150.7943726,0.0,0.0,0.0,1.0,0.4573289614568329,0.8584070796460177,0.4100522283187759,0.5087218648632034,0.6496427634176086,0.7927590987505708,0.43992160901944055,-0.6119792037610629,0.5511338108492813,-0.10924321931618576,1.876000306182074,0.875,Energy,Chevron Corporation,0.0106,2026-10-02,False,correlated with XOM (0.85)
AAPL,Pullback in uptrend,True,65.64011626409473,,2026-10-29,False,True,favourable entry timing,331.0239878138702,316.9572094405556,4.249474023382301,352.1241553738421,373.224322933814,3.8714,1281.526266422617,4706.405213437061,199.99746698011822,1.0,14.119215640311186,15,"Limit near the 21-EMA, or at market on the first up-close / reclaim day.",Stop 317; to breakeven at +1.0R; trail 2.5×ATR from +1.0R; scale 1/2 at T1 (+1.5R); time-stop 15 bars if < +0.5R,55-day high sits before T1 (resistance),333.69000244140625,7.03338918665729,2.1077614358231505,54.73837265460776,62.385708386206694,17.189801349277225,0.3790512023127686,0.9662651473329904,0.026864879418655896,0.06818197581868257,0.306210883034,0.27680709524796754,0.8356896502573355,13988005526.706696,0.0,0.0,0.0,1.0,0.5779472730925096,0.8938053097345132,0.4045608275332635,0.7115797431140508,0.46278655121419354,0.7760082045849559,0.44658387017137413,0.4328561434276827,-0.2554589104642827,-0.3225109989431592,3.576658631219938,0.75,Technology,Apple Inc.,0.0088,2026-10-02,False,sector cap (Technology)
DE,Squeeze (pre-breakout),True,64.02598656854204,,2026-11-25,False,True,strong trend structure; favourable entry timing; volatility compression; Bollinger/Keltner squeeze on,721.2701539779832,659.421795535499,8.574922738917627,814.0426916417096,906.815229305436,0.8805,635.0783705776142,2332.3253159462884,199.99509386261062,1.0,6.996975947838866,15,Buy-stop just above the 20-day high (+0.1 ATR). Let price trigger it; don't anticipate.,Stop 659.4; to breakeven at +1.0R; trail 2.5×ATR from +1.0R; scale 1/2 at T1 (+1.5R); time-stop 15 bars if < +0.5R,,687.0,17.67095955499551,2.572192074962956,56.574910044235175,78.20818162799776,18.75178183746963,0.6032932939973078,0.9548256846721171,-0.013933335114637901,0.08406177600971598,0.19925703608625556,0.5599076369893714,1.0094737326443153,866130007.1170044,1.0,0.0,0.0,1.0,0.6145669412811362,0.9026548672566371,0.3603076327560857,1.0371259816295686,0.5369850038883968,0.6037518255194854,0.7102477613698303,-0.1160544423800975,-0.7429733676074788,-0.5704858350807539,1.0057378129340986,0.8333333333333334,Industrials,Deere & Company,0.0208,2026-10-02,True,
XLE,Pullback in uptrend,True,63.424901638826036,,,False,True,favourable entry timing,62.68973734111904,60.27663090444816,3.849284650117829,66.30939699612536,69.92905665113167,21.7175,1361.4643707057528,4999.977901416877,192.4633818685234,1.0,14.999933704250633,15,"Limit near the 21-EMA, or at market on the first up-close / reclaim day.",Stop 60.28; to breakeven at +1.0R; trail 2.5×ATR from +1.0R; scale 1/2 at T1 (+1.5R); time-stop 15 bars if < +0.5R,size capped at 25% of capital; 55-day high sits before T1 (resistance),62.81999969482422,1.2065532183354406,1.9206514234269398,51.649364135840194,87.59674416253682,18.716151941428624,0.10796237722931694,0.9550159741988189,-0.029287222624625575,0.18941096231654475,0.07424704500107349,0.4900491886373659,1.0792720242658578,2191601269.854107,0.0,0.0,0.0,1.0,0.46719706173230074,0.8672566371681416,0.3440555740339358,0.4542668866057588,0.6133124989385342,0.7685265216263952,0.22365937486566728,-0.08068768400470776,,-0.6410763275529842,2.403207962098233,0.75,ETF,State Street Energy Select Sect,,2026-10-02,False,max 6 positions in RISK_ON
EEM,Pullback in uptrend,True,63.1193787801143,,,False,True,favourable entry timing,67.2676976223541,65.20110227207607,3.0721957541642895,70.36759064777115,73.46748367318821,20.2395,1361.464566027636,4999.978618736493,153.60913083394482,1.0,14.999935856209483,15,"Limit near the 21-EMA, or at market on the first up-close / reclaim day.",Stop 65.2; to breakeven at +1.0R; trail 2.5×ATR from +1.0R; scale 1/2 at T1 (+1.5R); time-stop 15 bars if < +0.5R,size capped at 25% of capital; 55-day high sits before T1 (resistance),67.66999816894531,1.033297675139016,1.526965720553559,52.87016512899398,80.79146159411957,9.424409881179551,0.38933654480262175,0.9455078728167028,0.007743806868954595,0.0014799241464071855,0.20200975469609062,0.27211048207671107,0.9652369526430757,1325869766.1748505,0.0,0.0,0.0,1.0,0.3358384948118848,0.7610619469026548,0.3358384948118848,0.2247195119883943,0.23280175827255276,0.7366825409435287,0.05545459456993374,0.4947861328516813,,,,,ETF,iShares MSCI Emerging Index Fun,,2026-10-02,False,max 6 positions in RISK_ON
META,Momentum continuation,True,63.043572555292606,,2026-10-28,False,True,strong trend structure; volume accumulation,728.0800170898438,673.243472264454,7.531664588814422,810.3348343279283,892.589651566013,0.4965,361.49172848510744,1327.578372861557,99.98875019757257,0.5,3.9827351185846713,15,Half-size starter at market; add on a 2–3 day tight consolidation.,Stop 673.2; to breakeven at +1.0R; trail 2.5×ATR from +1.0R; scale 1/2 at T1 (+1.5R); time-stop 15 bars if < +0.5R,55-day high sits before T1 (resistance),728.0800170898438,25.426013285933983,3.492200402307767,61.537806914378365,48.65340923975958,39.686077017126195,1.3223445524086126,0.9336513685870802,0.2290708842756044,0.21383774642211906,0.2695921368463412,-0.17139448036508664,0.9785252567674365,16626034997.92389,0.0,0.0,0.0,1.0,0.3810083179350539,0.7787610619469026,0.3338040832082429,0.9648827334710832,0.4166361629350287,-0.12120555292300707,-0.557102573139445,0.8156215717246481,-0.043829794606245226,,,,Communication Services,"Meta Platforms, Inc.",0.014099999,2026-10-02,False,max 6 positions in RISK_ON
AMGN,Pullback in uptrend,True,62.75024361627675,,,False,True,strong trend structure; favourable entry timing,403.0400085449219,379.3170037525566,5.886017340564131,438.62451573346976,474.20902292201765,2.2956,925.2186436157226,3397.8654686787413,199.9989506954714,1.0,10.193596406036226,15,"Limit near the 21-EMA, or at market on the first up-close / reclaim day.",Stop 379.3; to breakeven at +1.0R; trail 2.5×ATR from +1.0R; scale 1/2 at T1 (+1.5R); time-stop 15 bars if < +0.5R,,403.0400085449219,10.331960575710966,2.56350743267697,47.839121446287606,9.60189754925986,27.051545037934233,-0.39826353551997595,0.9015949928315811,-0.0898744199306718,0.10630771768293523,0.1739285718412662,0.5247050667431035,1.0995274981066512,1322948525.081787,0.0,0.0,0.0,1.0,0.529978219049848,0.8761061946902655,0.32594815972847085,0.8782437162068509,0.43422531799419106,0.7073519265805808,-0.05297541647578375,0.3897225516045168,-0.22122853273528967,-0.759115622378785,1.2580501512682547,0.7857142857142857,Healthcare,Amgen Inc.,0.025999999,2026-10-02,False,max 6 positions in RISK_ON
LLY,Mean-reversion bounce,True,62.048295005967304,,,False,True,favourable entry timing; volatility compression,1142.8499755859375,1079.0249340734963,5.584726156179703,1238.5875378545993,1334.325100123261,0.8532,975.0795991699218,3580.979827951538,199.98791709912845,1.0,10.742939483854617,7,Buy at market; exit on a close above the 8-EMA or after 5–7 days.,Stop 1079; to breakeven at +1.0R; trail 2.5×ATR from +1.0R; scale 1/2 at T1 (+1.5R); time-stop 15 bars if < +0.5R,,1142.8499755859375,31.912520756220623,2.7923630780898536,43.04863914323339,3.640632677162216,17.531826051904936,-0.6075074916085679,0.8841139937346716,-0.01485240769726548,-0.046308047663068286,0.2253979223582252,0.4143059369931701,0.8885077349356526,2597997029.538574,0.0,0.0,0.0,0.0,0.31965792230200935,0.7256637168141593,0.3072491270733681,0.03976728751710705,0.10433998139527997,0.6403725531741363,0.7736733905918837,0.482646629540572,0.20797876524423786,,,,Healthcare,Eli Lilly and Company,0.0084,2026-10-02,False,max 6 positions in RISK_ON
MRVL,No clean setup,False,61.5064623941831,,2026-12-01,False,True,momentum leader; strong trend structure; volume accumulation; new 55-day high,272.2900085449219,241.7386257798446,11.220162990312945,318.1170826925378,363.9441568401537,1.7825,485.3569402313232,1782.4733629995344,199.9964165874603,1.0,5.347420088998604,0,No actionable pattern today.,Stop 241.7; to breakeven at +1.0R; trail 2.5×ATR from +1.0R; scale 1/2 at T1 (+1.5R); time-stop 15 bars if < +0.5R,Ex-dividend 2026-10-09,272.2900085449219,13.005518853277819,4.7763481747925365,64.99195427292499,92.2225952312931,22.499939816402744,1.7678009670444923,0.825625004996225,0.31872343170823436,0.0926191501047322,1.5440529967380296,1.466562336832736,0.7465962062122121,4334792136.428375,0.0,1.0,1.0,1.0,0.80954956106578,0.9469026548672567,0.5750690736633673,1.021377260234227,1.467262718405543,-0.32547214158566456,-0.35170944042810787,1.6054028248505325,-0.3054131179651402,-0.4202926339274275,2.6639774168488968,0.7777777777777778,Technology,"Marvell Technology, Inc.",0.0418,2026-10-02,False,max 6 positions in RISK_ON
XBI,Squeeze (pre-breakout),True,61.296973698120745,,,False,True,volatility compression; Bollinger/Keltner squeeze on,166.3666821462819,152.13304201176723,8.555583336090937,187.71714234805393,209.06760254982592,3.826,636.5189258916746,2337.615755337175,199.99666402546364,1.0,7.0128472660115255,15,Buy-stop just above the 20-day high (+0.1 ATR). Let price trigger it; don't anticipate.,Stop 152.1; to breakeven at +1.0R; trail 2.5×ATR from +1.0R; scale 1/2 at T1 (+1.5R); time-stop 15 bars if < +0.5R,55-day high sits before T1 (resistance),154.42999267578125,4.066754324147048,2.6333966956049877,43.54840709599936,17.592550431193132,11.488095795926775,-0.7356296212461007,0.9089999012925467,-0.06615470015375968,-0.03967418058375283,0.1986784686201437,0.6380309811087483,1.0099499229064812,1377620081.261673,1.0,0.0,0.0,1.0,0.2873829231380526,0.6814159292035398,0.2873829231380526,0.17577351997533916,0.258665570848701,0.4676513172386202,0.7879458988154074,-0.18857045664134822,,,,,ETF,State Street SPDR S&P Biotech E,,2026-10-02,False,max 6 positions in RISK_ON
COP,Pullback in uptrend,True,60.74148446680994,,,False,True,favourable entry timing,126.75,120.42919813649699,4.986825927813023,136.23120279525452,145.71240559050904,8.6158,1092.05265,4010.563357125,199.9998133444779,1.0,12.031690071375001,15,"Limit near the 21-EMA, or at market on the first up-close / reclaim day.",Stop 120.4; to breakeven at +1.0R; trail 2.5×ATR from +1.0R; scale 1/2 at T1 (+1.5R); time-stop 15 bars if < +0.5R,,126.75,3.1604009317515027,2.4934129639065112,44.897870891237524,61.641120964703774,20.001535951949837,-0.7537004570422942,0.895000736973032,-0.07616616020905875,0.23185366683757858,-0.015142150546991862,0.4825627126748546,0.9287470982087592,902110895.7458496,0.0,0.0,0.0,1.0,0.28494825944288504,0.672566371681416,0.27278657628323444,0.20360040700576068,0.505733047335749,0.6358989077154127,0.35255871245199655,-0.6983544308329289,0.17549311100602988,,,,Energy,ConocoPhillips,0.0134000005,2026-10-02,False,max 6 positions in RISK_ON
NOW,Squeeze (pre-breakout),True,59.835768990884304,,,False,True,strong trend structure; favourable entry timing; Bollinger/Keltner squeeze on,148.17394920319012,127.03598343919187,14.265642427476829,179.8808978491875,211.58784649518486,2.5763,381.74054533217867,1401.9421527324262,199.99605454887896,1.0,4.205826458197279,15,Buy-stop just above the 20-day high (+0.1 ATR). Let price trigger it; don't anticipate.,Stop 127; to breakeven at +1.0R; trail 2.5×ATR from +1.0R; scale 1/2 at T1 (+1.5R); time-stop 15 bars if < +0.5R,55-day high sits before T1 (resistance),134.3800048828125,6.039418789713787,4.494283799870766,50.348044298580824,42.558365459132624,19.030025656235196,-0.10947466224722457,0.696392123496191,-0.01711524515065821,0.2450662883614234,0.31745102826286775,-0.25079180380423705,0.580298435291449,1612095306.066742,1.0,0.0,0.0,1.0,0.30943777442783077,0.7168141592920354,0.24914175134590552,0.9735296120144812,-0.024156825211143818,0.8889621027882538,-0.0507295287653343,-0.6938785909955034,-0.23322643330949624,,,,Technology,"ServiceNow, Inc.",0.0279,2026-10-02,False,max 6 positions in RISK_ON
ETN,Pullback in uptrend,True,59.332627462536024,,,False,True,volume accumulation,429.1235896315875,401.17800675168735,6.512245785390655,471.0419639514377,512.9603382712879,1.9487,836.2331391150746,3071.066203400111,199.99537939748055,1.0,9.213198610200335,15,"Limit near the 21-EMA, or at market on the first up-close / reclaim day.",Stop 401.2; to breakeven at +1.0R; trail 2.5×ATR from +1.0R; scale 1/2 at T1 (+1.5R); time-stop 15 bars if < +0.5R,,436.1099853515625,13.972791439950065,3.2039604478870487,56.306738183937775,60.98815910822413,11.305079953636456,0.6928270882740474,0.9123639860911349,0.11579884493096282,0.05747901129653776,0.2140435504171072,0.05715730450320056,0.9271879668505075,891145561.4924622,0.0,0.0,0.0,1.0,0.3258936052942754,0.7345132743362832,0.2360832821632801,0.532413528368132,0.1684979563961724,0.4327846308189356,-0.13697568558655768,0.6088756339856625,-0.4823993028846827,,,,Industrials,"Eaton Corporation, PLC",0.02,2026-10-02,False,max 6 positions in RISK_ON
GILD,Pullback in uptrend,True,59.08533293297042,,,False,True,volatility compression,144.74000549316406,137.85782397845992,4.754857850982452,155.06327776522028,165.3865500372765,7.913,1145.3276634674073,4206.215844084053,199.99958429169843,1.0,12.618647532252162,15,"Limit near the 21-EMA, or at market on the first up-close / reclaim day.",Stop 137.9; to breakeven at +1.0R; trail 2.5×ATR from +1.0R; scale 1/2 at T1 (+1.5R); time-stop 15 bars if < +0.5R,55-day high sits before T1 (resistance),144.74000549316406,3.4410907573520775,2.37742892549123,44.47660643147606,2.971389717737779,28.576166048046847,-0.9495823788071451,0.9367657548976168,-0.027102356766363522,0.12302457761442898,0.04868524101114091,0.37155884738395706,0.8288388702556909,880393569.9530792,0.0,0.0,0.0,1.0,0.28763374852554047,0.6902654867256637,0.22968382070546436,0.15323044070231343,0.3836449236802134,0.44395790539085034,0.5152674462524094,-0.145707506739522,-0.23391560185514446,,,,Healthcare,"Gilead Sciences, Inc.",0.0148,2026-10-02,False,max 6 positions in RISK_ON
PFE,Pullback in uptrend,True,58.66283193983722,,,False,True,favourable entry timing; volume accumulation,27.799999237060547,26.770946736384772,3.701627801859545,29.34357798807421,30.88715673908787,48.9737,1361.4688226360322,4999.994251130828,185.0811772912377,1.0,14.999982753392487,15,"Limit near the 21-EMA, or at market on the first up-close / reclaim day.",Stop 26.77; to breakeven at +1.0R; trail 2.5×ATR from +1.0R; scale 1/2 at T1 (+1.5R); time-stop 15 bars if < +0.5R,size capped at 25% of capital; 55-day high sits before T1 (resistance),27.799999237060547,0.5145262503378881,1.8508139009297755,47.88571951381917,3.028834035327634,29.469936049484105,-0.48740042804404465,0.9517288636903234,-0.04204001383386402,0.19250975369192114,0.015298150017080347,0.14131711723105633,0.8734387527538037,906464677.5559807,0.0,0.0,0.0,1.0,0.40957085725283676,0.8053097345132744,0.21877768205573853,-0.01277427224252351,0.4065008412838098,0.8241866697728882,0.14337299416829863,0.9062103004705854,-0.008950236890096153,-1.0798398005752123,2.4444952766009207,0.6666666666666666,Healthcare,"Pfizer, Inc.",0.0272,2026-10-02,False,max 6 positions in RISK_ON
BRK-B,Pullback in uptrend,True,57.37635646786545,,,False,True,favourable entry timing; volume accumulation,502.6499938964844,491.1416277427239,2.2895387035716306,519.912543127125,537.1750923577657,2.7085,1361.4275084686278,4999.842524851036,114.47332972409748,1.0,14.99952757455311,15,"Limit near the 21-EMA, or at market on the first up-close / reclaim day.",Stop 491.1; to breakeven at +1.0R; trail 2.5×ATR from +1.0R; scale 1/2 at T1 (+1.5R); time-stop 15 bars if < +0.5R,size capped at 25% of capital,502.6499938964844,5.754183076880216,1.1447693517858137,46.50038243192086,71.35544578857062,10.307707042326987,-0.4106438402700977,0.934745421625428,-0.005126269471838807,-0.007757891705065689,0.05300091645433502,0.014130826685765374,1.0318402857438471,2368481074.551239,0.0,0.0,0.0,1.0,0.18576449902400347,0.6371681415929203,0.18576449902400347,-0.037744305944201466,-0.02438513846648699,0.6679934499823891,-0.26508230402695554,0.8856595793000196,,,,,,,,2026-10-02,False,max 6 positions in RISK_ON
VRTX,Pullback in uptrend,True,56.50188998393279,,,False,True,volatility compression,504.7300109863281,480.7316595022128,4.75469081721899,540.7275382125011,576.7250654386742,2.2692,1145.3333409301758,4206.236694566071,199.99354986702855,1.0,12.618710083698213,15,"Limit near the 21-EMA, or at market on the first up-close / reclaim day.",Stop 480.7; to breakeven at +1.0R; trail 2.5×ATR from +1.0R; scale 1/2 at T1 (+1.5R); time-stop 15 bars if < +0.5R,,504.7300109863281,11.999175742057686,2.377345408609498,39.03390027350097,2.9553126489803105,16.39118270169661,-1.2676355847285907,0.9009014029207106,-0.09343509477085199,-0.04694200156440109,0.15048670150474597,0.37737812466190457,0.8419582385340443,522942407.9766846,0.0,0.0,0.0,1.0,0.16347287461983126,0.6194690265486725,0.16347287461983126,0.1735210682713441,0.072725787614316,0.18392662333751517,0.7128471299846205,-0.20981067361072156,,,,,,,,2026-10-02,False,max 6 positions in RISK_ON
KO,Pullback in uptrend,True,56.342189534279264,,,False,True,no dominant factor,85.6500015258789,83.21899652139733,2.838301180586734,89.29650903260128,92.94301653932364,15.8957,1361.4667292549134,4999.98656318867,141.91467765216206,1.0,14.99995968956601,15,"Limit near the 21-EMA, or at market on the first up-close / reclaim day.",Stop 83.22; to breakeven at +1.0R; trail 2.5×ATR from +1.0R; scale 1/2 at T1 (+1.5R); time-stop 15 bars if < +0.5R,size capped at 25% of capital,85.6500015258789,1.2155025022407866,1.419150590293365,38.37412700877986,2.167452484851921,15.389451773058546,-1.3895214573632195,0.9315719514398593,-0.023559760873702373,0.03858590151586139,0.13030978131348436,0.348434172987776,1.051451075196829,1385694870.9542084,0.0,0.0,0.0,1.0,0.15941339022807,0.6106194690265486,0.15941339022807,0.12050326288339319,0.2621708492376263,0.18363737234097405,0.23374936524662918,-0.1303319507943824,,,,,,,,2026-10-02,False,max 6 positions in RISK_ON
QQQ,Momentum continuation,True,55.99923917478619,,,False,True,volume accumulation; new 55-day high,749.5800170898438,725.437853742787,3.2207586644032884,785.7932621104289,822.0065071310141,1.1278,845.3763432739257,3104.644620673492,99.99311061927212,0.5,9.313933862020479,15,Half-size starter at market; add on a 2–3 day tight consolidation.,Stop 725.4; to breakeven at +1.0R; trail 2.5×ATR from +1.0R; scale 1/2 at T1 (+1.5R); time-stop 15 bars if < +0.5R,,749.5800170898438,9.488575263227013,1.265852216827403,65.59189801653596,94.5277181045528,14.088433750098902,1.9722057210146777,0.9934265100830479,0.05797912352865575,0.038102234624215914,0.28412209550049283,0.17999269524439665,0.951581919550708,24662063354.744568,0.0,1.0,1.0,1.0,0.1507069870171417,0.584070796460177,0.1507069870171417,0.5469214203203768,0.40421643237320115,-0.7061715119713868,-0.8895053862585215,1.0500346287789788,,,,,,,,2026-10-02,False,max 6 positions in RISK_ON
SMH,Extended (wait),False,55.42228068909377,,,False,True,volume accumulation; new 55-day high,630.5999755859375,577.034456784017,8.494373751307037,710.9482537888182,791.2965319916989,1.0166,641.067935180664,2354.3219919509884,199.98490930553376,1.0,7.062965975852966,15,Too far above the 21-EMA. Set an alert for a pullback toward it.,Stop 577; to breakeven at +1.0R; trail 2.5×ATR from +1.0R; scale 1/2 at T1 (+1.5R); time-stop 15 bars if < +0.5R,,630.5999755859375,15.304433943405861,2.42696392894487,68.60750947533504,97.55892744128518,17.970256833476554,2.6044989117926445,0.9386302480462219,0.1455457018599713,0.04352141043229518,0.6073612454457384,0.654807936122922,0.6803655444719534,3769767338.3502197,0.0,1.0,1.0,1.0,0.4346168624703065,0.8230088495575221,0.3985333497978861,0.6823285671660342,0.7341261671355926,-0.897145930216117,0.24914916425661937,1.3735320786589578,,0.10986524841852309,2.7104684666967866,,ETF,VanEck Semiconductor ETF,,2026-10-02,False,max 6 positions in RISK_ON
XLV,Pullback in uptrend,True,54.518435727899515,,,False,True,no dominant factor,166.17999267578125,161.41933300417878,2.8647610310650093,173.32098218318495,180.46197169058865,8.1927,1361.4628259948731,4999.972228466171,143.2372559651716,1.0,14.999916685398516,15,"Limit near the 21-EMA, or at market on the first up-close / reclaim day.",Stop 161.4; to breakeven at +1.0R; trail 2.5×ATR from +1.0R; scale 1/2 at T1 (+1.5R); time-stop 15 bars if < +0.5R,size capped at 25% of capital,166.17999267578125,2.3803298358012337,1.4323805155325045,42.55154813062351,4.511980426074956,15.04296070246652,-0.993644657070601,0.9445978323243092,-0.035466970052353886,0.029982568142372212,0.14128254507458315,0.22094971903934235,1.044227047698679,1362824265.5350494,0.0,0.0,0.0,1.0,0.1132699073058715,0.5663716814159292,0.1132699073058715,0.15154493480285414,0.21893655748584845,0.46259589283700986,-0.1524518599349469,-0.48571398419392536,,,,,,,,2026-10-02,False,max 6 positions in RISK_ON
CSCO,No clean setup,False,54.5060688860282,,2026-11-12,False,True,volatility compression; Bollinger/Keltner squeeze on,112.19999694824219,103.44629684635785,7.801871960765215,125.33054710106869,138.4610972538952,6.2212,698.0186210144043,2563.4733856753996,199.99891129868774,1.0,7.6904201570262,0,No actionable pattern today.,Stop 103.4; to breakeven at +1.0R; trail 2.5×ATR from +1.0R; scale 1/2 at T1 (+1.5R); time-stop 15 bars if < +0.5R,55-day high sits before T1 (resistance),112.19999694824219,2.640468587116856,2.353358876056746,58.15803173631078,99.3686901289306,26.74089746068813,1.3114985908723409,0.8671958951285795,0.029005713511640607,-0.01180064849272544,0.43073058984465096,0.6251131698683989,0.808511573559099,1988587216.3223648,1.0,1.0,0.0,0.0,0.3887950849394221,0.7876106194690266,0.37337348956293814,0.35697818898295214,0.3624496914556852,0.2078281745131665,0.7995969644111521,0.37894084672935735,-0.14649497842239056,0.7698691945363949,2.6280126310632617,1.0,Technology,"Cisco Systems, Inc.",0.0146,2026-10-02,False,max 6 positions in RISK_ON
SPY,Pullback in uptrend,True,54.30072741567355,,,False,True,no dominant factor,766.2683788954614,752.7818358835572,1.7600286509727103,786.4981934133177,806.7280079311741,1.7767,1361.4290287835663,4999.848108207647,87.99875920957162,1.0,14.999544324622944,15,"Limit near the 21-EMA, or at market on the first up-close / reclaim day.",Stop 752.8; to breakeven at +1.0R; trail 2.5×ATR from +1.0R; scale 1/2 at T1 (+1.5R); time-stop 15 bars if < +0.5R,size capped at 25% of capital; costs > 15% of risk budget; 55-day high sits before T1 (resistance),769.6400146484375,6.743271505952135,0.8761591624147014,55.39130248619651,86.84498242687026,9.564164323413195,0.6982813326092787,0.9899677453473794,0.008352759719697067,0.02698216277875387,0.17948079498941172,0.15416147130731095,1.0702246464092486,35162410153.09601,0.0,0.0,0.0,1.0,0.10778452656609075,0.5575221238938053,0.10778452656609075,0.4937305841866578,0.29878720160727984,0.29999199623473644,-0.9325275604296205,-0.38961339378527304,,,,,,,,2026-10-02,False,max 6 positions in RISK_ON
DHR,Pullback in uptrend,True,53.87686072433989,Earnings in 17d — binary gap risk,2026-10-21,False,True,strong trend structure; favourable entry timing; volume accumulation,214.05999755859375,202.14871100289713,5.564461689034727,231.92692739213868,249.7938572256836,4.572,978.6823088378907,3594.2107792071533,199.99848183213857,1.0,10.782632337621463,15,"Limit near the 21-EMA, or at market on the first up-close / reclaim day.",Stop 202.1; to breakeven at +1.0R; trail 2.5×ATR from +1.0R; scale 1/2 at T1 (+1.5R); time-stop 15 bars if < +0.5R,55-day high sits before T1 (resistance),214.05999755859375,5.955643277848315,2.782230844517366,50.37645996368961,29.67511229995641,26.96944101333501,-0.1883773978843185,0.88691221585067,0.021577553576866748,0.10752692586316548,0.12434194955806177,-0.008428804935960654,1.1156173333132888,941810227.6176453,0.0,0.0,0.0,1.0,0.4562993077272858,0.8495575221238938,0.35626471352968847,0.8216407195623466,0.1174220448847554,0.7378078951643514,-0.2540193737825306,0.860865441517708,-0.2820701595688169,0.19432283304741485,0.5079600002667761,1.0,Healthcare,Danaher Corporation,0.013300001,2026-10-02,False,max 6 positions in RISK_ON
V,Pullback in uptrend,True,53.801414647093054,,,False,True,no dominant factor,360.6600036621094,349.19236041078574,3.1796271099878592,377.86146853909486,395.0629334160803,3.7749,1361.4554478240968,4999.945132133996,158.97961090585082,1.0,14.999835396401988,15,"Limit near the 21-EMA, or at market on the first up-close / reclaim day.",Stop 349.2; to breakeven at +1.0R; trail 2.5×ATR from +1.0R; scale 1/2 at T1 (+1.5R); time-stop 15 bars if < +0.5R,size capped at 25% of capital,360.6600036621094,5.733821625661817,1.5898135549939294,41.30592254419119,38.31879161150111,16.76054119020281,-1.0457971890502922,0.9353943429495982,-0.04688158171384105,0.011420613743094554,0.20372045867262156,0.09658828105336204,0.8669289997057181,2252514686.101532,0.0,0.0,0.0,1.0,0.0952191148910849,0.5486725663716814,0.0952191148910849,0.14072440082344578,0.1460616702206297,0.34322974608885054,0.2970590412675349,-0.6967537184705975,,,,,,,,2026-10-02,False,max 6 positions in RISK_ON
MA,Pullback in uptrend,True,52.956090448707414,,,False,True,no dominant factor,552.260009765625,533.6947862185467,3.361681675078598,580.1078450862424,607.9556804068599,2.4652,1361.4313760742186,4999.856728632568,168.07926742662528,1.0,14.999570185897705,15,"Limit near the 21-EMA, or at market on the first up-close / reclaim day.",Stop 533.7; to breakeven at +1.0R; trail 2.5×ATR from +1.0R; scale 1/2 at T1 (+1.5R); time-stop 15 bars if < +0.5R,size capped at 25% of capital,552.260009765625,9.282611773539166,1.6808408375393027,38.87549632916749,36.06561241115129,20.038743788277984,-1.3181331994228203,0.9185503512899582,-0.06100588973572885,0.037677358595078925,0.123006722604595,0.03143250738833481,1.1392835959816636,1552468750.2749634,0.0,0.0,0.0,1.0,0.07398854795313713,0.5309734513274337,0.07398854795313713,0.1534589772127038,0.0760202049638134,0.10187392561056213,0.3193369080993232,-0.37720787972501046,,,,,,,,2026-10-02,False,max 6 positions in RISK_ON
ADI,Extended (wait),False,52.82392301942005,,2026-11-24,False,True,volume accumulation; new 55-day high,417.1499938964844,377.654113759404,9.468028458579155,476.3938141021049,535.6376343077254,1.3788,575.1664115844727,2112.298646543976,199.99303698496595,1.0,6.336895939631928,15,Too far above the 21-EMA. Set an alert for a pullback toward it.,Stop 377.7; to breakeven at +1.0R; trail 2.5×ATR from +1.0R; scale 1/2 at T1 (+1.5R); time-stop 15 bars if < +0.5R,,417.1499938964844,11.284537182022962,2.705150988165474,72.28148120240127,97.41981475309538,25.318588060900183,2.799286820397985,0.9383529136918162,0.1727249836027318,0.07610254060624388,0.3179841699247854,0.5051774147424521,0.7661905046388182,1223242746.0656738,0.0,1.0,1.0,1.0,0.37099703285896146,0.7699115044247787,0.32791904890486845,0.6599934201685366,0.5372139869243634,-1.01537250873472,-0.12657200424792053,1.9545852225737104,-0.01670482272787612,,,,Technology,"Analog Devices, Inc.",0.0199,2026-10-02,False,max 6 positions in RISK_ON
QCOM,Pullback in uptrend,True,52.32755200498175,,,False,True,no dominant factor,183.66439760007304,166.98276712716245,9.082669635970843,208.68684330943893,233.70928901880484,3.2645,599.5724259654385,2201.929734358073,199.9940033879541,1.0,6.60578920307422,15,"Limit near the 21-EMA, or at market on the first up-close / reclaim day.",Stop 167; to breakeven at +1.0R; trail 2.5×ATR from +1.0R; scale 1/2 at T1 (+1.5R); time-stop 15 bars if < +0.5R,55-day high sits before T1 (resistance),184.8699951171875,8.340815236455295,4.511719292883696,52.56667843874314,56.30178648466518,17.156841430349967,0.14454192820926384,0.7177695542417492,0.09364639003824271,-0.003238091586844183,0.4713144957140134,0.036460016898530956,0.8771372262704059,2784792700.4730225,0.0,0.0,0.0,1.0,0.05823088655591763,0.5132743362831859,0.05823088655591763,0.4772012139965525,-0.18862023849198148,0.4547614465992775,-0.536093852180847,-0.16305305703387982,,,,,,,,2026-10-02,False,max 6 positions in RISK_ON
XLK,Extended (wait),False,51.71409709030134,,,False,True,volume accumulation; new 55-day high,199.80999755859375,190.16797977742834,4.825593263088805,214.27302423034186,228.73605090208997,5.648,1128.5268662109374,4144.514916159667,199.99743258191157,1.0,12.433544748479003,15,Too far above the 21-EMA. Set an alert for a pullback toward it.,Stop 190.2; to breakeven at +1.0R; trail 2.5×ATR from +1.0R; scale 1/2 at T1 (+1.5R); time-stop 15 bars if < +0.5R,,199.80999755859375,3.2080857730991106,1.6055681959349146,68.95756553311215,96.33093900935735,16.79060400420267,2.396416191449423,0.9921545169281335,0.08955970373723265,0.08973778465318416,0.47276778037196343,0.295247333878373,1.1388901587315328,1406248558.990326,0.0,1.0,1.0,1.0,0.2983941403673151,0.7079646017699115,0.2983941403673151,0.6557401847857063,0.6685094757064565,-0.9317416211677245,-0.31711874303521503,1.119130238887769,,,,,ETF,State Street Technology Select ,,2026-10-02,False,max 6 positions in RISK_ON
ASML,Extended (wait),False,51.576611966026,,,False,True,volume accumulation,1867.31005859375,1688.7849295536928,9.560550922887572,2135.0977521538357,2402.8854457139214,0.305,569.5295678710937,2091.5973380065916,199.96822860188107,1.0,6.274792014019775,15,Too far above the 21-EMA. Set an alert for a pullback toward it.,Stop 1689; to breakeven at +1.0R; trail 2.5×ATR from +1.0R; scale 1/2 at T1 (+1.5R); time-stop 15 bars if < +0.5R,55-day high sits before T1 (resistance),1867.31005859375,51.007179725730616,2.7315859779678764,64.78162086812219,90.0655104425905,16.906938364657787,2.3386476881116325,0.9348812227342811,0.10997444236805509,0.02446760447698315,0.4225373868152198,0.687861420343985,1.0070634994923784,2339889962.235718,0.0,1.0,0.0,1.0,0.43200959149103885,0.8141592920353983,0.29475986562096423,0.6505766037682604,0.5918220575546069,-0.6097837667516712,0.3053189971568994,1.2847250334758795,-0.18252728782941638,-0.3259507878892522,1.906494389309766,0.8333333333333334,Technology,ASML Holding N.V. - New York Re,0.0038,2026-10-02,False,max 6 positions in RISK_ON
TXN,Extended (wait),False,50.054293522959185,,,False,True,volume accumulation,293.79998779296875,265.2964937084874,9.701666190866844,336.55522891969076,379.31047004641283,1.9106,561.3342566772461,2061.500057647186,199.99985411745755,1.0,6.18450017294156,15,Too far above the 21-EMA. Set an alert for a pullback toward it.,Stop 265.3; to breakeven at +1.0R; trail 2.5×ATR from +1.0R; scale 1/2 at T1 (+1.5R); time-stop 15 bars if < +0.5R,55-day high sits before T1 (resistance),293.79998779296875,8.143855452708966,2.771904625961957,70.44351230577556,96.95690249100771,18.22606749608658,2.4987156234552117,0.8840650906712451,0.15306116277121395,-0.027004087553115785,0.5230908598455652,0.4490746867453266,0.725819670031911,1577921585.0704956,0.0,1.0,0.0,1.0,0.3285625662089506,0.7522123893805309,0.25482990692575896,0.5129675167257036,0.34315561462201316,-0.9804672536784326,0.31692183780674354,1.8984555023760699,-0.335031367339774,,,,Technology,Texas Instruments Incorporated,0.0241,2026-10-02,False,max 6 positions in RISK_ON
SHOP,No clean setup,False,49.93099428626689,,,False,True,strong trend structure,151.38999938964844,128.85083265517795,14.88814771473712,185.19874949135416,219.0074995930599,2.4161,365.77337752532964,1343.302728961773,199.99289454392357,1.0,4.0299081868853195,0,No actionable pattern today.,Stop 128.9; to breakeven at +1.0R; trail 2.5×ATR from +1.0R; scale 1/2 at T1 (+1.5R); time-stop 15 bars if < +0.5R,55-day high sits before T1 (resistance),151.38999938964844,6.43976192413442,4.253756489924889,61.1387544182458,96.24553478757522,14.89680286705922,1.3834655247950638,0.8309457015257281,0.06710371889839872,0.26011320258665305,0.2802536946270482,-0.05148099104080506,0.6903588188936394,1448549444.651451,0.0,0.0,0.0,1.0,0.3266823605618723,0.7433628318584071,0.25161918407414263,1.1738068709607579,0.35260499390882905,-0.3697428602937284,-0.5055981784714549,0.44454512671343743,-0.34888622782769463,,,,Technology,Shopify Inc.,0.0136,2026-10-02,False,max 6 positions in RISK_ON
AMZN,No clean setup,False,49.83720624763809,,,False,True,favourable entry timing; volatility compression; Bollinger/Keltner squeeze on,251.52000427246094,240.2510534343316,4.480339792743549,268.423430529655,285.32685678684896,4.8326,1215.4955726470948,4463.907490546456,199.99822361021285,1.0,13.391722471639369,0,No actionable pattern today.,Stop 240.3; to breakeven at +1.0R; trail 2.5×ATR from +1.0R; scale 1/2 at T1 (+1.5R); time-stop 15 bars if < +0.5R,,251.52000427246094,5.634475419064669,2.2401698963717736,48.56366800923155,84.3953373186355,8.87956659807369,-0.06911765768427698,0.8757659943661493,-0.013569658455776734,0.03014416980652168,0.1990275022627772,0.15569047765271793,0.8799054710387317,8852990822.20787,1.0,0.0,0.0,0.0,0.27190925904937546,0.6637168141592921,0.24917912939215686,-0.08705644852851509,0.0823831686505269,0.6209698792640659,1.0076967212901915,0.20427750763942631,0.06733809213440778,,,,Consumer Cyclical,"Amazon.com, Inc.",0.0083,2026-10-02,False,max 6 positions in RISK_ON
LRCX,Extended (wait),False,49.77005099590182,,,False,True,volume accumulation; new 55-day high,347.489990234375,299.1357373111986,13.915293758695727,420.0213696191396,492.5527490039041,1.1262,391.34322700195315,1437.2080011646729,199.99171528554334,1.0,4.311624003494019,15,Too far above the 21-EMA. Set an alert for a pullback toward it.,Stop 299.1; to breakeven at +1.0R; trail 2.5×ATR from +1.0R; scale 1/2 at T1 (+1.5R); time-stop 15 bars if < +0.5R,,347.489990234375,13.815500835193255,3.975798216770209,67.76360857391859,99.51766044958943,15.712877686496078,2.536222208330499,0.7932933399793229,0.20650365705678242,-0.006684360425068925,0.5935916815915774,1.0263630371256252,0.8691443404926733,2891489039.9531555,0.0,1.0,1.0,1.0,0.29200395157902403,0.6991150442477876,0.24743312355375385,0.6101563866806757,0.5158870930784831,-0.7055143508070244,-0.22160388479780313,1.1058765175829723,-0.10913350064840793,,,,Technology,Lam Research Corporation,0.0233,2026-10-02,False,max 6 positions in RISK_ON
GOOGL,No clean setup,False,49.57280618837738,,,False,True,favourable entry timing; volatility compression; Bollinger/Keltner squeeze on,343.5,325.4942834407453,5.241838881879104,370.50857483888205,397.51714967776417,3.0245,1038.9157500000001,3815.4180918750003,199.99806904615355,1.0,11.446254275625003,0,No actionable pattern today.,Stop 325.5; to breakeven at +1.0R; trail 2.5×ATR from +1.0R; scale 1/2 at T1 (+1.5R); time-stop 15 bars if < +0.5R,,343.5,9.002858279627352,2.6209194409395495,50.01208299972585,64.92194644025534,13.486928155442062,0.034341944367983795,0.8416976941386004,0.019579965020636525,-0.062050938602537076,0.16281602977917697,0.37925523491649704,1.0136609066644362,9386006231.347504,1.0,0.0,0.0,0.0,0.24124947107174113,0.6548672566371682,0.24231032829000576,0.14921228089340138,-0.06751310686784326,0.6099244007183079,0.5426757807297266,0.3427915921495459,0.2507971860361227,,,,Communication Services,Alphabet Inc.,0.0149,2026-10-02,False,max 6 positions in RISK_ON
TSM,Extended (wait),False,47.951535374829874,Earnings in 11d — binary gap risk,2026-10-15,False,True,volume accumulation; quality/growth fundamentals; new 55-day high,472.7799987792969,435.5691353038894,7.870650952130956,528.596293992408,584.4125892055192,1.4635,691.913528213501,2541.052432364082,199.99736746201043,1.0,7.623157297092247,15,Too far above the 21-EMA. Set an alert for a pullback toward it.,Stop 435.6; to breakeven at +1.0R; trail 2.5×ATR from +1.0R; scale 1/2 at T1 (+1.5R); time-stop 15 bars if < +0.5R,,472.7799987792969,10.631675278687837,2.2487574148945577,71.67941172715693,98.45853479466443,17.483333646175794,2.7800302892116897,0.9896624571212077,0.1409105718407302,0.049266944835656634,0.40148200858834393,0.4517074192903474,0.8415077102139209,4465359388.865967,0.0,1.0,1.0,1.0,0.3940213743057218,0.7964601769911505,0.46971591211855696,0.6700076262110556,0.6216339905484335,-0.9992108822368914,0.2245141689221426,1.532372920085774,0.6567389612527205,0.8882491654870738,3.0640709326018487,1.0,Technology,Taiwan Semiconductor Manufactur,0.0057,2026-10-02,False,max 6 positions in RISK_ON
ARM,No clean setup,False,47.665654000100865,,,False,True,volume accumulation,307.489990234375,269.44317439736864,12.373351018030316,364.5602139898846,421.6304377453941,1.4313,440.11042302246096,1616.305528549988,199.9911565713202,1.0,4.848916585649964,0,No actionable pattern today.,Stop 269.4; to breakeven at +1.0R; trail 2.5×ATR from +1.0R; scale 1/2 at T1 (+1.5R); time-stop 15 bars if < +0.5R,55-day high sits before T1 (resistance),307.489990234375,19.023407918503185,6.18667550901516,58.51642888465341,85.32732657621423,19.617187946841657,1.172311898193107,0.6792356570420236,0.3092480176925547,-0.045773338030676736,1.0621687946866545,0.5617767853736424,1.0879770250374945,1720790021.6545105,0.0,0.0,0.0,1.0,0.19316439138859562,0.6460176991150443,0.19316439138859562,0.6795562584352541,0.2820174559164617,0.018364541182850604,-1.4690779931891584,0.9226901558619844,,,,,,,,2026-10-02,False,max 6 positions in RISK_ON
AMAT,No clean setup,False,47.291362497549024,,,False,True,volume accumulation,540.0399780273438,471.69809904887734,12.654966624527576,642.5527964950434,745.065614962743,0.7968,430.3038544921875,1580.2909056225585,199.98528667697937,1.0,4.740872716867676,0,No actionable pattern today.,Stop 471.7; to breakeven at +1.0R; trail 2.5×ATR from +1.0R; scale 1/2 at T1 (+1.5R); time-stop 15 bars if < +0.5R,55-day high sits before T1 (resistance),540.0399780273438,19.526251136704687,3.6157047498650217,69.19770319670265,99.30635746485618,18.8025767496075,2.853102262282051,0.7308900659264209,0.23167447099371863,-0.08801185994862659,0.5533318323201495,1.0248237725098925,0.9010719277487867,2960446695.2609253,0.0,1.0,0.0,0.0,0.18359292962320808,0.6283185840707964,0.18359292962320808,0.4016598779786138,0.21581733933996514,-0.9687170759598267,-0.18658657850322993,1.7655425251214938,,,,,,,,2026-10-02,False,max 6 positions in RISK_ON
CAT,No clean setup,False,46.310531489349536,,,False,True,volatility compression; volume accumulation; Bollinger/Keltner squeeze on,845.4199829101562,788.3736957593519,6.747686156463458,930.9894136363628,1016.5588443625693,0.9546,807.0379156860351,2963.8467453569638,199.99107653524464,1.0,8.891540236070892,0,No actionable pattern today.,Stop 788.4; to breakeven at +1.0R; trail 2.5×ATR from +1.0R; scale 1/2 at T1 (+1.5R); time-stop 15 bars if < +0.5R,,845.4199829101562,23.305265790717392,2.756649506969848,58.83339153670164,87.04551921251598,10.950773007385946,1.2227788668429864,0.7890264410410146,0.06707218615675736,-0.12674413355807534,0.1831807521813018,0.6626009265094717,0.8310961943296563,1887538344.5739746,1.0,1.0,0.0,0.0,0.15860906248483783,0.6017699115044248,0.15860906248483783,0.04710359166586538,-0.14198600931607908,-0.052584314392714396,0.8575298230252134,0.7509769884010274,,,,,,,,2026-10-02,False,max 6 positions in RISK_ON
ABNB,No clean setup,False,46.11073927875814,,,False,True,favourable entry timing,162.42999267578125,147.6719442837465,9.08579022194046,184.56706526383334,206.70413785188546,3.6901,599.3829159729004,2201.2337589104764,199.99948162914052,1.0,6.60370127673143,0,No actionable pattern today.,Stop 147.7; to breakeven at +1.0R; trail 2.5×ATR from +1.0R; scale 1/2 at T1 (+1.5R); time-stop 15 bars if < +0.5R,,162.42999267578125,5.312222865013953,3.270469189527963,46.116844601176055,91.63033134491229,22.48864907323494,-0.3439422742030198,0.8396354164366118,-0.11366366067569478,0.10010158747218756,0.2999599571264042,0.4982013976786357,0.8330255083434981,814592069.2205048,0.0,0.0,0.0,0.0,0.15353597846462902,0.5929203539823009,0.15353597846462902,0.074527550794505,0.3621794824946564,0.5521075713129189,-0.3870056148993744,-0.2673717221786229,,,,,,,,2026-10-02,False,max 6 positions in RISK_ON
HON,No clean setup,False,45.98401803316544,,,False,True,favourable entry timing; volatility compression; volume accumulation,213.99000549316406,203.2059590573987,5.039509397138578,230.1660751468121,246.34214480046015,5.0499,1080.6281287399293,3968.60680279739,199.99831276245533,1.0,11.905820408392172,0,No actionable pattern today.,Stop 203.2; to breakeven at +1.0R; trail 2.5×ATR from +1.0R; scale 1/2 at T1 (+1.5R); time-stop 15 bars if < +0.5R,,213.99000549316406,4.336136914936449,2.0263268393976315,52.651663277122275,88.18724297852638,21.30491971148706,0.5435231226007303,0.8291418194408448,0.038433531748676364,-0.07158016450927651,-0.10317533909625154,0.011312089620271637,0.6832695903197857,617356343.4181213,0.0,0.0,0.0,0.0,0.15032091453229884,0.5752212389380531,0.15032091453229884,-0.12028926428761617,-0.4557433994304939,0.6257383594499071,0.7392755378915261,0.904621266343471,,,,,,,,2026-10-02,False,max 6 positions in RISK_ON
COST,No clean setup,False,43.71302016510972,,,False,True,favourable entry timing; volume accumulation,920.6500244140625,879.1869393076304,4.503675012969325,982.8446520737107,1045.0392797333589,1.3134,1209.1817420654295,4440.71994773529,199.9955946820987,1.0,13.32215984320587,0,No actionable pattern today.,Stop 879.2; to breakeven at +1.0R; trail 2.5×ATR from +1.0R; scale 1/2 at T1 (+1.5R); time-stop 15 bars if < +0.5R,,920.6500244140625,15.652145113228425,1.700118904921559,51.37889864844428,71.12854201994527,13.015758112633554,0.3289011878827872,0.8409609983807743,-0.008433090879067184,-0.02960927760624521,-0.09015944118979036,0.01804916922959965,1.0832258120550573,2181253811.8554688,0.0,0.0,0.0,0.0,0.0929967030162698,0.5398230088495575,0.0929967030162698,-0.47133147963218247,-0.34487503480616205,0.7924949352603675,0.2024673962427803,1.157614371276597,,,,,,,,2026-10-02,False,max 6 positions in RISK_ON
PG,No clean setup,False,42.67874074712924,,,False,True,favourable entry timing; volume accumulation; Bollinger/Keltner squeeze on,144.91000366210938,140.1781413523496,3.265380022205499,152.00779712674904,159.1055905913887,9.3952,1361.4584664062502,4999.956217876954,163.26757145757568,1.0,14.999868653630863,0,No actionable pattern today.,Stop 140.2; to breakeven at +1.0R; trail 2.5×ATR from +1.0R; scale 1/2 at T1 (+1.5R); time-stop 15 bars if < +0.5R,size capped at 25% of capital,144.91000366210938,2.3659311548798896,1.6326900111027505,46.629779218681215,42.84770047711611,7.7789861909258935,-0.49489711527048574,0.8794683974395232,-0.018490895006942676,-0.02222384667457733,0.02774653825708584,-0.007823397571930957,0.8915018642501307,1165504161.969223,1.0,0.0,0.0,0.0,0.06703270161885512,0.5221238938053098,0.06703270161885512,-0.33491934324042255,-0.19058376293097823,0.6800314393827759,0.11862974664535746,0.5438828010396105,,,,,,,,2026-10-02,False,max 6 positions in RISK_ON
REGN,No clean setup,False,42.22304391352064,,,False,True,distribution in volume,735.2000122070312,691.9006700304674,5.889464289667454,800.149025471877,865.0980387367229,1.2577,924.6610553527833,3395.817725783096,199.99547230219292,1.0,10.18745317734929,0,No actionable pattern today.,Stop 691.9; to breakeven at +1.0R; trail 2.5×ATR from +1.0R; scale 1/2 at T1 (+1.5R); time-stop 15 bars if < +0.5R,,735.2000122070312,21.649671088281963,2.944732144833731,34.91457256446665,14.092604740273885,20.967053453751312,-1.9211808865993696,0.8555402858369165,-0.13711960033410553,0.13272876706660752,-0.03241072092709796,0.42747450193373315,1.1805848150332856,588939642.9296875,0.0,0.0,0.0,1.0,0.055612761715495396,0.504424778761062,0.055612761715495396,0.594094870176522,0.20968407666424177,-0.028833138142866477,-0.3887852631871027,-0.8354628678882827,,,,,,,,2026-10-02,False,max 6 positions in RISK_ON
BLK,No clean setup,False,41.943477015634045,,,False,True,volatility compression,1059.6300048828125,1013.4354416550933,4.359499354949653,1128.9218497243912,1198.21369456597,1.1789,1249.1978127563477,4587.678967347687,199.9998349886833,1.0,13.763036902043064,0,No actionable pattern today.,Stop 1013; to breakeven at +1.0R; trail 2.5×ATR from +1.0R; scale 1/2 at T1 (+1.5R); time-stop 15 bars if < +0.5R,,1059.6300048828125,23.097281613859618,2.179749677474829,43.158259275931556,29.963154240796356,21.4878437235043,-0.7816900354072405,0.8871541967034082,-0.037948574154969106,0.05326074737137976,0.1081253694075055,-0.014113216040978704,0.8662688420544307,563565126.3641357,0.0,0.0,0.0,0.0,0.04861141663842473,0.49557522123893805,0.04861141663842473,-0.4057119350417872,0.007882166785777023,0.3657475978314917,0.7421744359169286,-0.11018604643763631,,,,,,,,2026-10-02,False,max 6 positions in RISK_ON
KLAC,No clean setup,False,39.633388596020175,,,False,True,volume accumulation,206.88999938964844,180.1581485543154,12.920803767313723,246.987775642648,287.08555189564754,2.0372,421.4763067565918,1547.8717365635832,199.99746965109182,1.0,4.643615209690751,0,No actionable pattern today.,Stop 180.2; to breakeven at +1.0R; trail 2.5×ATR from +1.0R; scale 1/2 at T1 (+1.5R); time-stop 15 bars if < +0.5R,55-day high sits before T1 (resistance),206.88999938964844,7.637671667238014,3.6916582192324947,67.24079015515579,96.12221116741985,15.347476783777854,2.4288012973688895,0.673858379321925,0.20103335647928544,-0.11223764223029198,0.36723837520317626,0.5341825637175899,0.7738747937609899,1754304059.1024017,0.0,1.0,0.0,0.0,-0.00916544935149536,0.48672566371681414,-0.00916544935149536,0.18971717634340898,-0.29918536387586747,-0.7326718133270577,0.06986268168764194,1.3243505004938323,,,,,,,,2026-10-02,False,max 6 positions in RISK_ON
UNP,No clean setup,False,38.95981136933037,,,False,True,favourable entry timing,278.2799987792969,267.00248485503124,4.0525779695758155,295.19626966569535,312.1125405520938,4.8289,1343.7862861053466,4935.055135721885,199.996957216685,1.0,14.805165407165656,0,No actionable pattern today.,Stop 267; to breakeven at +1.0R; trail 2.5×ATR from +1.0R; scale 1/2 at T1 (+1.5R); time-stop 15 bars if < +0.5R,,278.2799987792969,5.0300996423750926,1.8075677966221537,44.638307003439245,91.5451075959742,32.267958568834715,-0.30898633055283625,0.8847476318937642,-0.039519593320871294,-0.01068184419562046,0.1483955899250966,0.2602722723647559,0.9995401316431236,692653040.7421875,0.0,0.0,0.0,0.0,-0.02600846832851365,0.4778761061946903,-0.02600846832851365,-0.5436741091050529,0.04645145705847529,0.58663806085089,0.18462110820528366,-0.3014263705458103,,,,,,,,2026-10-02,False,max 6 positions in RISK_ON
JNJ,No clean setup,False,38.124843354978815,,,False,True,distribution in volume,256.0299987792969,245.75072244255654,4.014871845389214,271.44891328440735,286.8678277895179,5.2979,1356.421330532837,4981.457336381844,199.9991280884701,1.0,14.944372009145534,0,No actionable pattern today.,Stop 245.8; to breakeven at +1.0R; trail 2.5×ATR from +1.0R; scale 1/2 at T1 (+1.5R); time-stop 15 bars if < +0.5R,,256.0299987792969,5.139638168370176,2.0074359226946097,32.639480334024384,1.2502487404955218,15.838768823826657,-2.0433334028912062,0.9109118444073692,-0.06969221057118469,-0.007855823425204744,0.06473187373771094,0.5125614179037326,1.1420554289630602,1758857192.7301025,0.0,0.0,0.0,1.0,-0.046900912855119055,0.4690265486725664,-0.046900912855119055,0.18081943332844744,0.17451051125942646,-0.4318665172402646,0.3798901274507955,-0.9052127992368121,,,,,,,,2026-10-02,False,max 6 positions in RISK_ON
LIN,No clean setup,False,38.118037452169204,,,False,True,no dominant factor,479.4800109863281,453.2028712378202,5.480341024947792,518.89572060909,558.3114302318519,2.0724,993.6743747680664,3649.269141335724,199.9923938633817,1.0,10.947807424007173,0,No actionable pattern today.,Stop 453.2; to breakeven at +1.0R; trail 2.5×ATR from +1.0R; scale 1/2 at T1 (+1.5R); time-stop 15 bars if < +0.5R,,479.4800109863281,8.268471103406641,1.7244662788752643,56.43213284994362,80.3623243988134,20.697303162894737,0.9344323424775265,0.8775246395481853,-0.0131110942772934,-0.11000704444594489,-0.03983238440631576,0.05490646449287162,1.0563515970323794,992450460.5506897,0.0,0.0,0.0,0.0,-0.04707130094450748,0.46017699115044247,-0.04707130094450748,-0.1018905618232329,-0.3639014205335288,0.27948721408268407,-0.06838063569261553,0.38611408199281755,,,,,,,,2026-10-02,False,max 6 positions in RISK_ON
AVGO,No clean setup,False,38.02277501080848,,,False,True,favourable entry timing; volatility compression,355.1400146484375,333.409375478989,6.118893471061057,387.7359734026103,420.33193215678307,2.506,889.9808767089843,3268.4547697137446,199.99326550859803,1.0,9.805364309141234,0,No actionable pattern today.,Stop 333.4; to breakeven at +1.0R; trail 2.5×ATR from +1.0R; scale 1/2 at T1 (+1.5R); time-stop 15 bars if < +0.5R,,355.1400146484375,10.865319584724274,3.0594467355305315,47.84851512803816,70.67483904226717,21.049381679404632,-0.08496619371349384,0.7198985815161214,-0.031187460179937343,-0.04844417497261788,0.13288763769956558,0.10770574453077164,0.9545711858993415,8862937644.396515,0.0,0.0,0.0,0.0,-0.04945641493292301,0.45132743362831856,-0.04945641493292301,-0.6099428522951875,-0.44395059675221127,0.5922046457739492,0.8004826264805953,0.24532128186600022,,,,,,,,2026-10-02,False,max 6 positions in RISK_ON
MDT,No clean setup,False,37.864205387235266,,,False,True,no dominant factor,86.37999725341797,82.2702971186819,4.757698848587839,92.54454745552208,98.70909765762619,13.2512,1144.6386196044923,4203.6853304974975,199.9986885673353,1.0,12.611055991492494,0,No actionable pattern today.,Stop 82.27; to breakeven at +1.0R; trail 2.5×ATR from +1.0R; scale 1/2 at T1 (+1.5R); time-stop 15 bars if < +0.5R,,86.37999725341797,2.054850067368034,2.378849424293916,38.07322404098973,20.855907895352146,22.907635265172694,-1.3081500811034923,0.8393027581717133,-0.055235043055985256,0.0485003212085926,0.014362158142138481,-0.0036852382377200454,2.630935499806311,1236600181.5866852,0.0,0.0,0.0,0.0,-0.05342737652107312,0.4424778761061947,-0.05342737652107312,0.13005026307376552,-0.15319704167235912,0.20065120432152045,0.17826393277796726,-0.783767673395466,,,,,,,,2026-10-02,False,max 6 positions in RISK_ON
JPM,No clean setup,False,36.967859602540095,,,False,True,no dominant factor,332.3800048828125,319.45896477724506,3.887430024595801,351.76156504116364,371.1431251995148,4.0961,1361.4617380004881,4999.968232806793,194.37026630238336,1.0,14.99990469842038,0,No actionable pattern today.,Stop 319.5; to breakeven at +1.0R; trail 2.5×ATR from +1.0R; scale 1/2 at T1 (+1.5R); time-stop 15 bars if < +0.5R,size capped at 25% of capital,332.3800048828125,6.460520052783712,1.9437150122978977,34.50131263494336,34.75244072851784,24.018192394439804,-1.673066038187225,0.9069031511127217,-0.06692492351972146,-0.015811904295241597,0.13912438862455745,0.16840381472889754,1.1995862632013188,2898683632.4742126,0.0,0.0,0.0,0.0,-0.07589663925226159,0.4336283185840708,-0.07589663925226159,-0.3534472911838464,0.032672355073634335,-0.07866839715523283,-0.3026817147123385,0.4387248911107022,,,,,,,,2026-10-02,False,max 6 positions in RISK_ON
TSLA,No clean setup,False,36.371674398732196,,,False,True,no dominant factor,370.5899963378906,342.76922217445025,7.507157354046436,412.3211575830512,454.05231882821175,1.9574,725.3928588317871,2664.005274059738,199.99106784376056,1.0,7.992015822179216,0,No actionable pattern today.,Stop 342.8; to breakeven at +1.0R; trail 2.5×ATR from +1.0R; scale 1/2 at T1 (+1.5R); time-stop 15 bars if < +0.5R,55-day high sits before T1 (resistance),370.5899963378906,12.443130833448995,3.3576542692490263,54.99157195561247,89.1978103953212,17.76011467038292,0.6380797085962812,0.7429184417809718,0.03803811153973191,-0.11715938243069457,0.02773232785589963,-0.22297911373088464,1.048892690422202,13895773544.57077,0.0,0.0,0.0,0.0,-0.09086786495127996,0.4247787610619469,-0.09086786495127996,0.11967034729530165,-0.7454658006118572,0.4827037795100689,0.4412022208753579,-0.2678770028116611,,,,,,,,2026-10-02,False,max 6 positions in RISK_ON
UNH,No clean setup,False,36.28166477558279,,,False,True,volatility compression,371.8999938964844,354.60972347736464,4.649172009379585,397.835399525164,423.7708051538436,3.1496,1171.336220776367,4301.732270801208,199.99493265253858,1.0,12.905196812403625,0,No actionable pattern today.,Stop 354.6; to breakeven at +1.0R; trail 2.5×ATR from +1.0R; scale 1/2 at T1 (+1.5R); time-stop 15 bars if < +0.5R,,371.8999938964844,8.645135209559879,2.3245860046897953,41.30442728185341,67.61835498554427,33.36469127056149,-0.7322195151911308,0.8106017826585825,-0.06372914936732821,-0.10478713788044591,0.3573077135553244,0.17080375645606027,0.877844047993742,1928570434.9398804,0.0,0.0,0.0,0.0,-0.09313031738501061,0.415929203539823,-0.09313031738501061,-0.6200544047259735,-0.18610625372721218,0.268658501462673,0.6681355112092947,-0.11079135871341157,,,,,,,,2026-10-02,False,max 6 positions in RISK_ON
ISRG,No clean setup,False,35.860415626308935,,,False,True,weak momentum; favourable entry timing; volume accumulation,391.95001220703125,369.43138974249587,5.74527918438764,425.7279459038343,459.5058796006374,2.4183,947.8527145202636,3480.9890940756677,199.99254183273328,1.0,10.442967282227006,0,No actionable pattern today.,Stop 369.4; to breakeven at +1.0R; trail 2.5×ATR from +1.0R; scale 1/2 at T1 (+1.5R); time-stop 15 bars if < +0.5R,55-day high sits before T1 (resistance),391.95001220703125,11.259311232267702,2.8726395921938233,51.21150787542293,5.681004260988573,14.89541101038383,-0.04490459129701735,0.6490528069116845,0.05396904125174262,-0.09444811042085466,-0.1329882410758345,-0.15103644044268738,0.7369749169639754,931017213.4895325,0.0,0.0,0.0,0.0,-0.10372704184382933,0.40707964601769914,-0.10372704184382933,-0.5331188526074507,-0.9646165379356133,0.7716252821282388,-0.19379324935985898,1.6843180414708006,,,,,,,,2026-10-02,False,max 6 positions in RISK_ON
ACN,No clean setup,False,35.507103575766095,,,False,True,no dominant factor,198.89999389648438,169.61915729151485,14.721386376818321,242.82124880393866,286.74250371139294,1.8598,369.9142086486816,1358.509931262283,199.9914959485697,1.0,4.07552979378685,0,No actionable pattern today.,Stop 169.6; to breakeven at +1.0R; trail 2.5×ATR from +1.0R; scale 1/2 at T1 (+1.5R); time-stop 15 bars if < +0.5R,55-day high sits before T1 (resistance),198.89999389648438,9.963373275346871,5.009237597328542,59.076188692528746,54.51218045248944,18.428654687298984,1.3082972786883742,0.697374091707052,0.05978261753284353,0.4697109063016749,0.008288081292318061,-0.21403543838795103,1.9519093462661856,1306194330.9287262,0.0,0.0,0.0,1.0,-0.11262619751186853,0.39823008849557523,-0.11262619751186853,0.4783661879174034,0.13703903141781387,0.05533459260584024,-1.7169125716332472,-0.5664288517498024,,,,,,,,2026-10-02,False,max 6 positions in RISK_ON
PGR,No clean setup,False,34.889850467022406,,,False,True,favourable entry timing,210.30999755859375,199.73717584388928,5.02725587819895,226.16923013065048,242.02846270270717,5.1508,1083.2647354248047,3978.289740847595,199.99880484854654,1.0,11.934869222542787,0,No actionable pattern today.,Stop 199.7; to breakeven at +1.0R; trail 2.5×ATR from +1.0R; scale 1/2 at T1 (+1.5R); time-stop 15 bars if < +0.5R,55-day high sits before T1 (resistance),210.30999755859375,4.5035824070329165,2.141401958686338,46.999160494693,60.744821707693674,14.705269439379636,-0.29548713718177394,0.8789852516936562,-0.049546039161427635,-0.09176199034213328,0.07813021768132256,-0.04340167421978591,1.1592293090598704,605939943.9174652,0.0,0.0,0.0,0.0,-0.1282013622222578,0.3893805309734513,-0.1282013622222578,-0.3962014284284228,-0.3014065557563915,0.7734834797139675,-0.05031717072263597,-0.589599700378553,,,,,,,,2026-10-02,False,max 6 positions in RISK_ON
XLI,No clean setup,False,34.59743719020565,,,False,True,no dominant factor,169.9499969482422,165.2072503610632,2.7906717695460683,177.0641168290107,184.17823670977918,8.011,1361.469425552368,4999.996465341072,139.53348983657455,1.0,14.999989396023217,0,No actionable pattern today.,Stop 165.2; to breakeven at +1.0R; trail 2.5×ATR from +1.0R; scale 1/2 at T1 (+1.5R); time-stop 15 bars if < +0.5R,size capped at 25% of capital,169.9499969482422,2.3713732935895036,1.3953358847730364,44.55566047583182,77.16153638988072,29.354498708339488,-0.35187045477628015,0.9055037811968669,-0.013735638285767293,-0.08166222305187287,0.04308494144528585,0.1332032982928435,1.0776903446567545,1260940067.3651886,0.0,0.0,0.0,0.0,-0.13559341094741717,0.3805309734513274,-0.13559341094741717,-0.6050899643317461,-0.16552576052258347,0.49650450309929217,-0.20749627744171137,0.0019865651833869263,,,,,,,,2026-10-02,False,max 6 positions in RISK_ON
SNPS,Extended (wait),False,33.12944393125477,,,False,True,volume accumulation,489.8999938964844,423.22287385285756,13.610353311765026,589.9156739619245,689.9313540273648,0.8167,400.1013250152588,1469.3721161185379,199.98673646829124,1.0,4.408116348355614,15,Too far above the 21-EMA. Set an alert for a pullback toward it.,Stop 423.2; to breakeven at +1.0R; trail 2.5×ATR from +1.0R; scale 1/2 at T1 (+1.5R); time-stop 15 bars if < +0.5R,55-day high sits before T1 (resistance),489.8999938964844,19.05060572675051,3.888672374790006,74.10209040874113,95.75256107563854,20.414939751575837,3.5076281989432765,0.9080967072602287,0.17772914503167714,0.10769440854224488,0.23727738045965574,-0.14896271889282087,1.761258796558858,995838482.8056335,0.0,0.0,0.0,1.0,-0.17285738839977288,0.37168141592920356,-0.17285738839977288,0.2744258848849052,0.16462281018072475,-1.3176491168061613,-1.5531187616055746,1.1863245343950115,,,,,,,,2026-10-02,False,max 6 positions in RISK_ON
GE,No clean setup,False,31.04500912426878,,,False,True,volatility compression,309.55999755859375,292.54979703491,5.4949608017308655,335.07529834411935,360.590599129645,3.2015,991.0563321838379,3639.6543799451442,199.99758149646624,1.0,10.918963139835434,0,No actionable pattern today.,Stop 292.5; to breakeven at +1.0R; trail 2.5×ATR from +1.0R; scale 1/2 at T1 (+1.5R); time-stop 15 bars if < +0.5R,,309.55999755859375,8.505100261841873,2.747480400865432,34.78185747860441,5.767332652419682,24.48386590876562,-1.440463903780212,0.7961115123805195,-0.060515940641597155,-0.1825287748338127,0.10238251448310898,0.09933913739030853,1.0183610823244202,1407372771.5011597,0.0,0.0,0.0,0.0,-0.22631564885162495,0.36283185840707965,-0.22631564885162495,-0.5737190385617215,-0.5501649563579867,-0.0693934020114557,0.701589207220283,0.1148261730023108,,,,,,,,2026-10-02,False,max 6 positions in RISK_ON
SBUX,No clean setup,False,30.389567318187233,,,False,True,volatility compression,94.70999908447266,90.64866008883321,4.28818396673946,100.80200757793182,106.894016071391,13.409,1269.966377723694,4663.951522190266,199.99882139106396,1.0,13.9918545665708,0,No actionable pattern today.,Stop 90.65; to breakeven at +1.0R; trail 2.5×ATR from +1.0R; scale 1/2 at T1 (+1.5R); time-stop 15 bars if < +0.5R,,94.70999908447266,2.0306694978197197,2.1440919833697265,35.12666801257227,49.47330304006288,36.76922474325702,-1.2645569440949673,0.8619496681963182,-0.11253749998927653,-0.06714268044094229,0.06022310769902206,0.29672265216602134,0.8985538398462145,680130958.6953735,0.0,0.0,0.0,0.0,-0.24328692926820433,0.35398230088495575,-0.24328692926820433,-0.7060589255499693,-0.13943993439112662,-0.04694133835517227,0.5253783842056914,-0.6405441237408124,,,,,,,,2026-10-02,False,max 6 positions in RISK_ON
TJX,No clean setup,False,30.270454432537427,,,False,True,favourable entry timing,132.67999267578125,126.33506474745353,4.782128639268377,142.19738456827284,151.71477646076443,8.583,1138.7923771362305,4182.215005032806,199.99890151145325,1.0,12.54664501509842,0,No actionable pattern today.,Stop 126.3; to breakeven at +1.0R; trail 2.5×ATR from +1.0R; scale 1/2 at T1 (+1.5R); time-stop 15 bars if < +0.5R,,132.67999267578125,2.859753217217138,2.1553763755514157,48.425637857714065,45.48851973193759,29.994858855963773,0.19648874680685083,0.7829331055320966,0.010433288726368062,-0.12035805942764355,-0.17208401113813598,-0.07904642838720333,1.0029874315380272,1189386738.6281204,0.0,0.0,0.0,0.0,-0.24638046197584448,0.34513274336283184,-0.24638046197584448,-0.9313156889584412,-0.7251996180424645,0.9765722920746706,0.039989953458589425,0.19973833564569263,,,,,,,,2026-10-02,False,max 6 positions in RISK_ON
CDNS,No clean setup,False,30.175646257862155,,,False,True,volume accumulation,351.3500061035156,308.04069112098574,12.326544536837147,416.3139785773104,481.2779510511053,1.2574,441.7874976745606,1622.4645852098238,199.99381969029898,1.0,4.867393755629472,0,No actionable pattern today.,Stop 308; to breakeven at +1.0R; trail 2.5×ATR from +1.0R; scale 1/2 at T1 (+1.5R); time-stop 15 bars if < +0.5R,55-day high sits before T1 (resistance),351.3500061035156,12.374089995008543,3.521869867667757,70.80559570534197,97.5916054093531,25.82573915061635,2.7607050446416213,0.8431927909115637,0.14569403828036775,-0.06498651734869587,0.2605841151145116,-0.12870411579355978,1.0344321947316495,849097182.3059082,0.0,0.0,0.0,0.0,-0.24884489606269852,0.336283185840708,-0.24884489606269852,-0.12553951744140276,-0.25342697922941576,-0.8687910391598661,-1.2917256421161314,1.4887995153106874,,,,,,,,2026-10-02,False,max 6 positions in RISK_ON
LMT,No clean setup,False,27.884459577275877,,,False,True,volatility compression,505.4100036621094,482.17808982767815,4.5966470125436745,540.2578744137562,575.105745165403,2.3441,1184.7315895843506,4350.926762748527,199.99674505784338,1.0,13.052780288245582,0,No actionable pattern today.,Stop 482.2; to breakeven at +1.0R; trail 2.5×ATR from +1.0R; scale 1/2 at T1 (+1.5R); time-stop 15 bars if < +0.5R,,505.4100036621094,11.615956917215614,2.2983235062718377,31.098369583583093,0.652169480879266,36.38758436656401,-1.768466683537268,0.7396896482047658,-0.04917690665255081,-0.05476566328482224,-0.17810938819619715,0.09275544003723613,0.9923396189991488,642134144.7271729,0.0,0.0,0.0,0.0,-0.30903450970279706,0.3274336283185841,-0.30903450970279706,-0.743050595396447,-0.6177089525579098,0.022898064234246365,1.0445348843502993,-0.5207844861363765,,,,,,,,2026-10-02,False,max 6 positions in RISK_ON
EFA,No clean setup,False,27.87649736904517,,,False,True,distribution in volume,103.95999908447266,101.57364990896995,2.2954494002675725,107.53952284772672,111.11904661098076,13.096,1361.460148010254,4999.962393567657,114.77160677675295,1.0,14.999887180702974,0,No actionable pattern today.,Stop 101.6; to breakeven at +1.0R; trail 2.5×ATR from +1.0R; scale 1/2 at T1 (+1.5R); time-stop 15 bars if < +0.5R,size capped at 25% of capital,103.95999908447266,1.1931745877513473,1.1477247001337831,42.22994426017287,59.19076349192279,22.0381730863372,-1.130628531547802,0.9547249487298238,-0.02895571216900572,-0.014223402361292603,0.07760319608862232,0.17617208028692333,1.8577647971652715,1498433614.7190857,0.0,0.0,0.0,0.0,-0.30924599003885817,0.3185840707964602,-0.30924599003885817,-0.4523736694959179,0.09895308678373246,0.20588445575136077,-1.11958070530143,-1.0058492766039715,,,,,,,,2026-10-02,False,max 6 positions in RISK_ON
WMT,No clean setup,False,27.422452065444062,,,False,True,volatility compression,104.26000213623047,99.91763252099389,4.164942956324379,110.77355655908534,117.2871109819402,12.5412,1307.5455387908935,4801.960991209557,199.99893606882674,1.0,14.405882973628673,0,No actionable pattern today.,Stop 99.92; to breakeven at +1.0R; trail 2.5×ATR from +1.0R; scale 1/2 at T1 (+1.5R); time-stop 15 bars if < +0.5R,,104.26000213623047,2.1711848076182876,2.082471478162188,40.16709153475106,19.50932567340061,10.960911698335396,-1.2459060644837867,0.7732287687013829,-0.017249451077665512,-0.05549387741448153,-0.1675884640405827,0.049266626327171936,0.9601102166722895,2389803156.0884476,0.0,0.0,0.0,0.0,-0.32133481729728336,0.30973451327433627,-0.32133481729728336,-0.8335941135375334,-0.5643377112926947,0.1904147403785454,0.5633208549719744,-0.3415889986112551,,,,,,,,2026-10-02,False,max 6 positions in RISK_ON
GLD,No clean setup,False,27.2656920249419,,,False,True,no dominant factor,380.1400146484375,366.1749692403668,3.673658354800112,401.08758276054357,422.0351508726496,3.5814,1361.433448461914,4999.8643394763785,183.67793403584542,1.0,14.999593018429138,0,No actionable pattern today.,Stop 366.2; to breakeven at +1.0R; trail 2.5×ATR from +1.0R; scale 1/2 at T1 (+1.5R); time-stop 15 bars if < +0.5R,size capped at 25% of capital,380.1400146484375,6.982522704035335,1.836829177400053,38.80547140457162,28.278495463487218,17.852423874755733,-1.684984014840481,0.7458112724039553,-0.05620930582321426,-0.005207626223921569,-0.1147388011305881,0.13130915979071855,0.9139844478049356,3447219397.062378,0.0,0.0,0.0,0.0,-0.32552209755875294,0.3008849557522124,-0.32552209755875294,-0.7720847139496284,-0.4578996877111658,0.04923537986644825,0.3767085952648986,-0.3658197983574227,,,,,,,,2026-10-02,False,max 6 positions in RISK_ON
SCHW,No clean setup,False,26.86691106330843,,,False,True,no dominant factor,96.69999694824219,92.2795807556463,4.571268182109543,103.33062123713603,109.96124552602987,12.3198,1191.3246224029542,4375.139675774849,199.9993679215463,1.0,13.125419027324549,0,No actionable pattern today.,Stop 92.28; to breakeven at +1.0R; trail 2.5×ATR from +1.0R; scale 1/2 at T1 (+1.5R); time-stop 15 bars if < +0.5R,,96.69999694824219,2.210208096297944,2.285634091054768,29.908462158407843,16.607912940117984,27.341106050532282,-2.513376157023028,0.8443202477857902,-0.10661494034812846,-0.036156098663441716,0.037964895787183206,0.1883299986874727,0.991149728991067,879261311.6099548,0.0,0.0,0.0,0.0,-0.3362066195972686,0.2920353982300885,-0.3362066195972686,-0.3173437613783276,-0.18668561575607806,-0.539392811943442,-0.12415793389392188,-0.6550042428222129,,,,,,,,2026-10-02,False,max 6 positions in RISK_ON
WFC,No clean setup,False,26.84012582448137,,,False,True,no dominant factor,80.44999694824219,76.73419506877416,4.618771933401821,86.02369976744424,91.59740258664628,14.656,1179.0751552734375,4330.153507741699,199.99991488878806,1.0,12.9904605232251,0,No actionable pattern today.,Stop 76.73; to breakeven at +1.0R; trail 2.5×ATR from +1.0R; scale 1/2 at T1 (+1.5R); time-stop 15 bars if < +0.5R,,80.44999694824219,1.8579009397340143,2.309385966700909,33.70420871702471,51.69928488265501,24.60257292138224,-1.835905679941753,0.8364812153414038,-0.09880138934125593,-0.07476413366365953,0.009608703624004677,0.12794193249177876,1.0834082584095213,1168283708.3458328,0.0,0.0,0.0,0.0,-0.33692598151158953,0.2831858407079646,-0.33692598151158953,-0.5442472025542633,-0.31892473316883296,-0.13785990251980038,-0.04169823707636047,-0.5611135232060457,,,,,,,,2026-10-02,False,max 6 positions in RISK_ON
ADBE,No clean setup,False,26.624950358700033,,,False,True,no dominant factor,237.69000244140625,219.36153978977373,7.711078490207316,265.182696418855,292.6753903963038,2.9712,706.2245352539063,2593.6096057199707,199.99527242662344,1.0,7.780828817159914,0,No actionable pattern today.,Stop 219.4; to breakeven at +1.0R; trail 2.5×ATR from +1.0R; scale 1/2 at T1 (+1.5R); time-stop 15 bars if < +0.5R,,237.69000244140625,9.164231325816266,3.85553924510366,41.01981546747945,39.5654422431211,22.735256933589636,-1.0447888260882217,0.6535331164798105,-0.1504700125728622,0.08997108478112348,-0.021529704293434593,-0.18599439208872726,0.8504955971927577,1399978278.7765503,0.0,0.0,0.0,0.0,-0.34271283328953595,0.2743362831858407,-0.34271283328953595,-0.7408842987817775,-0.5721454314405927,0.3493471241235575,-0.057350103064625374,-0.2962410732719621,,,,,,,,2026-10-02,False,max 6 positions in RISK_ON
RTX,No clean setup,False,26.22192200361362,,,False,True,volatility compression,184.67999267578125,177.45925363542702,3.9098653491018642,195.51110123631258,206.34220979684395,7.372,1361.4609060058594,4999.965177306519,195.49190593466713,1.0,14.999895531919558,0,No actionable pattern today.,Stop 177.5; to breakeven at +1.0R; trail 2.5×ATR from +1.0R; scale 1/2 at T1 (+1.5R); time-stop 15 bars if < +0.5R,size capped at 25% of capital,184.67999267578125,3.610369520177113,1.9549326745509306,24.05791479393561,2.780997844864615,45.084723152187614,-2.354828009470983,0.8156883074450839,-0.0801873005349164,-0.07983562134155187,-0.05170311959990215,0.21866123694182504,0.8453135263228565,758648876.9794464,0.0,0.0,0.0,0.0,-0.3535906315502103,0.26548672566371684,-0.3535906315502103,-0.7765075961857697,-0.36562215082120436,-0.6612327780948101,0.5739410639008475,0.05625362026423623,,,,,,,,2026-10-02,False,max 6 positions in RISK_ON
XLP,No clean setup,False,26.069670129086035,,,False,True,no dominant factor,80.52999877929688,78.6267506906798,2.363402604578673,83.38487091222248,86.2397430451481,16.9063,1361.4643183624269,4999.977709186012,118.1696034072553,1.0,14.999933127558041,0,No actionable pattern today.,Stop 78.63; to breakeven at +1.0R; trail 2.5×ATR from +1.0R; scale 1/2 at T1 (+1.5R); time-stop 15 bars if < +0.5R,size capped at 25% of capital,80.52999877929688,0.951624044308538,1.1817013022893366,34.77041252880167,30.6526910777781,16.759859677557905,-1.8954276776472199,0.9106000991746596,-0.0522666992297981,-0.03615187909341244,-0.003271898247732219,0.1156939395435963,1.1932359381939022,909453754.7236252,0.0,0.0,0.0,0.0,-0.35771346566672435,0.25663716814159293,-0.35771346566672435,-0.4576372164626427,-0.1112916978612849,-0.25575505760597955,-0.5709597349695422,-0.7136117263767853,,,,,,,,2026-10-02,False,max 6 positions in RISK_ON
IWM,No clean setup,False,24.88945398694161,,,False,True,no dominant factor,281.5199890136719,274.30682501643673,2.562220900372669,292.3397350095246,303.1594810053773,4.8361,1361.4588188690186,4999.957512296471,128.10995638981353,1.0,14.999872536889413,0,No actionable pattern today.,Stop 274.3; to breakeven at +1.0R; trail 2.5×ATR from +1.0R; scale 1/2 at T1 (+1.5R); time-stop 15 bars if < +0.5R,size capped at 25% of capital,281.5199890136719,3.606581998617562,1.2811104501863313,40.03287909688105,84.2769230621439,37.09857569943415,-0.8966561916921734,0.924881222808249,-0.039980755587742944,-0.0556866469625209,0.12589633819484525,0.22159035326048082,1.2551592230372026,6913608979.190216,0.0,0.0,0.0,0.0,-0.38993870481499476,0.24778761061946902,-0.38993870481499476,-0.6671554706172319,0.01570961250916572,-0.09297453639494796,-0.9101395026609974,-0.7748714213049884,,,,,,,,2026-10-02,False,max 6 positions in RISK_ON
SLV,No clean setup,False,24.772306110474524,,,False,True,weak momentum; volatility compression,54.7400016784668,51.333624558506614,6.2228297689295795,59.84956735840707,64.95913303834735,15.9873,875.1448288341522,3213.969383893424,199.99984358520257,1.0,9.641908151680274,0,No actionable pattern today.,Stop 51.33; to breakeven at +1.0R; trail 2.5×ATR from +1.0R; scale 1/2 at T1 (+1.5R); time-stop 15 bars if < +0.5R,,54.7400016784668,1.7031885599800904,3.1114148844647875,40.22260288837025,31.39584158034225,13.276377509527979,-1.5128333064903867,0.4984066353988618,-0.0733028278098471,-0.02441630577405518,-0.1679586423968661,0.3766021884147528,1.0227036908536937,897374624.2759705,0.0,0.0,0.0,0.0,-0.39316428944888965,0.23893805309734514,-0.39316428944888965,-0.7857380504866848,-0.9166701679767966,0.2194868252123543,0.736870679124872,-0.3482637116191589,,,,,,,,2026-10-02,False,max 6 positions in RISK_ON
ABT,No clean setup,False,24.66480624142499,,,False,True,no dominant factor,97.5,92.90469831016802,4.713129938289215,104.39295253474798,111.28590506949595,11.8509,1155.46275,4243.436949374999,199.99869727341965,1.0,12.730310848125,0,No actionable pattern today.,Stop 92.9; to breakeven at +1.0R; trail 2.5×ATR from +1.0R; scale 1/2 at T1 (+1.5R); time-stop 15 bars if < +0.5R,,97.5,2.2976508449159954,2.3565649691446104,29.734158768781214,33.05151614857094,31.723632175687563,-2.138000340683089,0.7368959788456949,-0.11740745068691483,0.026826322998503294,-0.03945334273772394,-0.15319260974850046,0.9412857868764606,903205992.0591736,0.0,0.0,0.0,0.0,-0.3961286894581801,0.23008849557522124,-0.3961286894581801,-0.6031473417416299,-0.508926623486872,-0.5547173854423868,0.369398323183264,-0.22774051848468488,,,,,,,,2026-10-02,False,max 6 positions in RISK_ON
XLB,No clean setup,False,23.81442449481147,,,False,True,distribution in volume,48.86000061035156,47.353406191412546,3.083492427586722,51.11989223876009,53.37978386716861,27.8647,1361.4692590072632,4999.995853704174,154.17449352861826,1.0,14.999987561112523,0,No actionable pattern today.,Stop 47.35; to breakeven at +1.0R; trail 2.5×ATR from +1.0R; scale 1/2 at T1 (+1.5R); time-stop 15 bars if < +0.5R,size capped at 25% of capital,48.86000061035156,0.7532972094695075,1.5417462137933595,35.19581914891731,55.80097921720487,20.30384700841432,-1.610759561463563,0.905791755505945,-0.07299612453959592,-0.05569727239162059,-0.022646605229717842,0.21019202171891305,1.2786938757406394,582577866.6271019,0.0,0.0,0.0,0.0,-0.41973442179736054,0.22123893805309736,-0.41973442179736054,-0.5018671972736272,-0.12272011538616234,-0.3242978200642268,-0.5058114172425685,-1.0550825440273155,,,,,,,,2026-10-02,False,max 6 positions in RISK_ON
XLY,No clean setup,False,23.236459446096646,,,False,True,distribution in volume,110.04000091552734,106.98252747999253,2.778510914300972,114.62621106882958,119.2124212221318,12.3725,1361.469911327362,4999.998249349737,138.92549707304,1.0,14.999994748049215,0,No actionable pattern today.,Stop 107; to breakeven at +1.0R; trail 2.5×ATR from +1.0R; scale 1/2 at T1 (+1.5R); time-stop 15 bars if < +0.5R,size capped at 25% of capital,110.04000091552734,1.5287367177674076,1.3892554571504854,41.576563581146374,85.76902626547579,24.09258361798397,-0.8341367209649099,0.8857219607500707,-0.039854092489970405,-0.06548296710826196,0.021748626184068698,-0.04164705963413018,1.1433141133721527,746984647.0818329,0.0,0.0,0.0,0.0,-0.43594355124550693,0.21238938053097345,-0.43594355124550693,-0.8447768629813929,-0.27520947684136127,0.08016625965625711,-0.3217490759456237,-0.9084713054366281,,,,,,,,2026-10-02,False,max 6 positions in RISK_ON
MELI,No clean setup,False,23.21115209006087,,,False,True,no dominant factor,1696.56005859375,1586.011321750251,6.5160520715742285,1862.3831638589986,2028.206269124247,0.4926,835.7254848632812,3069.2018431604,199.99079028204767,1.0,9.207605529481203,0,No actionable pattern today.,Stop 1586; to breakeven at +1.0R; trail 2.5×ATR from +1.0R; scale 1/2 at T1 (+1.5R); time-stop 15 bars if < +0.5R,,1696.56005859375,55.27436842174951,3.2580260357871147,33.48743264295763,35.681501861241486,24.826148625713365,-1.776404235592397,0.698747964824444,-0.15450164172400827,-0.06043152267918661,-0.011052019633487342,-0.0782439158860927,1.063925321098148,1171575678.1396484,0.0,0.0,0.0,0.0,-0.43665649581477717,0.20353982300884957,-0.43665649581477717,-0.7503677403291072,-0.6894574067767837,-0.10324795254554155,0.10392324396571477,-0.21792428406544576,,,,,,,,2026-10-02,False,max 6 positions in RISK_ON
UBER,No clean setup,False,21.436942423970315,,,False,True,weak momentum; volatility compression; distribution in volume,68.11000061035156,64.42733339962592,5.4069405046605405,73.63400142644002,79.15800224252848,14.7878,1007.1970670257568,3698.9312286520917,199.99901084152776,1.0,11.096793685956277,0,No actionable pattern today.,Stop 64.43; to breakeven at +1.0R; trail 2.5×ATR from +1.0R; scale 1/2 at T1 (+1.5R); time-stop 15 bars if < +0.5R,,68.11000061035156,1.841333605362823,2.7034702523302747,36.83137405884916,38.432046153680616,24.882317449580565,-1.3810193120401597,0.6723925350860266,-0.10909086554361713,-0.05951391421661123,-0.0519208785868458,-0.20867408689312517,0.8570474402868532,1355510551.322937,0.0,0.0,0.0,0.0,-0.48735634918285,0.19469026548672566,-0.48735634918285,-0.8614771600519401,-0.8308284473627081,-0.031068667410616226,0.9693123134332385,-1.0215346672694643,,,,,,,,2026-10-02,False,max 6 positions in RISK_ON
MS,No clean setup,False,20.832119234614055,,,False,True,distribution in volume,190.30999755859375,180.82420846296063,4.984388217814245,204.53868120204345,218.76736484549312,5.741,1092.5696959838867,4012.462208500824,199.99669356476429,1.0,12.037386625502474,0,No actionable pattern today.,Stop 180.8; to breakeven at +1.0R; trail 2.5×ATR from +1.0R; scale 1/2 at T1 (+1.5R); time-stop 15 bars if < +0.5R,,190.30999755859375,4.742894547816557,2.49219410890712,30.018028255308906,59.75441169454376,36.50618605615537,-2.0887433721887225,0.8239294063202846,-0.10154852715447726,-0.13841692307054643,0.16027967302328605,0.3807242373079438,1.3008142716338191,1119782445.4270172,0.0,0.0,0.0,0.0,-0.5049872657392211,0.18584070796460178,-0.5049872657392211,-0.7072143725714152,-0.24158945277428573,-0.5367979719591373,0.052970750449781494,-1.2692695413462995,,,,,,,,2026-10-02,False,max 6 positions in RISK_ON
GS,No clean setup,False,20.557864763112672,,,False,True,distribution in volume,902.5599975585938,854.7978465497714,5.291853299284035,974.2032240718272,1045.8464505850607,1.1402,1029.0989092163086,3779.365744096893,199.99849082100206,1.0,11.338097232290682,0,No actionable pattern today.,Stop 854.8; to breakeven at +1.0R; trail 2.5×ATR from +1.0R; scale 1/2 at T1 (+1.5R); time-stop 15 bars if < +0.5R,,902.5599975585938,23.88107550441115,2.645926649642015,32.1376219455466,46.0739044274458,32.96003807052818,-2.0160455713509613,0.7859516763810489,-0.10141174716221646,-0.14053925214839857,0.055545102249277,0.3038347664245067,0.9694375024376194,2041621826.5100098,0.0,0.0,0.0,0.0,-0.5130448298238739,0.17699115044247787,-0.5130448298238739,-0.7392998144840959,-0.4267104773180153,-0.49278681203209385,0.1583923958577386,-0.9781949941373589,,,,,,,,2026-10-02,False,max 6 positions in RISK_ON
AXP,No clean setup,False,19.825919778435345,,,False,True,no dominant factor,302.7799987792969,291.1712188254882,3.834064337344345,320.1931687100099,337.60633864072287,4.4965,1361.4502645111083,4999.926096417045,191.70038335629917,1.0,14.999778289251138,0,No actionable pattern today.,Stop 291.2; to breakeven at +1.0R; trail 2.5×ATR from +1.0R; scale 1/2 at T1 (+1.5R); time-stop 15 bars if < +0.5R,size capped at 25% of capital,302.7799987792969,5.804389976904332,1.9170321686721725,32.8071737175993,33.848679193702424,30.515637767269734,-1.747784535595214,0.7877499475481446,-0.08242927238449671,-0.1495660483177702,0.011422561477987703,0.01506452166773542,1.2109126476729046,1041598690.332489,0.0,0.0,0.0,0.0,-0.5347507553453699,0.168141592920354,-0.5347507553453699,-0.9324999506415969,-0.6064382644835835,-0.15939149427069352,-0.041701843857966804,-0.6161213950067991,,,,,,,,2026-10-02,False,max 6 positions in RISK_ON
ORCL,No clean setup,False,19.694763739876446,,,False,True,weak momentum; favourable entry timing,142.3000030517578,128.5592462008722,9.656188725370432,162.91113832808622,183.52227360441466,3.9633,563.9776020950317,2071.207743694004,199.9997286255797,1.0,6.213623231082013,0,No actionable pattern today.,Stop 128.6; to breakeven at +1.0R; trail 2.5×ATR from +1.0R; scale 1/2 at T1 (+1.5R); time-stop 15 bars if < +0.5R,,142.3000030517578,6.8703784254428095,4.828094362685216,48.3149162172583,89.80275945172583,11.472340209520798,-0.13135430013428953,0.44544109280549854,-0.023670648015383766,-0.006712152106469027,-0.021083535538492737,-0.4899442594304707,1.0732409865411365,5304588783.418121,0.0,0.0,0.0,0.0,-0.5386722220807124,0.1592920353982301,-0.5386722220807124,-0.5586222531904854,-1.2653717782487282,0.7115812305564794,-0.36168848025919914,-0.7343871902184279,,,,,,,,2026-10-02,False,max 6 positions in RISK_ON
BAC,No clean setup,False,19.12217810258517,,,False,True,no dominant factor,53.75,51.457612175652855,4.264907580180735,57.18858173652072,60.627163473041435,23.7563,1276.9011249999999,4689.419381562499,199.99940267072358,1.0,14.0682581446875,0,No actionable pattern today.,Stop 51.46; to breakeven at +1.0R; trail 2.5×ATR from +1.0R; scale 1/2 at T1 (+1.5R); time-stop 15 bars if < +0.5R,,53.75,1.1461939121735731,2.1324537900903686,22.309818262580137,6.226727091521923,42.30580507066497,-3.1675622752468273,0.828211477012814,-0.13699301270240127,-0.09809291827452815,0.09973540457827124,0.25512690978912733,1.1529439995455664,2252380355.845108,0.0,0.0,0.0,0.0,-0.5559109739851305,0.1504424778761062,-0.5559109739851305,-0.7250741486972861,-0.259456984634054,-0.9687480995745533,-0.3001025118130461,-0.5952723717264603,,,,,,,,2026-10-02,False,max 6 positions in RISK_ON
SPGI,No clean setup,False,18.716391393240368,,,False,True,distribution in volume,386.2699890136719,367.0858240882137,4.966517066066747,415.0462364018591,443.82248379004636,2.8387,1096.5046178131104,4026.913208918648,199.99733175664068,1.0,12.080739626755944,0,No actionable pattern today.,Stop 367.1; to breakeven at +1.0R; trail 2.5×ATR from +1.0R; scale 1/2 at T1 (+1.5R); time-stop 15 bars if < +0.5R,,386.2699890136719,9.592082462729094,2.4832585330333767,31.946587093954008,8.251238090397308,20.170039397734502,-1.9751411994472923,0.7444274657908018,-0.10525585078133304,-0.13434712507287982,-0.048713640092798105,-0.044209620662727045,1.3883232570929571,786127033.5939026,0.0,0.0,0.0,0.0,-0.5682489495371307,0.1415929203539823,-0.5682489495371307,-0.7982929438232299,-0.7349302131344669,-0.2595917921802141,0.35328092711349945,-1.0759734146575965,,,,,,,,2026-10-02,False,max 6 positions in RISK_ON
XLF,No clean setup,False,17.08039975368863,,,False,True,distribution in volume,53.4900016784668,52.081861325159814,2.6325300226600126,55.602212208427275,57.714422738387746,25.4528,1361.4703147216796,4999.999730815368,131.62649404663438,1.0,14.999999192446104,0,No actionable pattern today.,Stop 52.08; to breakeven at +1.0R; trail 2.5×ATR from +1.0R; scale 1/2 at T1 (+1.5R); time-stop 15 bars if < +0.5R,size capped at 25% of capital,53.4900016784668,0.7040701766534907,1.3162650113300047,27.510594260518033,23.98088986687189,34.18022828088914,-2.3979074537906078,0.91602925288324,-0.06903723271328832,-0.043831299344562535,0.08757012893314986,0.09313890032168026,1.340591072427754,2101913031.945343,0.0,0.0,0.0,0.0,-0.6190920361384843,0.13274336283185842,-0.6190920361384843,-0.5842765884620841,-0.06750179703886836,-0.5783004188449257,-1.2143802348295862,-1.5335977564895602,,,,,,,,2026-10-02,False,max 6 positions in RISK_ON
IBM,No clean setup,False,16.55409370476867,,,False,True,weak momentum,222.63999938964844,208.94975299934487,6.149050677252244,243.1753689751038,263.71073856055915,3.9779,885.6396535720825,3252.5116277434727,199.99858827346804,1.0,9.757534883230418,0,No actionable pattern today.,Stop 208.9; to breakeven at +1.0R; trail 2.5×ATR from +1.0R; scale 1/2 at T1 (+1.5R); time-stop 15 bars if < +0.5R,,222.63999938964844,6.845123195151785,3.0745253386261218,41.56147085992522,44.747302929692985,13.655420672426764,-0.987908664525635,0.6744784719234238,-0.039102277418750275,-0.2513451065582174,-0.08975063760160729,-0.17022059193192096,1.0011826634056535,1377706366.6525269,0.0,0.0,0.0,0.0,-0.6358532763642551,0.12389380530973451,-0.6358532763642551,-0.8773248972290595,-1.1749544911990721,0.13676767174772347,0.18591306085721424,-0.7858547569370407,,,,,,,,2026-10-02,False,max 6 positions in RISK_ON
BA,No clean setup,False,16.39697927888391,,,False,True,no dominant factor,193.55999755859375,180.63133571347674,6.679407939754334,212.95299032626926,232.34598309394477,4.2122,815.3134217163087,2994.2385412531435,199.99740685964682,1.0,8.982715623759432,0,No actionable pattern today.,Stop 180.6; to breakeven at +1.0R; trail 2.5×ATR from +1.0R; scale 1/2 at T1 (+1.5R); time-stop 15 bars if < +0.5R,,193.55999755859375,6.464330922558503,3.339703969877167,41.20412676005549,78.558872026301,31.2455684139875,-0.8558241667698184,0.7609985960834555,-0.07329917133384334,-0.17472498038978157,-0.07040631820269028,-0.02941450706701043,1.939243084068421,1662729134.9617004,0.0,0.0,0.0,0.0,-0.6408978030923879,0.11504424778761062,-0.6408978030923879,-1.0300691787343275,-0.7795669239242492,0.14996320887916237,-0.7339700637856001,-0.6091015069929685,,,,,,,,2026-10-02,False,max 6 positions in RISK_ON
KWEB,No clean setup,False,15.511492811882839,,,False,True,weak momentum,23.860000610351562,23.007853670395104,3.571445591609743,25.138221020286252,26.41644143022094,57.0607,1361.4683368270873,4999.992466997478,178.5720105434007,1.0,14.999977400992437,0,No actionable pattern today.,Stop 23.01; to breakeven at +1.0R; trail 2.5×ATR from +1.0R; scale 1/2 at T1 (+1.5R); time-stop 15 bars if < +0.5R,size capped at 25% of capital,23.860000610351562,0.42607346997823003,1.7857227958048743,33.164905612214355,6.468954208645371,21.668100185435918,-2.3752424948952773,0.5837340506140433,-0.07159533455116673,-0.06760451472921836,-0.15058738053608112,-0.3575464842051018,1.0497496000659587,368479190.63676834,0.0,0.0,0.0,0.0,-0.6696973740115393,0.10619469026548672,-0.6696973740115393,-0.9032583484857817,-1.1619109033135593,-0.4290755551371428,0.4103242468259321,-0.41299595095707,,,,,,,,2026-10-02,False,max 6 positions in RISK_ON
XLU,No clean setup,False,15.30477445196055,,,False,True,no dominant factor,39.83000183105469,38.65460160629666,2.951042356823574,41.593102168191734,43.356202505328774,34.182,1361.4691225891115,4999.995352708512,147.5519806976384,1.0,14.999986058125536,0,No actionable pattern today.,Stop 38.65; to breakeven at +1.0R; trail 2.5×ATR from +1.0R; scale 1/2 at T1 (+1.5R); time-stop 15 bars if < +0.5R,size capped at 25% of capital,39.83000183105469,0.5877001123790129,1.475521178411783,35.38104657063698,77.33675026235363,34.35982038835896,-1.442540611475609,0.8463440014209626,-0.05969369518491341,-0.11428548161233154,-0.12863460247965186,-0.010410793116923833,2.158142570060202,1197847882.8165245,0.0,0.0,0.0,0.0,-0.6765144272693884,0.09734513274336283,-0.6765144272693884,-1.0611490576196976,-0.5232564196136279,-0.3258297500769516,-0.9319226895922135,-0.5610089391740011,,,,,,,,2026-10-02,False,max 6 positions in RISK_ON
BKNG,No clean setup,False,13.719818652496677,,,False,True,distribution in volume,159.02000427246094,147.01512570327733,7.549288294958627,177.02732212623636,195.03463998001175,4.5363,721.3624453811645,2649.2035806623267,199.9960158245659,1.0,7.947610741986981,0,No actionable pattern today.,Stop 147; to breakeven at +1.0R; trail 2.5×ATR from +1.0R; scale 1/2 at T1 (+1.5R); time-stop 15 bars if < +0.5R,,159.02000427246094,6.002439284591802,3.774644147479314,30.462212788574533,11.516533824241591,32.87513016746505,-1.9067141681757414,0.7132396000243254,-0.20138256945434796,-0.11946061134060626,-0.04749067670023688,-0.061117065604964105,1.056327265293137,1523793865.8691406,0.0,0.0,0.0,0.0,-0.7300638933520389,0.08849557522123894,-0.7300638933520389,-0.9837767566448906,-0.779905349576359,-0.4337191237055485,-0.29560543647374,-0.9770101375535685,,,,,,,,2026-10-02,False,max 6 positions in RISK_ON
NEE,No clean setup,False,10.247651637986735,,,False,True,distribution in volume,76.83000183105469,74.07611392774788,3.584391302452999,80.9608336860149,85.0916655409751,17.7205,1361.4660474472046,4999.984059249859,179.21899374378836,1.0,14.999952177749579,0,No actionable pattern today.,Stop 74.08; to breakeven at +1.0R; trail 2.5×ATR from +1.0R; scale 1/2 at T1 (+1.5R); time-stop 15 bars if < +0.5R,size capped at 25% of capital,76.83000183105469,1.3355589374459627,1.7383299565484713,33.19029797520673,87.81446229135595,47.2958203608311,-1.5550907822129656,0.7896174742656916,-0.07545122452702568,-0.1147329050756396,-0.16291224148730088,0.08666842987884427,1.3378166683502,1004939149.1556549,0.0,0.0,0.0,0.0,-0.856804605902396,0.07964601769911504,-0.856804605902396,-1.2205963149516885,-0.615554051018176,-0.5014623874037706,-0.7737993417420451,-1.3483661669226503,,,,,,,,2026-10-02,False,max 6 positions in RISK_ON
HD,No clean setup,False,10.236722552543231,,,False,True,weak momentum; distribution in volume,282.8500061035156,269.47758652315827,4.727742369382664,302.90863547405166,322.9672648445877,4.0724,1151.878364855957,4230.273294933502,199.99642290525125,1.0,12.690819884800508,0,No actionable pattern today.,Stop 269.5; to breakeven at +1.0R; trail 2.5×ATR from +1.0R; scale 1/2 at T1 (+1.5R); time-stop 15 bars if < +0.5R,,282.8500061035156,6.686209790178667,2.3638711846913276,26.51507159100342,15.428845841135285,32.59178770395471,-2.5129555726255726,0.7267832708787364,-0.10541459720521595,-0.18741079839681507,-0.10744770943047433,-0.1810644027170999,1.3724650106557985,1527906785.209961,0.0,0.0,0.0,0.0,-0.8572276963072043,0.07079646017699115,-0.8572276963072043,-1.029974890832219,-0.9692915766607553,-0.6703778482167768,0.02839134029579511,-1.3974674151119366,,,,,,,,2026-10-02,False,max 6 positions in RISK_ON
PEP,No clean setup,False,9.919065413290237,,,False,True,distribution in volume,125.88999938964844,121.46193368843598,3.5174086287084116,132.53209794146713,139.17419649328582,10.8147,1361.462576399231,4999.971311826176,175.86942235511907,1.0,14.99991393547853,0,No actionable pattern today.,Stop 121.5; to breakeven at +1.0R; trail 2.5×ATR from +1.0R; scale 1/2 at T1 (+1.5R); time-stop 15 bars if < +0.5R,size capped at 25% of capital,125.88999938964844,2.214032850606233,1.7587043143542078,26.05081253276272,23.262424128762376,28.02878250144383,-2.4107144641083447,0.7564858683187374,-0.09454267931651983,-0.11204637323527555,-0.18111255891289413,0.01067736880757919,1.0180863028420972,1214527028.0843735,0.0,0.0,0.0,0.0,-0.8696002947185996,0.061946902654867256,-0.8696002947185996,-0.9808960250584663,-0.7271322565948612,-0.870445536253533,-0.4778175910309205,-1.3936937707334902,,,,,,,,2026-10-02,False,max 6 positions in RISK_ON
TLT,No clean setup,False,9.83875766303116,,,False,True,distribution in volume,77.4800033569336,75.85591756526779,2.0961354172688846,79.9161320444323,82.35226073193101,17.5718,1361.4631229873658,4999.9733191711,104.80621159714005,1.0,14.999919957513303,0,No actionable pattern today.,Stop 75.86; to breakeven at +1.0R; trail 2.5×ATR from +1.0R; scale 1/2 at T1 (+1.5R); time-stop 15 bars if < +0.5R,size capped at 25% of capital,77.4800033569336,0.812042895832901,1.0480677086344399,27.022282675662368,20.884985012591528,25.69050050976781,-2.7125544430008475,0.8791230827023105,-0.050737582353322264,-0.08244917083988113,-0.08635149092060657,-0.0434837614393776,1.8541310235847182,3802131605.1558304,0.0,0.0,0.0,0.0,-0.8727516583292217,0.05309734513274336,-0.8727516583292217,-0.9455136721216267,-0.3881513007337794,-0.712062864316147,-2.18240521763361,-0.870108156448242,,,,,,,,2026-10-02,False,max 6 positions in RISK_ON
INTU,No clean setup,False,9.073223416751706,,,False,True,weak momentum; distribution in volume,281.0799865722656,255.9158031808385,8.952677029162091,318.8262616594063,356.572536746547,2.1641,608.28519894104,2233.927393110969,199.9963045712053,1.0,6.701782179332908,0,No actionable pattern today.,Stop 255.9; to breakeven at +1.0R; trail 2.5×ATR from +1.0R; scale 1/2 at T1 (+1.5R); time-stop 15 bars if < +0.5R,,281.0799865722656,12.582091695713553,4.476338514581044,37.118167433257724,67.9948786096636,22.021587388950525,-1.3987573193145297,0.4116823717179135,-0.1803814528161084,0.03742578555436671,-0.32967822414487014,-0.48963553187284004,0.9506289319445006,1107955559.3736267,0.0,0.0,0.0,0.0,-0.9032870730803624,0.04424778761061947,-0.9032870730803624,-0.9489124749374813,-1.380727591346927,0.0026574128020318685,-0.4496236215298509,-1.4310151540738145,,,,,,,,2026-10-02,False,max 6 positions in RISK_ON
LOW,No clean setup,False,8.026530983316452,,,False,True,weak momentum; distribution in volume,180.8000030517578,171.82995073165594,4.961312040207214,194.2550815319106,207.71016001206343,6.0711,1097.654898527527,4031.1376148423424,199.99731584249506,1.0,12.093412844527029,0,No actionable pattern today.,Stop 171.8; to breakeven at +1.0R; trail 2.5×ATR from +1.0R; scale 1/2 at T1 (+1.5R); time-stop 15 bars if < +0.5R,,180.8000030517578,4.485026160050933,2.4806560201036056,25.497365930748003,1.2568495197983651,27.562595028146912,-2.606846071773457,0.6237310556424541,-0.09527618912652436,-0.18707045839108694,-0.20880138264839831,-0.1776063155587887,1.140828952247709,635000821.9524384,0.0,0.0,0.0,0.0,-0.9465943938180523,0.035398230088495575,-0.9465943938180523,-1.0755807822829788,-1.2430421999275867,-0.7529250755661506,0.27614778855550887,-1.4607482613657765,,,,,,,,2026-10-02,False,max 6 positions in RISK_ON
NVO,No clean setup,False,7.334187667101556,,,False,True,weak momentum; distribution in volume,37.31999969482422,35.18829383174463,5.7119664536739725,40.5175584894436,43.715117284062984,25.547,953.4140322036743,3501.413033267994,199.9995378648361,1.0,10.504239099803984,0,No actionable pattern today.,Stop 35.19; to breakeven at +1.0R; trail 2.5×ATR from +1.0R; scale 1/2 at T1 (+1.5R); time-stop 15 bars if < +0.5R,,37.31999969482422,1.0658529315397929,2.855983226836983,27.076037976038705,2.5754676590330803,33.153802034731555,-3.1977540045680475,0.6107088459146764,-0.20205261215409676,-0.23270630948984206,0.02208994905228634,-0.17010569844542311,0.9722386254289801,567133419.0462303,0.0,0.0,0.0,0.0,-0.9763283784846754,0.02654867256637168,-0.9763283784846754,-1.0371347065131273,-1.202368495089361,-1.0532981686436484,0.4236160384151215,-1.5741051625773939,,,,,,,,2026-10-02,False,max 6 positions in RISK_ON
NFLX,No clean setup,False,6.951242921421223,,,False,True,weak momentum; distribution in volume,67.05999755859375,63.10416820323914,5.898940500106936,72.99374159162566,78.92748562465758,13.7667,923.1948683898926,3390.4331541618803,199.9996344599082,1.0,10.171299462485642,0,No actionable pattern today.,Stop 63.1; to breakeven at +1.0R; trail 2.5×ATR from +1.0R; scale 1/2 at T1 (+1.5R); time-stop 15 bars if < +0.5R,,67.05999755859375,1.9779146776773044,2.9494702500534675,31.05639503967032,6.694433850346357,25.83663917274907,-2.901226038739281,0.5370815091365146,-0.18941140048952432,-0.11786371323511335,-0.3202919615910341,-0.29344943253566447,1.1760206296413005,2612330058.6914825,0.0,0.0,0.0,0.0,-0.9931791938566245,0.017699115044247787,-0.9931791938566245,-0.9772927544225977,-1.4238436495291702,-0.8060932716954461,0.2793858359066275,-1.5014848465483324,,,,,,,,2026-10-02,False,max 6 positions in RISK_ON
MCD,No clean setup,False,4.091350473177581,,,False,True,weak momentum; distribution in volume,231.88999938964844,222.91571364470553,3.8700615673655117,245.3514280070628,258.81285662447715,5.8711,1361.449375416565,4999.922831217335,193.50009188887566,1.0,14.99976849365201,0,No actionable pattern today.,Stop 222.9; to breakeven at +1.0R; trail 2.5×ATR from +1.0R; scale 1/2 at T1 (+1.5R); time-stop 15 bars if < +0.5R,size capped at 25% of capital,231.88999938964844,4.4871428724714555,1.9350307836827574,24.016014562609428,34.36109302872542,46.71111989424588,-2.6899043451415503,0.6918378497943029,-0.11136237385697967,-0.16444278694442727,-0.23447891257838493,-0.10933747755977419,1.10992251299454,1489251773.4804535,0.0,0.0,0.0,0.0,-1.1298270933537102,0.008849557522123894,-1.1298270933537102,-1.3470469441826878,-1.0455541997003563,-0.956751801811343,-0.3712291397818061,-1.9242805167145949,,,,,,,,2026-10-02,False,max 6 positions in RISK_ON
