ticker,setup,eligible,conviction,earnings_flag,earnings_date,veto,liquid,why,entry,stop,stop_pct,t1,t2,units,pos_native,pos_aed,risk_aed,risk_pct,cost_aed,hold_days,entry_note,exit_rule,plan_flags,close,atr,atr_pct,rsi14,rsi2,adx,dist21_atr,pct_52w_high,mom_1m,mom_3m,mom_6m,mom_12_1,rvol,adv20,squeeze_on,breakout20,breakout55,uptrend,composite,comp_rank,composite_final,g_trend,g_momentum,g_timing,g_volatility,g_volume,g_fundamentals,g_sentiment,social_buzz,social_bull,sector,shortName,shortPercentOfFloat,date,selected,skip_reason
ANET,Momentum continuation,True,74.26774919653184,,2026-11-03,False,True,momentum leader; strong trend structure; volatility compression,207.35000610351562,193.6299203764551,6.616872593778001,227.9301346941064,248.51026328469723,1.9846,411.5068221130371,1511.2588042101288,99.99806963683713,0.5,4.533776412630387,15,Half-size starter at market; add on a 2–3 day tight consolidation.,Stop 193.6; to breakeven at +1.0R; trail 2.5×ATR from +1.0R; scale 1/2 at T1 (+1.5R); time-stop 15 bars if < +0.5R,55-day high sits before T1 (resistance),207.35000610351562,6.860042863530268,3.3084362968890004,60.17701825557926,90.49943570957879,17.013239465064384,0.9834859282800672,0.9649123118453691,0.11418591780260323,0.1966182338656004,0.6368014335649153,0.24673411118706268,0.6911166842790228,955404383.8394928,0.0,0.0,0.0,1.0,0.7642712775298869,0.9380530973451328,0.6624573095491707,1.3016536782366408,0.8835492602967001,0.036060686796187805,0.9129832990826166,0.3349153837471646,-0.1231578580059582,0.6335607332585693,2.047931085483063,1.0,Technology,"Arista Networks, Inc.",0.0127,2026-10-02,True,
MU,No clean setup,False,73.68496798027554,,2026-12-23,False,True,momentum leader; strong trend structure; volume accumulation; quality/growth fundamentals,1074.8900146484375,981.9208150515034,8.649182551699617,1214.3438140438386,1353.7976134392397,0.5857,629.5630815795898,2312.0704171010434,199.97519109891203,1.0,6.936211251303131,0,No actionable pattern today.,Stop 981.9; to breakeven at +1.0R; trail 2.5×ATR from +1.0R; scale 1/2 at T1 (+1.5R); time-stop 15 bars if < +0.5R,55-day high sits before T1 (resistance); Ex-dividend 2026-10-14,1074.8900146484375,46.48459979846705,4.324591275849808,59.26429437456924,42.45357366619975,15.075832590497978,0.9716741684088401,0.8566178152483285,0.12426783892025339,0.09153593769833712,1.9353850195172875,4.25728605167939,0.9310667042970141,27127676201.046143,0.0,0.0,0.0,1.0,0.9609792897516585,0.9734513274336283,1.02185779669121,0.9177359266401403,1.6809718040063304,0.3208603948350922,0.14030621450386901,1.0283361479606528,1.8217465930473031,0.7089970558515271,6.960767374742284,0.8125,Technology,"Micron Technology, Inc.",0.024500001,2026-10-02,False,not actionable today
MSFT,Momentum continuation,True,70.78844697055222,,2026-10-28,False,True,momentum leader; strong trend structure,517.530029296875,488.3244948841539,5.643254064387377,561.3383309159566,605.1466325350382,0.9323,482.49324631347656,1771.9564470862426,99.99600421936854,0.5,5.315869341258729,15,Half-size starter at market; add on a 2–3 day tight consolidation.,Stop 488.3; to breakeven at +1.0R; trail 2.5×ATR from +1.0R; scale 1/2 at T1 (+1.5R); time-stop 15 bars if < +0.5R,55-day high sits before T1 (resistance); crowd euphoric on social (contrarian caution),517.530029296875,11.582025346196867,2.2379426681640875,62.700696025241285,91.61115529424146,36.37915329221565,1.2756629000117883,0.9423320985128818,0.04168516095838526,0.3407051562809811,0.39138679429888623,-0.03617844986680385,0.7612152810976881,10681883933.50296,0.0,0.0,0.0,1.0,0.6392028262499874,0.911504424778761,0.553207203927776,1.5135999693170095,0.8035129358943226,-0.41592368359124904,0.4767152795008684,0.22481057751607714,-0.09278567217173728,0.5112351014495974,3.675293052574994,0.9090909090909091,Technology,Microsoft Corporation,0.0091,2026-10-02,True,
AMD,Extended (wait),False,70.74549134179139,,2026-11-03,False,True,momentum leader; strong trend structure; volume accumulation,633.9099731445312,576.2180287156938,9.100968098459578,720.4478897877875,806.9858064310437,0.9439,598.3476236511231,2197.4316478587493,199.9875532570794,1.0,6.592294943576248,15,Too far above the 21-EMA. Set an alert for a pullback toward it.,Stop 576.2; to breakeven at +1.0R; trail 2.5×ATR from +1.0R; scale 1/2 at T1 (+1.5R); time-stop 15 bars if < +0.5R,55-day high sits before T1 (resistance); crowd euphoric on social (contrarian caution),633.9099731445312,24.207963262225014,3.8188330027591486,70.0723975533013,93.38921485283393,25.827877615885022,2.4758613976851342,0.9821057099821214,0.38692945462431516,0.1482836467016857,1.9145286121587644,1.7867813722751116,0.8034101853164892,12885467729.176636,0.0,0.0,0.0,1.0,0.975292359049296,0.9823008849557522,0.8959730477793922,1.0743204408979545,2.0408363501213698,-0.7681939851016929,-0.5245647660759049,2.228462859023477,-0.17160909740603408,1.329000702805587,6.5072934883452715,0.9523809523809523,Technology,"Advanced Micro Devices, Inc.",0.024600001,2026-10-02,False,not actionable today
PANW,Momentum continuation,True,70.27473436324675,,2026-11-19,False,True,momentum leader; strong trend structure; volume accumulation,403.239990234375,353.2769536640306,12.390397227542936,478.18454508989157,553.1290999454081,0.5449,219.72547067871096,806.941791067566,99.983293308321,0.5,2.4208253732026983,15,Half-size starter at market; add on a 2–3 day tight consolidation.,Stop 353.3; to breakeven at +1.0R; trail 2.5×ATR from +1.0R; scale 1/2 at T1 (+1.5R); time-stop 15 bars if < +0.5R,55-day high sits before T1 (resistance),403.239990234375,17.252170695440082,4.278387836834489,62.60249596625163,87.26354823593549,15.676943574032792,1.4892225458353243,0.9847130408653846,0.22759369443384037,0.1278493877748561,1.4706817820387577,0.588394613824625,0.8856297902609557,2327199734.7947693,0.0,0.0,0.0,1.0,0.8962441678979958,0.9646017699115044,0.5377593486321766,1.6585537245058088,1.4336479505103072,-0.14313615314640063,-0.6068564417640325,1.0902866893802126,-0.42439645432458095,-1.3679634025376208,2.259159750642505,0.6,Technology,"Palo Alto Networks, Inc.",0.0269,2026-10-02,False,sector cap (Technology)
XOM,Pullback in uptrend,True,69.99550211877484,,2026-10-30,False,True,strong trend structure; favourable entry timing; volatility compression; volume accumulation,162.24698136573514,154.9684995329652,4.486050693518213,173.16470411489001,184.08242686404492,7.4821,1213.948139276567,4458.224541493192,199.9982129622545,1.0,13.374673624479579,15,"Limit near the 21-EMA, or at market on the first up-close / reclaim day.",Stop 155; to breakeven at +1.0R; trail 2.5×ATR from +1.0R; scale 1/2 at T1 (+1.5R); time-stop 15 bars if < +0.5R,55-day high sits before T1 (resistance),164.00999450683594,3.5260262822016046,2.149885007193656,55.126384257416895,85.6460773100496,13.498631481265699,0.5194075129941437,0.9420803562701152,-0.0008528747782757806,0.2098504030467554,0.034242340937941984,0.5082373977817229,0.8251149881441237,2297554136.5920258,0.0,0.0,0.0,1.0,0.7589218810359201,0.9203539823008849,0.5294273029629837,0.8019867752446251,0.606819972962864,0.6619918955692707,0.6480711049312075,1.309292617105835,-0.04891032092638603,-0.7281916977311377,2.2058324951762183,0.7272727272727273,Energy,ExxonMobil Holdings Corporation,0.0108,2026-10-02,True,
NVDA,Momentum continuation,True,69.82975105470996,,2026-11-17,False,True,volatility compression; quality/growth fundamentals,233.9499969482422,219.61441067078,6.127628324198579,255.45337636443548,276.9567557806288,1.8994,444.3646242034912,1631.9290823873214,99.99854868319946,0.5,4.895787247161965,15,Half-size starter at market; add on a 2–3 day tight consolidation.,Stop 219.6; to breakeven at +1.0R; trail 2.5×ATR from +1.0R; scale 1/2 at T1 (+1.5R); time-stop 15 bars if < +0.5R,55-day high sits before T1 (resistance),233.9499969482422,5.902342668442522,2.5229077774890176,63.011079674375786,95.186943693792,16.01516483658843,1.5806103182160274,0.9834790320585945,0.04367796703392446,0.1977078628548592,0.3218599940218567,0.200043817683474,0.9815798149035357,24630934462.001266,0.0,0.0,0.0,1.0,0.44967463345394243,0.8407079646017699,0.5245024045482343,0.6933052587190073,0.7027112748694847,-0.5520199984111571,0.7983632529406612,0.48367510769588645,0.8466332153122711,0.8009937625385312,5.542085801272155,0.8888888888888888,Technology,NVIDIA Corporation,0.0127,2026-10-02,False,sector cap (Technology)
ABBV,Pullback in uptrend,True,69.43349037798006,,2026-10-30,False,True,strong trend structure; favourable entry timing,261.6535857869703,251.34567692677211,3.9395251661448922,277.1154490772676,292.57731236756496,5.2033,1361.4621029253426,4999.969572993321,196.97505962765916,1.0,14.999908718979967,15,"Limit near the 21-EMA, or at market on the first up-close / reclaim day.",Stop 251.3; to breakeven at +1.0R; trail 2.5×ATR from +1.0R; scale 1/2 at T1 (+1.5R); time-stop 15 bars if < +0.5R,size capped at 25% of capital; 55-day high sits before T1 (resistance); Ex-dividend 2026-10-15,262.82000732421875,5.153954430099112,1.9610205792822746,53.783026376652415,64.58549484299907,17.2219193859081,0.22631584214957726,0.9756115410112999,0.004202988301944988,0.038980752205142855,0.2779478368923325,0.10417918105600155,0.9712056803527493,1115368080.0350952,0.0,0.0,0.0,1.0,0.5489849082008358,0.8849557522123894,0.5127902303716574,0.9135515023375456,0.32860152414229754,0.5677559447588243,0.44412951441878173,0.4475090190188326,0.1601359950541058,0.5758870430557815,1.7740389931587304,1.0,Healthcare,AbbVie Inc.,0.0123000005,2026-10-02,True,
TMO,Pullback in uptrend,True,68.03726258790122,Earnings in 16d — binary gap risk,2026-10-21,False,True,strong trend structure; favourable entry timing; volume accumulation,649.147570318308,618.0064773606241,4.797228608960815,695.8592097548338,742.5708491913597,1.7487,1135.164356215625,4168.891098201882,199.99123643936144,1.0,12.506673294605648,15,"Limit near the 21-EMA, or at market on the first up-close / reclaim day.",Stop 618; to breakeven at +1.0R; trail 2.5×ATR from +1.0R; scale 1/2 at T1 (+1.5R); time-stop 15 bars if < +0.5R,55-day high sits before T1 (resistance),654.7999877929688,15.570546478841962,2.377908791862253,56.66382832662625,18.92563520255392,42.110691790090975,0.36301985176573853,0.9578280401914399,0.07684275410549546,0.26603923145795494,0.3347145059578076,0.14975760611995637,1.0029975276590053,1499171467.3980713,0.0,0.0,0.0,1.0,1.0023987702763,0.9911504424778761,0.7923994842257811,1.9353658123731787,0.7559470504932726,0.7039692276742071,-0.028306813800903982,1.2309438835204534,-0.5007944375097808,0.4055991175571918,0.9653424098746537,1.0,Healthcare,Thermo Fisher Scientific Inc,0.0136,2026-10-02,True,
MRK,Squeeze (pre-breakout),True,67.63010031453395,,2026-10-29,False,True,strong trend structure; favourable entry timing; volatility compression; Bollinger/Keltner squeeze on,153.9058979831719,142.14972491981106,7.6385461619191934,171.54015757821318,189.17441717325445,4.6323,712.9382912274473,2618.2658745328,199.9974474679652,1.0,7.8547976235984,15,Buy-stop just above the 20-day high (+0.1 ATR). Let price trigger it; don't anticipate.,Stop 142.1; to breakeven at +1.0R; trail 2.5×ATR from +1.0R; scale 1/2 at T1 (+1.5R); time-stop 15 bars if < +0.5R,55-day high sits before T1 (resistance),144.3000030517578,3.3589065895316677,2.3277245450416855,46.946938481817924,25.319146266471066,25.888300307313887,-0.5891110933469788,0.9250049733246484,-0.04278701829089182,0.1449106965310405,0.2095275033885422,0.7216993577497857,0.866075946855062,1442704312.9659271,1.0,0.0,0.0,1.0,0.7590036928561886,0.9292035398230089,0.46051511620873614,1.212049108438856,0.6690586399657759,0.8212237056032756,1.0907128230358027,-0.34726365538335946,-0.18450475596807953,-1.2823736247940685,2.0583466107909905,0.625,Healthcare,"Merck & Company, Inc.",0.0139999995,2026-10-02,False,sector cap (Healthcare)
CRWD,Extended (wait),False,67.22720649872952,,2026-12-01,False,True,momentum leader; strong trend structure; volume accumulation; new 55-day high,270.0400085449219,229.98943233066552,14.831349039745653,330.1158728663064,390.19173718769093,1.3597,367.17339961853025,1348.4443100990522,199.9924822373807,1.0,4.045332930297157,15,Too far above the 21-EMA. Set an alert for a pullback toward it.,Stop 230; to breakeven at +1.0R; trail 2.5×ATR from +1.0R; scale 1/2 at T1 (+1.5R); time-stop 15 bars if < +0.5R,,270.0400085449219,11.443021775501817,4.237528297070188,68.74572609292407,95.51452047200755,25.260903150936112,2.144801532376257,0.9872228597057188,0.32749980815871904,0.35439864545915967,1.7063540975002685,0.6274902123821064,0.7622174910189922,2567842016.8593597,0.0,1.0,1.0,1.0,1.0321310540900335,1.0,0.7632407842323637,2.04146586245098,1.862959294953142,-0.7428333648058371,-0.7207973212782316,1.3517658389224378,-0.4725015205842622,-0.15213906981236816,2.6033188010713353,0.8235294117647058,Technology,"CrowdStrike Holdings, Inc.",0.0277,2026-10-02,False,not actionable today
CRM,Pullback in uptrend,True,66.70312402826485,,2026-12-02,False,True,strong trend structure; favourable entry timing; distribution in volume,234.69000244140625,217.11855613536753,7.487087700050491,261.0471719004643,287.4043413595224,3.0992,727.3512555664063,2671.197486067627,199.9948984234272,1.0,8.013592458202881,15,"Limit near the 21-EMA, or at market on the first up-close / reclaim day.",Stop 217.1; to breakeven at +1.0R; trail 2.5×ATR from +1.0R; scale 1/2 at T1 (+1.5R); time-stop 15 bars if < +0.5R,,234.69000244140625,8.785723153019365,3.743543850025247,51.49425234331162,62.318079730265396,19.771264007356013,-0.030573710123905445,0.8763666994100537,-0.08495345713668345,0.4192749211426474,0.2624169265128464,0.09743377467229286,0.7485836259176508,2912990248.0052185,0.0,0.0,0.0,1.0,0.43899490057027934,0.831858407079646,0.434242631817069,0.9011302465351755,0.7915192571750519,0.7365561374255947,-0.019155129342057785,-1.354778508242081,0.15289803479838643,0.6775690788100684,2.2569265182436618,1.0,Technology,"Salesforce, Inc.",0.0454,2026-10-02,False,sector cap (Technology)
AAPL,Pullback in uptrend,True,66.63838821297261,,2026-10-29,False,True,favourable entry timing,331.02398781340383,316.9572094401715,4.249474023363439,352.1241553732524,373.2243229331009,3.8714,1281.5262664208117,4706.405213430431,199.99746697894878,1.0,14.119215640291294,15,"Limit near the 21-EMA, or at market on the first up-close / reclaim day.",Stop 317; to breakeven at +1.0R; trail 2.5×ATR from +1.0R; scale 1/2 at T1 (+1.5R); time-stop 15 bars if < +0.5R,55-day high sits before T1 (resistance),333.69000244140625,7.0333891866161675,2.107761435810827,54.738372662585256,62.385708386206694,17.18980161934826,0.3790512023812891,0.9662651473329904,0.026864879418655896,0.06818197581868257,0.306210883034,0.2768071717971887,0.8356896502573355,13988005526.706696,0.0,0.0,0.0,1.0,0.5779472837523295,0.8938053097345132,0.432421824877385,0.7115797380918141,0.46278658972597503,0.7760082048719751,0.4465838687844243,0.4328561434276825,-0.2554490017427494,-0.043911019502036686,3.6888496534924697,0.8,Technology,Apple Inc.,0.0088,2026-10-02,False,sector cap (Technology)
CVX,Pullback in uptrend,True,66.06853528683581,,2026-10-30,False,True,favourable entry timing; quality/growth fundamentals,206.36325525801516,198.1841827437605,3.963434529092114,218.63186402939715,230.90047280077917,6.5974,1361.4609402392293,4999.96530302857,198.17035126285947,1.0,14.999895909085712,15,"Limit near the 21-EMA, or at market on the first up-close / reclaim day.",Stop 198.2; to breakeven at +1.0R; trail 2.5×ATR from +1.0R; scale 1/2 at T1 (+1.5R); time-stop 15 bars if < +0.5R,size capped at 25% of capital; 55-day high sits before T1 (resistance),206.69000244140625,4.0895362571273415,1.9785844544109812,51.93026758998751,67.72555893851603,17.60150706420763,0.07989834613194319,0.9490770667643842,-0.024034358141606593,0.24029633861933886,0.05746318491239122,0.42402089940836163,0.7939793488795033,2052372150.7943726,0.0,0.0,0.0,1.0,0.4573289176630042,0.8584070796460177,0.416468668840637,0.5087215993681037,0.6496428353808487,0.7927590998872087,0.43992160804595404,-0.6119792037610629,0.5518845099260259,-0.04582916282368987,1.857904584968907,0.875,Energy,Chevron Corporation,0.0106,2026-10-02,False,correlated with XOM (0.85)
PLTR,No clean setup,False,65.60780753257757,,2026-11-02,False,True,strong trend structure; volume accumulation,188.75,175.1916768366589,7.18321756998204,209.08748474501164,229.4249694900233,4.0166,758.1332500000001,2784.2443606250004,199.99833010364912,1.0,8.352733081875002,0,No actionable pattern today.,Stop 175.2; to breakeven at +1.0R; trail 2.5×ATR from +1.0R; scale 1/2 at T1 (+1.5R); time-stop 15 bars if < +0.5R,55-day high sits before T1 (resistance),188.75,6.273270680708159,3.323587115606972,61.17985788011922,50.31067997119574,27.517550762378455,1.0399671234778505,0.9095508679355216,0.11383212865501613,0.4240984575313709,0.2713861744852626,-0.08375231408470818,0.5060756695436076,4140820168.4645844,0.0,0.0,0.0,1.0,0.8656845161837677,0.9557522123893806,0.7070602824015589,1.7834445548075728,0.7866040636996041,0.009653216592308052,0.31920819635533254,1.0583888393621896,0.21356582326594625,-0.06843912872050006,3.5723657744310957,0.8,Technology,Palantir Technologies Inc.,0.027999999,2026-10-02,False,not actionable today
DE,Squeeze (pre-breakout),True,64.50651419861727,,2026-11-25,False,True,strong trend structure; favourable entry timing; volatility compression; Bollinger/Keltner squeeze on,721.2701539779796,659.42179553562,8.574922738900378,814.0426916415189,906.8152293050582,0.8805,635.0783705776109,2332.325315946276,199.9950938622073,1.0,6.996975947838829,15,Buy-stop just above the 20-day high (+0.1 ATR). Let price trigger it; don't anticipate.,Stop 659.4; to breakeven at +1.0R; trail 2.5×ATR from +1.0R; scale 1/2 at T1 (+1.5R); time-stop 15 bars if < +0.5R,,687.0,17.670959554959882,2.5721920749577705,56.57491004320566,78.20818162799776,18.751781829659716,0.6032932939938276,0.9548256846721171,-0.013933335114637901,0.08406177600971598,0.19925703608625556,0.559907850160031,1.0094737326443153,866130007.1170044,1.0,0.0,0.0,1.0,0.6145669729836911,0.9026548672566371,0.37338564558661885,1.0371259760128244,0.5369851093403588,0.6037518256159958,0.7102477624490859,-0.11605444238009739,-0.7429654048613739,-0.4397139231419665,0.9994786587422293,0.8333333333333334,Industrials,Deere & Company,0.0208,2026-10-02,True,
XLE,Pullback in uptrend,True,63.67326207712282,,,False,True,favourable entry timing,62.68973734110978,60.27663090463949,3.8492846497984305,66.30939699581522,69.92905665052066,21.7175,1361.4643707055518,4999.977901416139,192.46338185252515,1.0,14.999933704248416,15,"Limit near the 21-EMA, or at market on the first up-close / reclaim day.",Stop 60.28; to breakeven at +1.0R; trail 2.5×ATR from +1.0R; scale 1/2 at T1 (+1.5R); time-stop 15 bars if < +0.5R,size capped at 25% of capital; 55-day high sits before T1 (resistance),62.81999969482422,1.2065532182351486,1.9206514232672902,51.64936413597171,87.59674416253682,18.7161522633712,0.10796237724596448,0.9550159741988189,-0.029287222624625575,0.18941096231654475,0.07424704500107349,0.4900489268889727,1.0792720242658578,2191601269.854107,0.0,0.0,0.0,1.0,0.4671969648483852,0.8672566371681416,0.3507566717641266,0.45426665654674553,0.6133123743300526,0.7685265228478289,0.22365936960142266,-0.08068768400470798,,-0.5807656729099419,2.353886557203187,0.75,ETF,State Street Energy Select Sect,,2026-10-02,False,max 6 positions in RISK_ON
AMGN,Pullback in uptrend,True,63.228105192415846,,2026-11-03,False,True,strong trend structure; favourable entry timing,403.0400085449219,379.31700375255923,5.886017340563483,438.62451573346584,474.2090229220098,2.2956,925.2186436157226,3397.8654686787413,199.99895069544934,1.0,10.193596406036226,15,"Limit near the 21-EMA, or at market on the first up-close / reclaim day.",Stop 379.3; to breakeven at +1.0R; trail 2.5×ATR from +1.0R; scale 1/2 at T1 (+1.5R); time-stop 15 bars if < +0.5R,,403.0400085449219,10.33196057570053,2.5635074326743803,47.8391214462748,9.60189754925986,27.05154503496925,-0.39826353552038923,0.9015949928315811,-0.0898744199306718,0.10630771768293523,0.1739285718412662,0.5247050667431035,1.0995274981066512,1322948525.081787,0.0,0.0,0.0,1.0,0.5299782353994228,0.8761061946902655,0.3387594246139879,0.8782437765168591,0.4342253207953745,0.7073519281013537,-0.052975415583319634,0.3897225516045167,-0.22123826323413437,-0.6309933738213694,1.2478145700362944,0.7857142857142857,Healthcare,Amgen Inc.,0.025999999,2026-10-02,False,max 6 positions in RISK_ON
EEM,Pullback in uptrend,True,63.119376894285054,,,False,True,favourable entry timing,67.2676976223541,65.20110227207607,3.0721957541642895,70.36759064777115,73.46748367318821,20.2395,1361.464566027636,4999.978618736493,153.60913083394482,1.0,14.999935856209483,15,"Limit near the 21-EMA, or at market on the first up-close / reclaim day.",Stop 65.2; to breakeven at +1.0R; trail 2.5×ATR from +1.0R; scale 1/2 at T1 (+1.5R); time-stop 15 bars if < +0.5R,size capped at 25% of capital; 55-day high sits before T1 (resistance),67.66999816894531,1.033297675139016,1.526965720553559,52.87016512899398,80.79146159411957,9.424409881179551,0.38933654480262175,0.9455078728167028,0.007743806868954595,0.0014799241464071855,0.20200975469609062,0.27211048207671107,0.9652369526430757,1325869766.1748505,0.0,0.0,0.0,1.0,0.3358384441803099,0.7610619469026548,0.3358384441803099,0.2247193072300417,0.2328017606053409,0.7366825419926489,0.05545459162838897,0.4947861328516813,,,,,ETF,iShares MSCI Emerging Index Fun,,2026-10-02,False,max 6 positions in RISK_ON
META,Momentum continuation,True,63.043580978124,,2026-10-28,False,True,strong trend structure; volume accumulation,728.0800170898438,673.2434722643662,7.531664588826477,810.33483432806,892.5896515662763,0.4965,361.49172848510744,1327.578372861557,99.98875019773261,0.5,3.9827351185846713,15,Half-size starter at market; add on a 2–3 day tight consolidation.,Stop 673.2; to breakeven at +1.0R; trail 2.5×ATR from +1.0R; scale 1/2 at T1 (+1.5R); time-stop 15 bars if < +0.5R,55-day high sits before T1 (resistance),728.0800170898438,25.426013286284917,3.4922004023559667,61.53780691396732,48.65340923975958,39.686077006806,1.3223445523898338,0.9336513685870802,0.2290708842756044,0.21383774642211906,0.2695921368463412,-0.17139462184782117,0.9785252567674365,16626034997.92389,0.0,0.0,0.0,1.0,0.38100833396028366,0.7787610619469026,0.33380430915564246,0.9648828849934125,0.4166360943457006,-0.12120555457560898,-0.5571025740300422,0.8156215717246479,-0.043827889281487085,,,,Communication Services,"Meta Platforms, Inc.",0.014099999,2026-10-02,False,max 6 positions in RISK_ON
LLY,Mean-reversion bounce,True,62.04832909013207,,,False,True,favourable entry timing; volatility compression,1142.8499755859375,1079.0249340652042,5.5847261569052655,1238.5875378670376,1334.3251001481374,0.8532,975.0795991699218,3580.979827951538,199.98791712511073,1.0,10.742939483854617,7,Buy at market; exit on a close above the 8-EMA or after 5–7 days.,Stop 1079; to breakeven at +1.0R; trail 2.5×ATR from +1.0R; scale 1/2 at T1 (+1.5R); time-stop 15 bars if < +0.5R,,1142.8499755859375,31.912520760366682,2.792363078452636,43.048639147542275,3.640632677162216,17.531826003037573,-0.6075074915563093,0.8841139937346716,-0.01485240769726548,-0.046308047663068286,0.2253979223582252,0.4143059369931701,0.8885077349356526,2597997029.538574,0.0,0.0,0.0,0.0,0.31965792217993105,0.7256637168141593,0.3072500317046583,0.039767280722392315,0.10433998497512156,0.6403725536687757,0.7736733935131245,0.48264662954057186,0.20798690790247654,,,,Healthcare,Eli Lilly and Company,0.0084,2026-10-02,False,max 6 positions in RISK_ON
XBI,Squeeze (pre-breakout),True,61.29697166292456,,,False,True,volatility compression; Bollinger/Keltner squeeze on,166.3666821462819,152.13304201176723,8.555583336090937,187.71714234805393,209.06760254982592,3.826,636.5189258916746,2337.615755337175,199.99666402546364,1.0,7.0128472660115255,15,Buy-stop just above the 20-day high (+0.1 ATR). Let price trigger it; don't anticipate.,Stop 152.1; to breakeven at +1.0R; trail 2.5×ATR from +1.0R; scale 1/2 at T1 (+1.5R); time-stop 15 bars if < +0.5R,55-day high sits before T1 (resistance),154.42999267578125,4.0667543241470465,2.633396695604987,43.54840709599934,17.592550431193132,11.48809579592648,-0.735629621246101,0.9089999012925467,-0.06615470015375968,-0.03967418058375283,0.1986784686201437,0.6380309811087483,1.0099499229064812,1377620081.261673,1.0,0.0,0.0,1.0,0.2873828695210745,0.6814159292035398,0.2873828695210745,0.17577330002927066,0.258665574796639,0.46765131752329714,0.7879458994748597,-0.18857045664134822,,,,,ETF,State Street SPDR S&P Biotech E,,2026-10-02,False,max 6 positions in RISK_ON
COP,Pullback in uptrend,True,60.742498858137836,,,False,True,favourable entry timing,126.75,120.42919813649699,4.986825927813023,136.23120279525452,145.71240559050904,8.6158,1092.05265,4010.563357125,199.9998133444779,1.0,12.031690071375001,15,"Limit near the 21-EMA, or at market on the first up-close / reclaim day.",Stop 120.4; to breakeven at +1.0R; trail 2.5×ATR from +1.0R; scale 1/2 at T1 (+1.5R); time-stop 15 bars if < +0.5R,,126.75,3.1604009317515027,2.4934129639065112,44.89787089123753,61.641120964703774,20.00153595194965,-0.7537004570422942,0.895000736973032,-0.07616616020905875,0.23185366683757858,-0.015142150546991862,0.4825627126748546,0.9287470982087592,902110895.7458496,0.0,0.0,0.0,1.0,0.28494818987850096,0.672566371681416,0.2728131632170429,0.20360012518473944,0.5057330495818991,0.6358989082768289,0.3525587131214661,-0.6983544308329287,0.1757329499253786,,,,Energy,ConocoPhillips,0.0134000005,2026-10-02,False,max 6 positions in RISK_ON
NOW,Squeeze (pre-breakout),True,59.835802816918424,,,False,True,strong trend structure; favourable entry timing; Bollinger/Keltner squeeze on,148.17394920319012,127.03598343919187,14.265642427476829,179.8808978491875,211.58784649518486,2.5763,381.74054533217867,1401.9421527324262,199.99605454887896,1.0,4.205826458197279,15,Buy-stop just above the 20-day high (+0.1 ATR). Let price trigger it; don't anticipate.,Stop 127; to breakeven at +1.0R; trail 2.5×ATR from +1.0R; scale 1/2 at T1 (+1.5R); time-stop 15 bars if < +0.5R,55-day high sits before T1 (resistance),134.3800048828125,6.039418789713787,4.494283799870766,50.348044298580824,42.558365459132624,19.030025656235196,-0.10947466224722457,0.696392123496191,-0.01711524515065821,0.2450662883614234,0.31745102826286775,-0.25079180380423705,0.580298435291449,1612095306.066742,1.0,0.0,0.0,1.0,0.30943777495208385,0.7168141592920354,0.2491426310382791,0.9735296129033323,-0.02415682368404226,0.8889621040957494,-0.0507295321280089,-0.6938785909955033,-0.23321852027215897,,,,Technology,"ServiceNow, Inc.",0.0279,2026-10-02,False,max 6 positions in RISK_ON
MRVL,No clean setup,False,59.738657695787396,,2026-12-01,False,True,momentum leader; strong trend structure; volume accumulation; new 55-day high,272.2900085449219,241.73862577983797,11.220162990315377,318.11708269254774,363.9441568401736,1.7825,485.3569402313232,1782.4733629995344,199.99641658750363,1.0,5.347420088998604,0,No actionable pattern today.,Stop 241.7; to breakeven at +1.0R; trail 2.5×ATR from +1.0R; scale 1/2 at T1 (+1.5R); time-stop 15 bars if < +0.5R,Ex-dividend 2026-10-09,272.2900085449219,13.005518853304373,4.776348174802289,64.99195427302868,92.2225952312931,22.499939806418904,1.7678009670419732,0.825625004996225,0.31872343170823436,0.0926191501047322,1.5440529967380296,1.466562112032769,0.7465962062122121,4334792136.428375,0.0,1.0,1.0,1.0,0.8095495362411971,0.9469026548672567,0.521802329620472,1.0213772870012172,1.4672626209795256,-0.3254721444186889,-0.35170944474417104,1.6054028248505323,-0.30539770250803894,-0.9529752912168173,2.6105267898751423,0.6666666666666666,Technology,"Marvell Technology, Inc.",0.0418,2026-10-02,False,max 6 positions in RISK_ON
ETN,Pullback in uptrend,True,59.332664679967245,,,False,True,volume accumulation,429.1235896315875,401.1780067516874,6.512245785390641,471.04196395143765,512.9603382712878,1.9487,836.2331391150746,3071.066203400111,199.99537939748012,1.0,9.213198610200335,15,"Limit near the 21-EMA, or at market on the first up-close / reclaim day.",Stop 401.2; to breakeven at +1.0R; trail 2.5×ATR from +1.0R; scale 1/2 at T1 (+1.5R); time-stop 15 bars if < +0.5R,,436.1099853515625,13.972791439950047,3.2039604478870447,56.306738183937576,60.98815910822413,11.30507995364305,0.6928270882740483,0.9123639860911349,0.11579884493096282,0.05747901129653776,0.2140435504171072,0.05715730450320056,0.9271879668505075,891145561.4924622,0.0,0.0,0.0,1.0,0.3258935920915928,0.7345132743362832,0.23608424618491206,0.5324134738730667,0.16849795807978912,0.43278463084739854,-0.13697568646962435,0.6088756339856628,-0.4823905210685339,,,,Industrials,"Eaton Corporation, PLC",0.02,2026-10-02,False,max 6 positions in RISK_ON
GILD,Pullback in uptrend,True,59.0852822542165,,,False,True,volatility compression,144.74000549316406,137.85782397841004,4.754857851016913,155.06327776529508,165.38655003742613,7.913,1145.3276634674073,4206.215844084053,199.99958429314793,1.0,12.618647532252162,15,"Limit near the 21-EMA, or at market on the first up-close / reclaim day.",Stop 137.9; to breakeven at +1.0R; trail 2.5×ATR from +1.0R; scale 1/2 at T1 (+1.5R); time-stop 15 bars if < +0.5R,55-day high sits before T1 (resistance),144.74000549316406,3.4410907573770118,2.3774289255084566,44.47660643160486,2.971389717737779,28.57616604837276,-0.9495823787996367,0.9367657548976168,-0.027102356766363522,0.12302457761442898,0.04868524101114091,0.3715589438551308,0.8288388702556909,880393569.9530792,0.0,0.0,0.0,1.0,0.2876336782160599,0.6902654867256637,0.22968251047662652,0.1532300978266591,0.3836449724250469,0.4439579056918013,0.5152674472143637,-0.14570750673952185,-0.23392683143884077,,,,Healthcare,"Gilead Sciences, Inc.",0.0148,2026-10-02,False,max 6 positions in RISK_ON
PFE,Pullback in uptrend,True,58.97533009934339,,,False,True,favourable entry timing; volume accumulation,27.799999237060547,26.770946736426726,3.7016278017086317,29.343577988011276,30.88715673896201,48.9737,1361.4688226360322,4999.994251130828,185.08117728369203,1.0,14.999982753392487,15,"Limit near the 21-EMA, or at market on the first up-close / reclaim day.",Stop 26.77; to breakeven at +1.0R; trail 2.5×ATR from +1.0R; scale 1/2 at T1 (+1.5R); time-stop 15 bars if < +0.5R,size capped at 25% of capital; 55-day high sits before T1 (resistance),27.799999237060547,0.51452625031691,1.8508139008543145,47.885719512189226,3.028834035327634,29.469936197248746,-0.4874004280813446,0.9517288636903234,-0.04204001383386402,0.19250975369192114,0.01529822074200915,0.1413170316169563,0.8734387527538037,906464677.5559807,0.0,0.0,0.0,1.0,0.40957077034161565,0.8053097345132744,0.22684101994210118,-0.012774625041296185,0.4065008454823219,0.8241866711412691,0.143372991927224,0.9062103004705854,-0.008987214909106745,-0.9991687484028065,2.391154271905875,0.6666666666666666,Healthcare,"Pfizer, Inc.",0.0272,2026-10-02,False,max 6 positions in RISK_ON
BRK-B,Pullback in uptrend,True,57.3763544093696,,,False,True,favourable entry timing; volume accumulation,502.6499938964844,491.1416277427239,2.2895387035716306,519.912543127125,537.1750923577657,2.7085,1361.4275084686278,4999.842524851036,114.47332972409748,1.0,14.99952757455311,15,"Limit near the 21-EMA, or at market on the first up-close / reclaim day.",Stop 491.1; to breakeven at +1.0R; trail 2.5×ATR from +1.0R; scale 1/2 at T1 (+1.5R); time-stop 15 bars if < +0.5R,size capped at 25% of capital,502.6499938964844,5.754183076880216,1.1447693517858137,46.50038243192086,71.35544578857062,10.307707042326987,-0.4106438402700977,0.934745421625428,-0.005126269471838807,-0.007757891705065689,0.05300091645433502,0.014130826685765374,1.0318402857438471,2368481074.551239,0.0,0.0,0.0,1.0,0.18576444641664783,0.6371681415929203,0.18576444641664783,-0.037744517145831616,-0.024385136420662312,0.6679934512019187,-0.26508230942639616,0.8856595793000196,,,,,,,,2026-10-02,False,max 6 positions in RISK_ON
VRTX,Pullback in uptrend,True,56.501887507755946,,,False,True,volatility compression,504.7300109863281,480.7316595022128,4.75469081721899,540.7275382125011,576.7250654386742,2.2692,1145.3333409301758,4206.236694566071,199.99354986702855,1.0,12.618710083698213,15,"Limit near the 21-EMA, or at market on the first up-close / reclaim day.",Stop 480.7; to breakeven at +1.0R; trail 2.5×ATR from +1.0R; scale 1/2 at T1 (+1.5R); time-stop 15 bars if < +0.5R,,504.7300109863281,11.999175742057686,2.377345408609498,39.03390027350097,2.9553126489803105,16.39118270169661,-1.2676355847285907,0.9009014029207106,-0.09343509477085199,-0.04694200156440109,0.15048670150474597,0.37737812466190457,0.8419582385340443,522942407.9766846,0.0,0.0,0.0,1.0,0.1634728116506116,0.6194690265486725,0.1634728116506116,0.17352081268547018,0.0727257910618494,0.18392662216087266,0.7128471305487412,-0.2098106736107215,,,,,,,,2026-10-02,False,max 6 positions in RISK_ON
KO,Pullback in uptrend,True,56.34218614084353,,,False,True,no dominant factor,85.6500015258789,83.21899652138993,2.838301180595378,89.29650903261238,92.94301653934585,15.8957,1361.4667292549134,4999.98656318867,141.91467765259426,1.0,14.99995968956601,15,"Limit near the 21-EMA, or at market on the first up-close / reclaim day.",Stop 83.22; to breakeven at +1.0R; trail 2.5×ATR from +1.0R; scale 1/2 at T1 (+1.5R); time-stop 15 bars if < +0.5R,size capped at 25% of capital,85.6500015258789,1.2155025022444905,1.4191505902976895,38.37412700851987,2.167452484851921,15.389451766726994,-1.3895214573598622,0.9315719514398593,-0.023559760873702373,0.03858590151586139,0.13030978131348436,0.3484340148382785,1.051451075196829,1385694870.9542084,0.0,0.0,0.0,1.0,0.1594133040049029,0.6106194690265486,0.1594133040049029,0.12050301306673192,0.2621707754004332,0.18363737090085566,0.23374936184777512,-0.13033195079438256,,,,,,,,2026-10-02,False,max 6 positions in RISK_ON
QQQ,Momentum continuation,True,55.999239460449324,,,False,True,volume accumulation; new 55-day high,749.5800170898438,725.4378537440667,3.2207586642325565,785.7932621085092,822.0065071271748,1.1278,845.3763432739257,3104.644620673492,99.99311061397148,0.5,9.313933862020479,15,Half-size starter at market; add on a 2–3 day tight consolidation.,Stop 725.4; to breakeven at +1.0R; trail 2.5×ATR from +1.0R; scale 1/2 at T1 (+1.5R); time-stop 15 bars if < +0.5R,,749.5800170898438,9.488575258108229,1.265852216144516,65.59189807683144,94.5277181045528,14.08843324252416,1.9722057233010146,0.9934265100830479,0.05797912352865575,0.038102234624215914,0.28412209550049283,0.17999281519373045,0.951581919550708,24662063354.744568,0.0,1.0,1.0,1.0,0.1507069942630346,0.584070796460177,0.1507069942630346,0.5469213862286931,0.40421649155776984,-0.7061715184807764,-0.8895053983053479,1.0500346287789786,,,,,,,,2026-10-02,False,max 6 positions in RISK_ON
SMH,Extended (wait),False,54.923789649533916,,,False,True,volume accumulation; new 55-day high,630.5999755859375,577.034456784017,8.494373751307037,710.9482537888182,791.2965319916989,1.0166,641.067935180664,2354.3219919509884,199.98490930553376,1.0,7.062965975852966,15,Too far above the 21-EMA. Set an alert for a pullback toward it.,Stop 577; to breakeven at +1.0R; trail 2.5×ATR from +1.0R; scale 1/2 at T1 (+1.5R); time-stop 15 bars if < +0.5R,,630.5999755859375,15.304433943405861,2.42696392894487,68.60750947533504,97.55892744128518,17.970256833476554,2.6044989117926445,0.9386302480462219,0.1455457018599713,0.04352141043229518,0.6073612454457384,0.654807936122922,0.6803655444719534,3769767338.3502197,0.0,1.0,1.0,1.0,0.43461686094080615,0.8230088495575221,0.3848068638736904,0.6823285610046467,0.7341261696217605,-0.8971459345870445,0.2491491646843633,1.3735320786589578,,-0.013673112663235796,2.712418089723571,,ETF,VanEck Semiconductor ETF,,2026-10-02,False,max 6 positions in RISK_ON
XLV,Pullback in uptrend,True,54.518433475350186,,,False,True,no dominant factor,166.17999267578125,161.41933300977104,2.8647610276998297,173.32098217479657,180.4619716738119,8.1927,1361.4628259948731,4999.972228466171,143.23725579691356,1.0,14.999916685398516,15,"Limit near the 21-EMA, or at market on the first up-close / reclaim day.",Stop 161.4; to breakeven at +1.0R; trail 2.5×ATR from +1.0R; scale 1/2 at T1 (+1.5R); time-stop 15 bars if < +0.5R,size capped at 25% of capital,166.17999267578125,2.38032983300511,1.4323805138499168,42.551548199270016,4.511980426074956,15.042962019161093,-0.9936446583857185,0.9445978323243092,-0.035466970052353886,0.029982568142372212,0.14128254507458315,0.22094971903934235,1.044227047698679,1362824265.5350494,0.0,0.0,0.0,1.0,0.1132698505284657,0.5663716814159292,0.1132698505284657,0.1515447108625774,0.2189365596040032,0.4625958951710948,-0.15245187507015437,-0.48571398419392525,,,,,,,,2026-10-02,False,max 6 positions in RISK_ON
CSCO,No clean setup,False,54.41135228366272,,2026-11-12,False,True,volatility compression; Bollinger/Keltner squeeze on,112.19999694824219,103.44629684634671,7.801871960775145,125.3305471010854,138.4610972539286,6.2212,698.0186210144043,2563.4733856753996,199.9989112989423,1.0,7.6904201570262,0,No actionable pattern today.,Stop 103.4; to breakeven at +1.0R; trail 2.5×ATR from +1.0R; scale 1/2 at T1 (+1.5R); time-stop 15 bars if < +0.5R,55-day high sits before T1 (resistance),112.19999694824219,2.6404685871614433,2.3533588760964856,58.15803173673508,99.3686901289306,26.74089744210608,1.3114985908498127,0.8671958951285795,0.029005713511640607,-0.01180064849272544,0.43073058984465096,0.6251131698683989,0.808511573559099,1988587216.3223648,1.0,1.0,0.0,0.0,0.38879510062335293,0.7876106194690266,0.37078949540052697,0.3569782473906856,0.3624496952018894,0.2078281735698001,0.7995969651166711,0.3789408467293572,-0.14652898810178686,0.7440631371202326,2.5727064985721397,1.0,Technology,"Cisco Systems, Inc.",0.0146,2026-10-02,False,max 6 positions in RISK_ON
DHR,Pullback in uptrend,True,54.32798266504258,Earnings in 16d — binary gap risk,2026-10-21,False,True,strong trend structure; favourable entry timing; volume accumulation,214.05999755859375,202.14871101601096,5.564461682908484,231.92692737246793,249.7938571863421,4.572,978.6823088378907,3594.2107792071533,199.9984816119485,1.0,10.782632337621463,15,"Limit near the 21-EMA, or at market on the first up-close / reclaim day.",Stop 202.1; to breakeven at +1.0R; trail 2.5×ATR from +1.0R; scale 1/2 at T1 (+1.5R); time-stop 15 bars if < +0.5R,55-day high sits before T1 (resistance),214.05999755859375,5.9556432712913905,2.782230841454241,50.37645998676003,29.67511229995641,26.9694407626592,-0.188377397328773,0.88691221585067,0.021577553576866748,0.10752692586316548,0.12434194955806177,-0.008428804935960654,1.1156173333132888,941810227.6176453,0.0,0.0,0.0,1.0,0.4562993334423861,0.8495575221238938,0.3685176078055877,0.8216408236919112,0.11742204645792638,0.7378078955930663,-0.25401938089685633,0.8608654415177077,-0.282065402776338,0.31684681329312564,0.543858120799011,1.0,Healthcare,Danaher Corporation,0.013300001,2026-10-02,False,max 6 positions in RISK_ON
SPY,Pullback in uptrend,True,54.300726780168475,,,False,True,no dominant factor,766.2683788955302,752.7818358839007,1.7600286509366927,786.4981934129744,806.7280079304186,1.7767,1361.4290287836884,4999.848108208095,87.99875920777869,1.0,14.999544324624287,15,"Limit near the 21-EMA, or at market on the first up-close / reclaim day.",Stop 752.8; to breakeven at +1.0R; trail 2.5×ATR from +1.0R; scale 1/2 at T1 (+1.5R); time-stop 15 bars if < +0.5R,size capped at 25% of capital; costs > 15% of risk budget; 55-day high sits before T1 (resistance),769.6400146484375,6.743271505814723,0.8761591623968472,55.39130248634734,86.84498242687026,9.564164325856128,0.6982813326264417,0.9899677453473794,0.008352759719697067,0.02698216277875387,0.17948079498941172,0.15416147130731095,1.0702246464092486,35162410153.09601,0.0,0.0,0.0,1.0,0.10778451056004294,0.5575221238938053,0.10778451056004294,0.4937305185300674,0.2987872030651299,0.299991996444765,-0.9325275611244909,-0.3896133937852728,,,,,,,,2026-10-02,False,max 6 positions in RISK_ON
V,Pullback in uptrend,True,53.80141217843443,,,False,True,no dominant factor,360.6600036621094,349.1923604025352,3.179627112275482,377.86146855147064,395.0629334408319,3.7749,1361.4554478240968,4999.945132133996,158.97961102023066,1.0,14.999835396401988,15,"Limit near the 21-EMA, or at market on the first up-close / reclaim day.",Stop 349.2; to breakeven at +1.0R; trail 2.5×ATR from +1.0R; scale 1/2 at T1 (+1.5R); time-stop 15 bars if < +0.5R,size capped at 25% of capital,360.6600036621094,5.733821629787099,1.589813556137744,41.305922559091215,38.31879161150111,16.760540936861847,-1.045797188327411,0.9353943429495982,-0.04688158171384105,0.011420613743094554,0.20372045867262156,0.09658828105336204,0.8669289997057181,2252514686.101532,0.0,0.0,0.0,1.0,0.09521905281580571,0.5486725663716814,0.09521905281580571,0.14072414490422278,0.14606167210755977,0.34322974649134935,0.2970590511826741,-0.6967537184705973,,,,,,,,2026-10-02,False,max 6 positions in RISK_ON
MA,Pullback in uptrend,True,52.956086968616326,,,False,True,no dominant factor,552.260009765625,533.6947862185401,3.3616816750797915,580.1078450862524,607.9556804068797,2.4652,1361.4313760742186,4999.856728632568,168.079267426685,1.0,14.999570185897705,15,"Limit near the 21-EMA, or at market on the first up-close / reclaim day.",Stop 533.7; to breakeven at +1.0R; trail 2.5×ATR from +1.0R; scale 1/2 at T1 (+1.5R); time-stop 15 bars if < +0.5R,size capped at 25% of capital,552.260009765625,9.282611773542468,1.6808408375399007,38.8754963291278,36.06561241115129,20.03874378879462,-1.318133199422376,0.9185503512899582,-0.06100588973572885,0.037677358595078925,0.123006722604595,0.031432396985324296,1.1392835959816636,1552468750.2749634,0.0,0.0,0.0,1.0,0.07398846064568693,0.5309734513274337,0.07398846064568693,0.15345869418817717,0.07602015347337313,0.10187392435232154,0.31933690630223627,-0.37720787972501046,,,,,,,,2026-10-02,False,max 6 positions in RISK_ON
ADI,Extended (wait),False,52.82395813357017,,,False,True,volume accumulation; new 55-day high,417.1499938964844,377.6541137594028,9.468028458579454,476.3938141021068,535.6376343077292,1.3788,575.1664115844727,2112.298646543976,199.9930369849723,1.0,6.336895939631928,15,Too far above the 21-EMA. Set an alert for a pullback toward it.,Stop 377.7; to breakeven at +1.0R; trail 2.5×ATR from +1.0R; scale 1/2 at T1 (+1.5R); time-stop 15 bars if < +0.5R,,417.1499938964844,11.284537182023321,2.70515098816556,72.28148120239607,97.41981475309538,25.318588060857778,2.7992868203978962,0.9383529136918162,0.1727249836027318,0.07610254060624388,0.3179841699247854,0.5051774147424521,0.7661905046388182,1223242746.0656738,0.0,1.0,1.0,1.0,0.37099704447163584,0.7699115044247787,0.3279199885711684,0.6599934673444776,0.5372139892771364,-1.0153725140793621,-0.12657200356337708,1.9545852225737104,-0.016696458632571284,,,,Technology,"Analog Devices, Inc.",0.0199,2026-10-02,False,max 6 positions in RISK_ON
QCOM,Pullback in uptrend,True,52.327552487152786,,,False,True,no dominant factor,183.6643975997013,166.98276712712357,9.082669635807987,208.68684330856786,233.70928901743446,3.2645,599.5724259642249,2201.929734353616,199.99400338396333,1.0,6.605789203060849,15,"Limit near the 21-EMA, or at market on the first up-close / reclaim day.",Stop 167; to breakeven at +1.0R; trail 2.5×ATR from +1.0R; scale 1/2 at T1 (+1.5R); time-stop 15 bars if < +0.5R,55-day high sits before T1 (resistance),184.8699951171875,8.340815236288861,4.511719292793669,52.56667844122921,56.30178648466518,17.156841461070904,0.14454192825671874,0.7177695982724016,0.09364639003824271,-0.003238091586844183,0.4713144957140134,0.0364599199289255,0.8771372262704059,2784792700.4730225,0.0,0.0,0.0,1.0,0.05823089863637189,0.5132743362831859,0.05823089863637189,0.47720120421004214,-0.18862019121661192,0.4547614475639756,-0.5360938555996627,-0.16305305703387984,,,,,,,,2026-10-02,False,max 6 positions in RISK_ON
ASML,Extended (wait),False,51.84282233952196,,,False,True,volume accumulation,1867.31005859375,1688.784929562156,9.560550922434336,2135.097752141141,2402.885445688532,0.305,569.5295678710937,2091.5973380065916,199.96822859240123,1.0,6.274792014019775,15,Too far above the 21-EMA. Set an alert for a pullback toward it.,Stop 1689; to breakeven at +1.0R; trail 2.5×ATR from +1.0R; scale 1/2 at T1 (+1.5R); time-stop 15 bars if < +0.5R,55-day high sits before T1 (resistance),1867.31005859375,51.007179723312525,2.731585977838381,64.78162086847902,90.0655104425905,16.906938366596417,2.338647688228193,0.9348812227342811,0.10997444236805509,0.02446760447698315,0.4225373868152198,0.6878613169845444,1.0070634994923784,2339889962.235718,0.0,1.0,0.0,1.0,0.43200957288151703,0.8141592920353983,0.3018013496602545,0.650576591051531,0.5918220106745447,-0.6097837701063406,0.3053189959463436,1.2847250334758797,-0.18356285049165513,-0.2545002359579364,1.879057616349599,0.8333333333333334,Technology,ASML Holding N.V. - New York Re,0.0038,2026-10-02,False,max 6 positions in RISK_ON
XLK,Extended (wait),False,51.71409680059481,,,False,True,volume accumulation; new 55-day high,199.80999755859375,190.16797977887927,4.825593262362652,214.27302422816547,228.7360508977372,5.648,1128.5268662109374,4144.514916159667,199.99743255181605,1.0,12.433544748479003,15,Too far above the 21-EMA. Set an alert for a pullback toward it.,Stop 190.2; to breakeven at +1.0R; trail 2.5×ATR from +1.0R; scale 1/2 at T1 (+1.5R); time-stop 15 bars if < +0.5R,,199.80999755859375,3.2080857672953904,1.605568193030295,68.95756561340406,96.33093900935735,16.790604098508787,2.3964161955590835,0.9921545169281335,0.08955970373723265,0.08973778465318416,0.47276778037196343,0.295247333878373,1.1388901587315328,1406248558.990326,0.0,1.0,1.0,1.0,0.2983941327040294,0.7079646017699115,0.2983941327040294,0.6557401698087643,0.6685094766278912,-0.9317416302694771,-0.3171187630385753,1.119130238887769,,,,,ETF,State Street Technology Select ,,2026-10-02,False,max 6 positions in RISK_ON
TXN,Extended (wait),False,50.05433349197122,,,False,True,volume accumulation,293.79998779296875,265.2964937090352,9.70166619068039,336.5552289188691,379.31047004476943,1.9106,561.3342566772461,2061.500057647186,199.9998541136138,1.0,6.18450017294156,15,Too far above the 21-EMA. Set an alert for a pullback toward it.,Stop 265.3; to breakeven at +1.0R; trail 2.5×ATR from +1.0R; scale 1/2 at T1 (+1.5R); time-stop 15 bars if < +0.5R,55-day high sits before T1 (resistance),293.79998779296875,8.143855452552454,2.7719046259086855,70.44351229391924,96.95690249100771,18.226067507473747,2.4987156234951153,0.8840650906712451,0.15306116277121395,-0.027004087553115785,0.5230908598455652,0.4490746867453266,0.725819670031911,1577921585.0704956,0.0,1.0,0.0,1.0,0.3285625648064132,0.7522123893805309,0.2548309482580474,0.5129675106667239,0.3431556176751176,-0.9804672578571985,0.31692183733979107,1.8984555023760699,-0.3350219841288786,,,,Technology,Texas Instruments Incorporated,0.0241,2026-10-02,False,max 6 positions in RISK_ON
SHOP,No clean setup,False,49.9310905658113,,,False,True,strong trend structure,151.38999938964844,128.85083265517795,14.88814771473712,185.19874949135416,219.0074995930599,2.4161,365.77337752532964,1343.302728961773,199.99289454392357,1.0,4.0299081868853195,0,No actionable pattern today.,Stop 128.9; to breakeven at +1.0R; trail 2.5×ATR from +1.0R; scale 1/2 at T1 (+1.5R); time-stop 15 bars if < +0.5R,55-day high sits before T1 (resistance),151.38999938964844,6.43976192413442,4.253756489924889,61.1387544182458,96.24553478757522,14.89680286705922,1.3834655247950638,0.8309457015257281,0.06710371889839872,0.26011320258665305,0.2802536946270482,-0.05148099104080506,0.6903588188936394,1448549444.651451,0.0,0.0,0.0,1.0,0.3266823528185471,0.7433628318584071,0.25162168991893513,1.1738068418929772,0.35260499464787765,-0.3697428619389363,-0.5055981816623057,0.44454512671343743,-0.34886361327796056,,,,Technology,Shopify Inc.,0.0136,2026-10-02,False,max 6 positions in RISK_ON
AMZN,No clean setup,False,49.837261088835874,,,False,True,favourable entry timing; volatility compression; Bollinger/Keltner squeeze on,251.52000427246094,240.2510534343316,4.480339792743549,268.423430529655,285.32685678684896,4.8326,1215.4955726470948,4463.907490546456,199.99822361021285,1.0,13.391722471639369,0,No actionable pattern today.,Stop 240.3; to breakeven at +1.0R; trail 2.5×ATR from +1.0R; scale 1/2 at T1 (+1.5R); time-stop 15 bars if < +0.5R,,251.52000427246094,5.634475419064669,2.2401698963717736,48.56366800923155,84.3953373186355,8.87956659807369,-0.06911765768427698,0.8757659943661493,-0.013569658455776734,0.03014416980652168,0.1990275022627772,0.15569047765271793,0.8799054710387317,8852990822.20787,1.0,0.0,0.0,0.0,0.27190924213522116,0.6637168141592921,0.24918055562956437,-0.08705652057558395,0.08238317115548931,0.6209698809955643,1.007696721211441,0.20427750763942631,0.06735106358431024,,,,Consumer Cyclical,"Amazon.com, Inc.",0.0083,2026-10-02,False,max 6 positions in RISK_ON
LRCX,Extended (wait),False,49.77009305574349,,,False,True,volume accumulation; new 55-day high,347.489990234375,299.1357373489056,13.915293747844487,420.02136956257914,492.5527488907832,1.1262,391.34322700195315,1437.2080011646729,199.99171512958847,1.0,4.311624003494019,15,Too far above the 21-EMA. Set an alert for a pullback toward it.,Stop 299.1; to breakeven at +1.0R; trail 2.5×ATR from +1.0R; scale 1/2 at T1 (+1.5R); time-stop 15 bars if < +0.5R,,347.489990234375,13.81550082441983,3.9757982136698535,67.76360859341908,99.51766044958943,15.712877839572899,2.5362222099690297,0.7932933399793229,0.20650365705678242,-0.006684360425068925,0.5935917931062231,1.0263628195847474,0.8691443404926733,2891489039.9531555,0.0,1.0,1.0,1.0,0.2920039303716562,0.6991150442477876,0.2474342167914961,0.6101563476759306,0.5158870635126003,-0.7055143563268417,-0.22160389425282234,1.1058765175829721,-0.10912349184978438,,,,Technology,Lam Research Corporation,0.0233,2026-10-02,False,max 6 positions in RISK_ON
GOOGL,No clean setup,False,49.57284715214694,,,False,True,favourable entry timing; volatility compression; Bollinger/Keltner squeeze on,343.5,325.4942834409278,5.241838881825967,370.5085748386083,397.5171496772166,3.0245,1038.9157500000001,3815.4180918750003,199.99806904412617,1.0,11.446254275625003,0,No actionable pattern today.,Stop 325.5; to breakeven at +1.0R; trail 2.5×ATR from +1.0R; scale 1/2 at T1 (+1.5R); time-stop 15 bars if < +0.5R,,343.5,9.002858279536106,2.6209194409129855,50.01208299977413,64.92194644025534,13.486928155453286,0.034341944368565476,0.8416976941386004,0.019579965020636525,-0.062050938602537076,0.16281602977917697,0.379255321076148,1.0136609066644362,9386006231.347504,1.0,0.0,0.0,0.0,0.24124947644784508,0.6548672566371682,0.24231139135140262,0.1492122437607435,-0.06751306115302862,0.6099244022268866,0.5426757814539697,0.34279159214954574,0.2508067105798628,,,,Communication Services,Alphabet Inc.,0.0149,2026-10-02,False,max 6 positions in RISK_ON
TSM,Extended (wait),False,47.81034544332387,Earnings in 10d — binary gap risk,2026-10-15,False,True,volume accumulation; quality/growth fundamentals; new 55-day high,472.7799987792969,435.5691352198606,7.870650969904306,528.5962941184513,584.4125894576057,1.4635,691.913528213501,2541.052432364082,199.99736791364057,1.0,7.623157297092247,15,Too far above the 21-EMA. Set an alert for a pullback toward it.,Stop 435.6; to breakeven at +1.0R; trail 2.5×ATR from +1.0R; scale 1/2 at T1 (+1.5R); time-stop 15 bars if < +0.5R,,472.7799987792969,10.63167530269608,2.2487574199726574,71.67941162016818,98.45853479466443,17.483333522184115,2.780030282972434,0.9896624571212077,0.1409105718407302,0.049266944835656634,0.40148200858834393,0.4517075744935981,0.8415077102139209,4465359388.865967,0.0,1.0,1.0,1.0,0.3940213997009202,0.7964601769911505,0.4656685356867569,0.6700076159132294,0.6216340672646592,-0.9992108807210887,0.2245141986151135,1.532372920085774,0.6567446494070845,0.8477695098531228,3.0652075907565512,1.0,Technology,Taiwan Semiconductor Manufactur,0.0057,2026-10-02,False,max 6 positions in RISK_ON
ARM,No clean setup,False,47.66565407948139,,,False,True,volume accumulation,307.489990234375,269.44317439736864,12.373351018030316,364.5602139898846,421.6304377453941,1.4313,440.11042302246096,1616.305528549988,199.9911565713202,1.0,4.848916585649964,0,No actionable pattern today.,Stop 269.4; to breakeven at +1.0R; trail 2.5×ATR from +1.0R; scale 1/2 at T1 (+1.5R); time-stop 15 bars if < +0.5R,55-day high sits before T1 (resistance),307.489990234375,19.023407918503185,6.18667550901516,58.51642888465341,85.32732657621423,19.617187946841657,1.172311898193107,0.6792356570420236,0.3092480176925547,-0.045773338030676736,1.0621687946866545,0.5617767853736424,1.0879770250374945,1720790021.6545105,0.0,0.0,0.0,1.0,0.1931643934208776,0.6460176991150443,0.1931643934208776,0.6795562643378042,0.2820174604659694,0.018364540298010237,-1.469077998782511,0.9226901558619843,,,,,,,,2026-10-02,False,max 6 positions in RISK_ON
AMAT,No clean setup,False,47.29136252232895,,,False,True,volume accumulation,540.0399780273438,471.69809905257625,12.654966623842643,642.552796489495,745.0656149516462,0.7968,430.3038544921875,1580.2909056225585,199.98528666615542,1.0,4.740872716867676,0,No actionable pattern today.,Stop 471.7; to breakeven at +1.0R; trail 2.5×ATR from +1.0R; scale 1/2 at T1 (+1.5R); time-stop 15 bars if < +0.5R,55-day high sits before T1 (resistance),540.0399780273438,19.526251135647858,3.615704749669327,69.19770320067062,99.30635746485618,18.80257676384261,2.8531022624087568,0.7308900659264209,0.23167447099371863,-0.08801185994862659,0.5533318323201495,1.0248237725098925,0.9010719277487867,2960446695.2609253,0.0,1.0,0.0,0.0,0.18359293025616663,0.6283185840707964,0.18359293025616663,0.40165987788538854,0.2158173457697649,-0.9687170808970065,-0.18658658192184127,1.7655425251214938,,,,,,,,2026-10-02,False,max 6 positions in RISK_ON
CAT,No clean setup,False,46.31053100756564,,,False,True,volatility compression; volume accumulation; Bollinger/Keltner squeeze on,845.4199829101562,788.3736957593505,6.74768615646362,930.9894136363648,1016.5588443625734,0.9546,807.0379156860351,2963.8467453569638,199.99107653524942,1.0,8.891540236070892,0,No actionable pattern today.,Stop 788.4; to breakeven at +1.0R; trail 2.5×ATR from +1.0R; scale 1/2 at T1 (+1.5R); time-stop 15 bars if < +0.5R,,845.4199829101562,23.305265790722952,2.756649506970505,58.83339153669992,87.04551921251598,10.9507730071757,1.222778866842719,0.7890264410410146,0.06707218615675736,-0.12674413355807534,0.1831807521813018,0.6626009265094717,0.8310961943296563,1887538344.5739746,1.0,1.0,0.0,0.0,0.15860905024527494,0.6017699115044248,0.15860905024527494,0.04710353610173511,-0.14198600355637858,-0.052584315391843536,0.8575298233364134,0.7509769884010273,,,,,,,,2026-10-02,False,max 6 positions in RISK_ON
ABNB,No clean setup,False,46.11073636670667,,,False,True,favourable entry timing,162.42999267578125,147.6719442837465,9.08579022194046,184.56706526383334,206.70413785188546,3.6901,599.3829159729004,2201.2337589104764,199.99948162914052,1.0,6.60370127673143,0,No actionable pattern today.,Stop 147.7; to breakeven at +1.0R; trail 2.5×ATR from +1.0R; scale 1/2 at T1 (+1.5R); time-stop 15 bars if < +0.5R,,162.42999267578125,5.312222865013953,3.270469189527963,46.116844601176055,91.63033134491229,22.48864907323494,-0.3439422742030198,0.8396354164366118,-0.11366366067569478,0.10010158747218756,0.2999599571264042,0.4982013976786357,0.8330255083434981,814592069.2205048,0.0,0.0,0.0,0.0,0.1535359045594618,0.5929203539823009,0.1535359045594618,0.07452725079378109,0.36217948564950936,0.5521075725094439,-0.38700561582118387,-0.2673717221786229,,,,,,,,2026-10-02,False,max 6 positions in RISK_ON
HON,No clean setup,False,45.98401828034832,,,False,True,favourable entry timing; volatility compression; volume accumulation,213.99000549316406,203.20595905740188,5.039509397137091,230.16607514680732,246.3421448004506,5.0499,1080.6281287399293,3968.60680279739,199.9983127623963,1.0,11.905820408392172,0,No actionable pattern today.,Stop 203.2; to breakeven at +1.0R; trail 2.5×ATR from +1.0R; scale 1/2 at T1 (+1.5R); time-stop 15 bars if < +0.5R,,213.99000549316406,4.3361369149237134,2.02632683939168,52.65166327727523,88.18724297852638,21.304919709733866,0.5435231226028773,0.8291418194408448,0.038433531748676364,-0.07158016450927651,-0.10317533909625154,0.011312089620271637,0.6832695903197857,617356343.4181213,0.0,0.0,0.0,0.0,0.15032092080166948,0.5752212389380531,0.15032092080166948,-0.12028924392034475,-0.4557433957024991,0.6257383603998183,0.7392755365670943,0.904621266343471,,,,,,,,2026-10-02,False,max 6 positions in RISK_ON
COST,No clean setup,False,43.713017905327334,,,False,True,favourable entry timing; volume accumulation,920.6500244140625,879.1869393076284,4.503675012969534,982.8446520737136,1045.0392797333648,1.3134,1209.1817420654295,4440.71994773529,199.99559468210802,1.0,13.32215984320587,0,No actionable pattern today.,Stop 879.2; to breakeven at +1.0R; trail 2.5×ATR from +1.0R; scale 1/2 at T1 (+1.5R); time-stop 15 bars if < +0.5R,,920.6500244140625,15.652145113236372,1.7001189049224221,51.37889864843804,71.12854201994527,13.015758112878602,0.32890118788261297,0.8409609983807743,-0.008433090879067184,-0.02960927760624521,-0.09015944118979036,0.01804916922959965,1.0832258120550573,2181253811.8554688,0.0,0.0,0.0,0.0,0.09299664620843767,0.5398230088495575,0.09299664620843767,-0.4713317113176371,-0.3448750314687881,0.79249493668831,0.2024673946656834,1.1576143712765974,,,,,,,,2026-10-02,False,max 6 positions in RISK_ON
PG,No clean setup,False,42.67873885554581,,,False,True,favourable entry timing; volume accumulation; Bollinger/Keltner squeeze on,144.91000366210938,140.17814135234806,3.2653800222065583,152.00779712675134,159.1055905913933,9.3952,1361.4584664062502,4999.956217876954,163.26757145762863,1.0,14.999868653630863,0,No actionable pattern today.,Stop 140.2; to breakeven at +1.0R; trail 2.5×ATR from +1.0R; scale 1/2 at T1 (+1.5R); time-stop 15 bars if < +0.5R,size capped at 25% of capital,144.91000366210938,2.365931154880657,1.63269001110328,46.62977921868995,42.84770047711611,7.778986191400836,-0.4948971152703132,0.8794683974395232,-0.018490895006942676,-0.02222384667457733,0.02774653825708584,-0.007823397571930957,0.8915018642501307,1165504161.969223,1.0,0.0,0.0,0.0,0.06703265419314522,0.5221238938053098,0.06703265419314522,-0.33491953605424235,-0.190583760277654,0.6800314405546849,0.11862974447614366,0.5438828010396104,,,,,,,,2026-10-02,False,max 6 positions in RISK_ON
REGN,No clean setup,False,42.22304191992596,,,False,True,distribution in volume,735.2000122070312,691.9006700303513,5.889464289683243,800.1490254720511,865.0980387370711,1.2577,924.6610553527833,3395.817725783096,199.99547230272907,1.0,10.18745317734929,0,No actionable pattern today.,Stop 691.9; to breakeven at +1.0R; trail 2.5×ATR from +1.0R; scale 1/2 at T1 (+1.5R); time-stop 15 bars if < +0.5R,,735.2000122070312,21.649671088339957,2.944732144841619,34.91457256447055,14.092604740273885,20.967053450796264,-1.9211808865943545,0.8555402858369165,-0.13711960033410553,0.13272876706660752,-0.03241072092709796,0.4274746479031666,1.1805848150332856,588939642.9296875,0.0,0.0,0.0,1.0,0.05561271177691147,0.504424778761062,0.05561271177691147,0.594094579914662,0.20968415031988047,-0.028833140802992444,-0.38878526232096194,-0.8354628678882827,,,,,,,,2026-10-02,False,max 6 positions in RISK_ON
BLK,No clean setup,False,41.94347412243828,,,False,True,volatility compression,1059.6300048828125,1013.4354416550966,4.3594993549493415,1128.9218497243864,1198.2136945659602,1.1789,1249.1978127563477,4587.678967347687,199.99983498866902,1.0,13.763036902043064,0,No actionable pattern today.,Stop 1013; to breakeven at +1.0R; trail 2.5×ATR from +1.0R; scale 1/2 at T1 (+1.5R); time-stop 15 bars if < +0.5R,,1059.6300048828125,23.097281613857962,2.1797496774746725,43.15825927593001,29.963154240796356,21.487843723524374,-0.7816900354072964,0.8871541967034082,-0.037948574154969106,0.05326074737137976,0.1081253694075055,-0.014113216040978704,0.8662688420544307,563565126.3641357,0.0,0.0,0.0,0.0,0.048611344199086325,0.49557522123893805,0.048611344199086325,-0.4057122273349042,0.007882168722177618,0.36574759798972,0.7421744359101115,-0.11018604643763648,,,,,,,,2026-10-02,False,max 6 positions in RISK_ON
KLAC,No clean setup,False,39.633388824141036,,,False,True,volume accumulation,206.88999938964844,180.15814855338235,12.920803767764713,246.9877756440476,287.08555189844674,2.0372,421.4763067565918,1547.8717365635832,199.9974696580726,1.0,4.643615209690751,0,No actionable pattern today.,Stop 180.2; to breakeven at +1.0R; trail 2.5×ATR from +1.0R; scale 1/2 at T1 (+1.5R); time-stop 15 bars if < +0.5R,55-day high sits before T1 (resistance),206.88999938964844,7.637671667504596,3.691658219361346,67.24079014744753,96.12221116741985,15.347476792733271,2.428801297236897,0.673858379321925,0.20103335647928544,-0.11223764223029198,0.36723851307295985,0.5341824594715177,0.7738747937609899,1754304059.1024017,0.0,1.0,0.0,0.0,-0.009165443648167168,0.48672566371681414,-0.009165443648167168,0.18971714965328876,-0.2991853212327088,-0.7326718168666666,0.06986267939602442,1.3243505004938323,,,,,,,,2026-10-02,False,max 6 positions in RISK_ON
UNP,No clean setup,False,38.95980772170532,,,False,True,favourable entry timing,278.2799987792969,267.0024848548779,4.052577969630927,295.19626966592534,312.11254055255387,4.8289,1343.7862861053466,4935.055135721885,199.99695721940478,1.0,14.805165407165656,0,No actionable pattern today.,Stop 267; to breakeven at +1.0R; trail 2.5×ATR from +1.0R; scale 1/2 at T1 (+1.5R); time-stop 15 bars if < +0.5R,,278.2799987792969,5.030099642988419,1.8075677968425528,44.63830699333483,91.5451075959742,32.26795837804991,-0.3089863307008083,0.8847476318937642,-0.039519593320871294,-0.01068184419562046,0.1483955899250966,0.2602722723647559,0.9995401316431236,692653040.7421875,0.0,0.0,0.0,0.0,-0.02600855955862376,0.4778761061946903,-0.02600855955862376,-0.543674478171544,0.046451460110950464,0.5866380612739515,0.18462110823160477,-0.30142637054581006,,,,,,,,2026-10-02,False,max 6 positions in RISK_ON
JNJ,No clean setup,False,38.12484161962898,,,False,True,distribution in volume,256.0299987792969,245.75072244262066,4.01487184536417,271.4489132843112,286.86782778932553,5.2979,1356.421330532837,4981.457336381844,199.99912808722257,1.0,14.944372009145534,0,No actionable pattern today.,Stop 245.8; to breakeven at +1.0R; trail 2.5×ATR from +1.0R; scale 1/2 at T1 (+1.5R); time-stop 15 bars if < +0.5R,,256.0299987792969,5.13963816833811,2.0074359226820855,32.639480333882304,1.2502487404955218,15.838768830056493,-2.043333402903921,0.9109118444073692,-0.06969221057118469,-0.007855823425204744,0.06473187373771094,0.5125615447512422,1.1420554289630602,1758857192.7301025,0.0,0.0,0.0,1.0,-0.046900956299969605,0.4690265486725664,-0.046900956299969605,0.18081918140625503,0.17451057613321513,-0.43186652051719115,0.379890126467294,-0.9052127992368121,,,,,,,,2026-10-02,False,max 6 positions in RISK_ON
LIN,No clean setup,False,38.11803761803642,,,False,True,no dominant factor,479.4800109863281,453.2028712366927,5.48034102518294,518.8957206107813,558.3114302352344,2.0724,993.6743747680664,3649.269141335724,199.9923938719629,1.0,10.947807424007173,0,No actionable pattern today.,Stop 453.2; to breakeven at +1.0R; trail 2.5×ATR from +1.0R; scale 1/2 at T1 (+1.5R); time-stop 15 bars if < +0.5R,,479.4800109863281,8.26847110791661,1.7244662798158603,56.43213285679811,80.3623243988134,20.697303432156982,0.9344323419847874,0.8775246395481853,-0.0131110942772934,-0.11000704444594489,-0.03983238440631576,0.05490646449287162,1.0563515970323794,992450460.5506897,0.0,0.0,0.0,0.0,-0.04707129679194411,0.46017699115044247,-0.04707129679194411,-0.10189055061501792,-0.3639014170066608,0.2794872137388324,-0.0683806331899312,0.3861140819928175,,,,,,,,2026-10-02,False,max 6 positions in RISK_ON
AVGO,No clean setup,False,38.022772801598634,,,False,True,favourable entry timing; volatility compression,355.1400146484375,333.40937547901973,6.118893471052398,387.7359734025641,420.3319321566908,2.506,889.9808767089843,3268.4547697137446,199.993265508315,1.0,9.805364309141234,0,No actionable pattern today.,Stop 333.4; to breakeven at +1.0R; trail 2.5×ATR from +1.0R; scale 1/2 at T1 (+1.5R); time-stop 15 bars if < +0.5R,,355.1400146484375,10.86531958470888,3.059446735526197,47.84851512813116,70.67483904226717,21.04938168027247,-0.08496619371301259,0.7198985815161214,-0.031187460179937343,-0.04844417497261788,0.13288763769956558,0.10770584668093464,0.9545711858993415,8862937644.396515,0.0,0.0,0.0,0.0,-0.0494564702496716,0.45132743362831856,-0.0494564702496716,-0.6099431418582533,-0.4439505429189704,0.5922046475847937,0.8004826257733689,0.24532128186600022,,,,,,,,2026-10-02,False,max 6 positions in RISK_ON
MDT,No clean setup,False,37.86420239045907,,,False,True,no dominant factor,86.37999725341797,82.27029711870016,4.757698848566698,92.5445474554947,98.7090976575714,13.2512,1144.6386196044923,4203.6853304974975,199.99868856644665,1.0,12.611055991492494,0,No actionable pattern today.,Stop 82.27; to breakeven at +1.0R; trail 2.5×ATR from +1.0R; scale 1/2 at T1 (+1.5R); time-stop 15 bars if < +0.5R,,86.37999725341797,2.054850067358903,2.3788494242833456,38.073224040426815,20.855907895352146,22.907635280266902,-1.3081500811072235,0.8393027581717133,-0.055235043055985256,0.0485003212085926,0.014362158142138481,-0.0036852382377200454,2.630935499806311,1236600181.5866852,0.0,0.0,0.0,0.0,-0.053427451577429876,0.4424778761061947,-0.053427451577429876,0.1300499603176874,-0.15319703906134222,0.20065120287419333,0.17826393348271788,-0.783767673395466,,,,,,,,2026-10-02,False,max 6 positions in RISK_ON
JPM,No clean setup,False,36.96785650468497,,,False,True,no dominant factor,332.3800048828125,319.45896477724483,3.8874300245958695,351.761565041164,371.1431251995155,4.0961,1361.4617380004881,4999.968232806793,194.37026630238677,1.0,14.99990469842038,0,No actionable pattern today.,Stop 319.5; to breakeven at +1.0R; trail 2.5×ATR from +1.0R; scale 1/2 at T1 (+1.5R); time-stop 15 bars if < +0.5R,size capped at 25% of capital,332.3800048828125,6.460520052783825,1.9437150122979316,34.501312634949954,34.75244072851784,24.018192394694587,-1.6730660381872136,0.9069031511127217,-0.06692492351972146,-0.015811904295241597,0.13912438862455745,0.16840381472889754,1.1995862632013188,2898683632.4742126,0.0,0.0,0.0,0.0,-0.0758967169845041,0.4336283185840708,-0.0758967169845041,-0.3534476030687813,0.03267235771360502,-0.07866839968242524,-0.3026817156095474,0.4387248911107023,,,,,,,,2026-10-02,False,max 6 positions in RISK_ON
TSLA,No clean setup,False,36.37167436990579,,,False,True,no dominant factor,370.5899963378906,342.76922217445025,7.507157354046436,412.3211575830512,454.05231882821175,1.9574,725.3928588317871,2664.005274059738,199.99106784376056,1.0,7.992015822179216,0,No actionable pattern today.,Stop 342.8; to breakeven at +1.0R; trail 2.5×ATR from +1.0R; scale 1/2 at T1 (+1.5R); time-stop 15 bars if < +0.5R,55-day high sits before T1 (resistance),370.5899963378906,12.443130833448995,3.3576542692490263,54.99157195561247,89.1978103953212,17.76011467038292,0.6380797085962812,0.7429184417809718,0.03803811153973191,-0.11715938243069457,0.02773232785589963,-0.22297911373088464,1.048892690422202,13895773544.57077,0.0,0.0,0.0,0.0,-0.09086786567575547,0.4247787610619469,-0.09086786567575547,0.119670339741777,-0.7454657966112117,0.48270377987363255,0.4412022196396439,-0.2678770028116611,,,,,,,,2026-10-02,False,max 6 positions in RISK_ON
UNH,No clean setup,False,36.28166223516766,,,False,True,volatility compression,371.8999938964844,354.60972349350374,4.649172005039951,397.8353995009553,423.7708051054263,3.1496,1171.336220776367,4301.732270801208,199.99493246585916,1.0,12.905196812403625,0,No actionable pattern today.,Stop 354.6; to breakeven at +1.0R; trail 2.5×ATR from +1.0R; scale 1/2 at T1 (+1.5R); time-stop 15 bars if < +0.5R,,371.8999938964844,8.645135201490307,2.3245860025199723,41.30442724296093,67.61835498554427,33.36469106603509,-0.7322195156525443,0.8106017826585825,-0.06372914936732821,-0.10478713788044591,0.357307864730533,0.17080375645606027,0.877844047993742,1928570434.9398804,0.0,0.0,0.0,0.0,-0.09313038124858063,0.415929203539823,-0.09313038124858063,-0.6200547771983577,-0.18610615467625663,0.268658499437077,0.6681355006565078,-0.11079135871341146,,,,,,,,2026-10-02,False,max 6 positions in RISK_ON
ISRG,No clean setup,False,35.86041327337237,,,False,True,weak momentum; favourable entry timing; volume accumulation,391.95001220703125,369.43138974249587,5.74527918438764,425.7279459038343,459.5058796006374,2.4183,947.8527145202636,3480.9890940756677,199.99254183273328,1.0,10.442967282227006,0,No actionable pattern today.,Stop 369.4; to breakeven at +1.0R; trail 2.5×ATR from +1.0R; scale 1/2 at T1 (+1.5R); time-stop 15 bars if < +0.5R,55-day high sits before T1 (resistance),391.95001220703125,11.259311232267702,2.8726395921938233,51.21150787542293,5.681004260988573,14.89541101038383,-0.04490459129701735,0.6490528069116845,0.05396904125174262,-0.09444811042085466,-0.1329882410758345,-0.15103644044268738,0.7369749169639754,931017213.4895325,0.0,0.0,0.0,0.0,-0.10372710107322944,0.40707964601769914,-0.10372710107322944,-0.5331190969614796,-0.964616532719895,0.7716252833065748,-0.193793249293801,1.6843180414708003,,,,,,,,2026-10-02,False,max 6 positions in RISK_ON
ACN,No clean setup,False,35.50710457679273,,,False,True,no dominant factor,198.89999389648438,169.6191572915184,14.721386376816536,242.82124880393332,286.74250371138226,1.8598,369.9142086486816,1358.509931262283,199.99149594854543,1.0,4.07552979378685,0,No actionable pattern today.,Stop 169.6; to breakeven at +1.0R; trail 2.5×ATR from +1.0R; scale 1/2 at T1 (+1.5R); time-stop 15 bars if < +0.5R,55-day high sits before T1 (resistance),198.89999389648438,9.963373275332632,5.009237597321383,59.076188692538906,54.51218045248944,18.428654707513235,1.3082972786890745,0.6973741669850742,0.05978261753284353,0.4697109063016749,0.00828800329951429,-0.21403548861156874,1.9519093462661856,1306194330.9287262,0.0,0.0,0.0,1.0,-0.11262617228248954,0.39823008849557523,-0.11262617228248954,0.47836618673647513,0.13703911532111812,0.0553345914758432,-1.7169125754996244,-0.5664288517498023,,,,,,,,2026-10-02,False,max 6 positions in RISK_ON
PGR,No clean setup,False,34.889848202703234,,,False,True,favourable entry timing,210.30999755859375,199.7371758449332,5.027255877702575,226.16923012908455,242.02846269957539,5.1508,1083.2647354248047,3978.289740847595,199.99880482879925,1.0,11.934869222542787,0,No actionable pattern today.,Stop 199.7; to breakeven at +1.0R; trail 2.5×ATR from +1.0R; scale 1/2 at T1 (+1.5R); time-stop 15 bars if < +0.5R,55-day high sits before T1 (resistance),210.30999755859375,4.503582402857218,2.141401956700841,46.99916049684165,60.744821707693674,14.70527039444961,-0.2954871374742959,0.8789852516936562,-0.049546039161427635,-0.09176199034213328,0.07813030201530746,-0.04340173732284891,1.1592293090598704,605939943.9174652,0.0,0.0,0.0,0.0,-0.12820141942777502,0.3893805309734513,-0.12820141942777502,-0.3962016845519459,-0.3014065301614264,0.7734834811386909,-0.0503171822442259,-0.5895997003785528,,,,,,,,2026-10-02,False,max 6 positions in RISK_ON
XLI,No clean setup,False,34.597433766442215,,,False,True,no dominant factor,169.9499969482422,165.20725036097863,2.790671769595821,177.0641168291375,184.17823671003285,8.011,1361.469425552368,4999.996465341072,139.53348983906218,1.0,14.999989396023217,0,No actionable pattern today.,Stop 165.2; to breakeven at +1.0R; trail 2.5×ATR from +1.0R; scale 1/2 at T1 (+1.5R); time-stop 15 bars if < +0.5R,size capped at 25% of capital,169.9499969482422,2.3713732936317737,1.3953358847979085,44.55566047623649,77.16153638988072,29.354498717953632,-0.35187045476883344,0.9055037811968669,-0.013735638285767293,-0.08166222305187287,0.04308494144528585,0.1332032982928435,1.0776903446567545,1260940067.3651886,0.0,0.0,0.0,0.0,-0.13559349755262595,0.3805309734513274,-0.13559349755262595,-0.6050903140244837,-0.16552575737514358,0.4965045039694977,-0.20749628007181442,0.0019865651833870326,,,,,,,,2026-10-02,False,max 6 positions in RISK_ON
SNPS,Extended (wait),False,33.129443999017596,,,False,True,volume accumulation,489.8999938964844,423.22287385285756,13.610353311765026,589.9156739619245,689.9313540273648,0.8167,400.1013250152588,1469.3721161185379,199.98673646829124,1.0,4.408116348355614,15,Too far above the 21-EMA. Set an alert for a pullback toward it.,Stop 423.2; to breakeven at +1.0R; trail 2.5×ATR from +1.0R; scale 1/2 at T1 (+1.5R); time-stop 15 bars if < +0.5R,55-day high sits before T1 (resistance),489.8999938964844,19.05060572675051,3.888672374790006,74.10209040874113,95.75256107563854,20.414939751575837,3.5076281989432765,0.9080967072602287,0.17772914503167714,0.10769440854224488,0.23727738045965574,-0.14896271889282087,1.761258796558858,995838482.8056335,0.0,0.0,0.0,1.0,-0.17285738667309963,0.37168141592920356,-0.17285738667309963,0.27442589654483385,0.16462281098100912,-1.3176491231867138,-1.5531187635419281,1.1863245343950115,,,,,,,,2026-10-02,False,max 6 positions in RISK_ON
GE,No clean setup,False,31.045006117073143,,,False,True,volatility compression,309.55999755859375,292.5497970349081,5.494960801731471,335.0752983441222,360.5905991296506,3.2015,991.0563321838379,3639.6543799451442,199.9975814964883,1.0,10.918963139835434,0,No actionable pattern today.,Stop 292.5; to breakeven at +1.0R; trail 2.5×ATR from +1.0R; scale 1/2 at T1 (+1.5R); time-stop 15 bars if < +0.5R,,309.55999755859375,8.505100261842825,2.7474804008657396,34.781857478597715,5.767332652419682,24.483865908391092,-1.4404639037800575,0.7961115123805195,-0.060515940641597155,-0.1825287748338127,0.10238251448310898,0.09933913739030853,1.0183610823244202,1407372771.5011597,0.0,0.0,0.0,0.0,-0.2263157265229603,0.36283185840707965,-0.2263157265229603,-0.5737193535331493,-0.550164951693049,-0.06939340426799459,0.70158920751492,0.11482617300231074,,,,,,,,2026-10-02,False,max 6 positions in RISK_ON
SBUX,No clean setup,False,30.389563455539374,,,False,True,volatility compression,94.70999908447266,90.64866008883466,4.28818396673793,100.80200757792966,106.89401607138664,13.409,1269.966377723694,4663.951522190266,199.9988213909926,1.0,13.9918545665708,0,No actionable pattern today.,Stop 90.65; to breakeven at +1.0R; trail 2.5×ATR from +1.0R; scale 1/2 at T1 (+1.5R); time-stop 15 bars if < +0.5R,,94.70999908447266,2.0306694978189954,2.144091983368962,35.12666801266943,49.47330304006288,36.76922474432619,-1.2645569440954043,0.8619496681963182,-0.11253749998927653,-0.06714268044094229,0.06022310769902206,0.29672265216602134,0.8985538398462145,680130958.6953735,0.0,0.0,0.0,0.0,-0.2432870295388165,0.35398230088495575,-0.2432870295388165,-0.7060593294459633,-0.13943993050612924,-0.04694134037356988,0.5253783831478847,-0.6405441237408122,,,,,,,,2026-10-02,False,max 6 positions in RISK_ON
TJX,No clean setup,False,30.27045168362669,,,False,True,favourable entry timing,132.67999267578125,126.33506474735606,4.782128639341842,142.19738456841904,151.71477646105683,8.583,1138.7923771362305,4182.215005032806,199.99890151452567,1.0,12.54664501509842,0,No actionable pattern today.,Stop 126.3; to breakeven at +1.0R; trail 2.5×ATR from +1.0R; scale 1/2 at T1 (+1.5R); time-stop 15 bars if < +0.5R,,132.67999267578125,2.859753217607028,2.1553763758452735,48.42563786594559,45.48851973193759,29.994859302000823,0.19648874686986662,0.7829331055320966,0.010433288726368062,-0.12035805942764355,-0.17208393230891927,-0.07904642838720333,1.0029874315380272,1189386738.6281204,0.0,0.0,0.0,0.0,-0.24638053340325736,0.34513274336283184,-0.24638053340325736,-0.9313160445081807,-0.7251995640086005,0.9765722937443674,0.03998995554956097,0.19973833564569274,,,,,,,,2026-10-02,False,max 6 positions in RISK_ON
CDNS,No clean setup,False,30.1756467415537,,,False,True,volume accumulation,351.3500061035156,308.04069112098574,12.326544536837147,416.3139785773104,481.2779510511053,1.2574,441.7874976745606,1622.4645852098238,199.99381969029898,1.0,4.867393755629472,0,No actionable pattern today.,Stop 308; to breakeven at +1.0R; trail 2.5×ATR from +1.0R; scale 1/2 at T1 (+1.5R); time-stop 15 bars if < +0.5R,55-day high sits before T1 (resistance),351.3500061035156,12.374089995008543,3.521869867667757,70.80559570534197,97.5916054093531,25.82573915061635,2.7607050446416213,0.8431927909115637,0.14569403828036775,-0.06498651734869587,0.2605841151145116,-0.12870411579355978,1.0344321947316495,849097182.3059082,0.0,0.0,0.0,0.0,-0.24884488348481318,0.336283185840708,-0.24884488348481318,-0.12553946634059057,-0.25342697666378566,-0.8687910441493596,-1.2917256426245083,1.4887995153106874,,,,,,,,2026-10-02,False,max 6 positions in RISK_ON
LMT,No clean setup,False,27.88445544517124,,,False,True,volatility compression,505.4100036621094,482.1780898277357,4.5966470125322925,540.2578744136699,575.1057451652305,2.3441,1184.7315895843506,4350.926762748527,199.99674505734816,1.0,13.052780288245582,0,No actionable pattern today.,Stop 482.2; to breakeven at +1.0R; trail 2.5×ATR from +1.0R; scale 1/2 at T1 (+1.5R); time-stop 15 bars if < +0.5R,,505.4100036621094,11.615956917186852,2.2983235062661467,31.098369583949804,0.652169480879266,36.38758436371136,-1.7684666835418132,0.7396896482047658,-0.04917690665255081,-0.05476566328482224,-0.17810938819619715,0.09275537148022428,0.9923396189991488,642134144.7271729,0.0,0.0,0.0,0.0,-0.30903461944911875,0.3274336283185841,-0.30903461944911875,-0.7430509963617252,-0.6177089808494688,0.02289806089568989,1.0445348840470141,-0.5207844861363767,,,,,,,,2026-10-02,False,max 6 positions in RISK_ON
EFA,No clean setup,False,27.87649458560734,,,False,True,distribution in volume,103.95999908447266,101.57364990896995,2.2954494002675725,107.53952284772672,111.11904661098076,13.096,1361.460148010254,4999.962393567657,114.77160677675295,1.0,14.999887180702974,0,No actionable pattern today.,Stop 101.6; to breakeven at +1.0R; trail 2.5×ATR from +1.0R; scale 1/2 at T1 (+1.5R); time-stop 15 bars if < +0.5R,size capped at 25% of capital,103.95999908447266,1.1931745877513473,1.1477247001337831,42.22994426017287,59.19076349192279,22.038173086337192,-1.130628531547802,0.9547249487298238,-0.02895571216900572,-0.014223402361292603,0.07760319608862232,0.17617208028692333,1.8577647971652715,1498433614.7190857,0.0,0.0,0.0,0.0,-0.30924606397142834,0.3185840707964602,-0.30924606397142834,-0.45237396572654914,0.09895308907776035,0.20588445539266373,-1.119580709497753,-1.0058492766039715,,,,,,,,2026-10-02,False,max 6 positions in RISK_ON
WMT,No clean setup,False,27.422450521182,,,False,True,volatility compression,104.26000213623047,99.91763252092443,4.164942956391004,110.77355655918953,117.28711098214859,12.5412,1307.5455387908935,4801.960991209557,199.99893607202603,1.0,14.405882973628673,0,No actionable pattern today.,Stop 99.92; to breakeven at +1.0R; trail 2.5×ATR from +1.0R; scale 1/2 at T1 (+1.5R); time-stop 15 bars if < +0.5R,,104.26000213623047,2.171184807653018,2.0824714781954996,40.16709153498585,19.50932567340061,10.960911695897895,-1.2459060644647735,0.7732287687013829,-0.017249451077665512,-0.05549387741448153,-0.1675884640405827,0.049266705502047925,0.9601102166722895,2389803156.0884476,0.0,0.0,0.0,0.0,-0.321334858511803,0.30973451327433627,-0.321334858511803,-0.8335943310428078,-0.5643376686807864,0.190414739484186,0.5633208550781347,-0.34158899861125525,,,,,,,,2026-10-02,False,max 6 positions in RISK_ON
GLD,No clean setup,False,27.2656895722047,,,False,True,no dominant factor,380.1400146484375,366.1749692403668,3.673658354800112,401.08758276054357,422.0351508726496,3.5814,1361.433448461914,4999.8643394763785,183.67793403584542,1.0,14.999593018429138,0,No actionable pattern today.,Stop 366.2; to breakeven at +1.0R; trail 2.5×ATR from +1.0R; scale 1/2 at T1 (+1.5R); time-stop 15 bars if < +0.5R,size capped at 25% of capital,380.1400146484375,6.982522704035335,1.836829177400053,38.80547140457162,28.278495463487218,17.852423874755733,-1.684984014840481,0.7458112724039553,-0.05620930582321426,-0.005207626223921569,-0.1147388011305881,0.13130915979071855,0.9139844478049356,3447219397.062378,0.0,0.0,0.0,0.0,-0.3255221631304975,0.3008849557522124,-0.3255221631304975,-0.7720849797765518,-0.4578996832721217,0.04923537826295872,0.3767085936524123,-0.3658197983574227,,,,,,,,2026-10-02,False,max 6 positions in RISK_ON
SCHW,No clean setup,False,26.86690738998339,,,False,True,no dominant factor,96.69999694824219,92.27958075564642,4.571268182109411,103.33062123713583,109.96124552602949,12.3198,1191.3246224029542,4375.139675774849,199.9993679215405,1.0,13.125419027324549,0,No actionable pattern today.,Stop 92.28; to breakeven at +1.0R; trail 2.5×ATR from +1.0R; scale 1/2 at T1 (+1.5R); time-stop 15 bars if < +0.5R,,96.69999694824219,2.2102080962978805,2.285634091054703,29.90846215826349,16.607912940117984,27.341106050889806,-2.5133761570230937,0.8443202477857902,-0.10661494034812846,-0.036156098663441716,0.037964895787183206,0.18832989915234366,0.991149728991067,879261311.6099548,0.0,0.0,0.0,0.0,-0.33620671823557224,0.2920353982300885,-0.33620671823557224,-0.3173440972095539,-0.18668566023682667,-0.5393928162341469,-0.12415793369997,-0.6550042428222128,,,,,,,,2026-10-02,False,max 6 positions in RISK_ON
WFC,No clean setup,False,26.84012355389654,,,False,True,no dominant factor,80.44999694824219,76.73419506808801,4.618771934254702,86.02369976847345,91.59740258870471,14.656,1179.0751552734375,4330.153507741699,199.9999149257191,1.0,12.9904605232251,0,No actionable pattern today.,Stop 76.73; to breakeven at +1.0R; trail 2.5×ATR from +1.0R; scale 1/2 at T1 (+1.5R); time-stop 15 bars if < +0.5R,,80.44999694824219,1.8579009400770858,2.309385967127349,33.704208715893515,51.69928488265501,24.602572831404498,-1.835905679629254,0.8364812153414038,-0.09880138934125593,-0.07476413366365953,0.009608703624004677,0.12794204122395536,1.0834082584095213,1168283708.3458328,0.0,0.0,0.0,0.0,-0.33692604250113467,0.2831858407079646,-0.33692604250113467,-0.5442475166027279,-0.3189246768437653,-0.1378599053099063,-0.04169823352330281,-0.5611135232060458,,,,,,,,2026-10-02,False,max 6 positions in RISK_ON
ADBE,No clean setup,False,26.62494758782465,,,False,True,no dominant factor,237.69000244140625,219.36153978977373,7.711078490207316,265.182696418855,292.6753903963038,2.9712,706.2245352539063,2593.6096057199707,199.99527242662344,1.0,7.780828817159914,0,No actionable pattern today.,Stop 219.4; to breakeven at +1.0R; trail 2.5×ATR from +1.0R; scale 1/2 at T1 (+1.5R); time-stop 15 bars if < +0.5R,,237.69000244140625,9.164231325816266,3.85553924510366,41.01981546747945,39.5654422431211,22.735256933589636,-1.0447888260882217,0.6535331164798105,-0.1504700125728622,0.08997108478112348,-0.021529704293434593,-0.18599439208872726,0.8504955971927577,1399978278.7765503,0.0,0.0,0.0,0.0,-0.34271290790032977,0.2743362831858407,-0.34271290790032977,-0.7408846001066419,-0.5721454277509108,0.34934712357963843,-0.057350105709572746,-0.2962410732719621,,,,,,,,2026-10-02,False,max 6 positions in RISK_ON
RTX,No clean setup,False,26.22191773311812,,,False,True,volatility compression,184.67999267578125,177.45925363541053,3.9098653491107904,195.5111012363373,206.3422097968934,7.372,1361.4609060058594,4999.965177306519,195.49190593511344,1.0,14.999895531919558,0,No actionable pattern today.,Stop 177.5; to breakeven at +1.0R; trail 2.5×ATR from +1.0R; scale 1/2 at T1 (+1.5R); time-stop 15 bars if < +0.5R,size capped at 25% of capital,184.67999267578125,3.6103695201853596,1.9549326745553959,24.05791479375327,2.780997844864615,45.08472315860045,-2.354828009465321,0.8156883074450839,-0.0801873005349164,-0.07983562134155187,-0.05170311959990215,0.21866123694182504,0.8453135263228565,758648876.9794464,0.0,0.0,0.0,0.0,-0.353590747085692,0.26548672566371684,-0.353590747085692,-0.7765080589903259,-0.3656221464344781,-0.6612327835124894,0.5739410623858096,0.056253620264236304,,,,,,,,2026-10-02,False,max 6 positions in RISK_ON
XLP,No clean setup,False,26.06966713068033,,,False,True,no dominant factor,80.52999877929688,78.62675069066104,2.3634026046019665,83.38487091225062,86.23974304520438,16.9063,1361.4643183624269,4999.977709186012,118.16960340841996,1.0,14.999933127558041,0,No actionable pattern today.,Stop 78.63; to breakeven at +1.0R; trail 2.5×ATR from +1.0R; scale 1/2 at T1 (+1.5R); time-stop 15 bars if < +0.5R,size capped at 25% of capital,80.52999877929688,0.9516240443179151,1.1817013023009808,34.770412529269464,30.6526910777781,16.759859667122555,-1.8954276776318877,0.9106000991746596,-0.0522666992297981,-0.03615187909341244,-0.003271898247732219,0.11569382777787451,1.1932359381939022,909453754.7236252,0.0,0.0,0.0,0.0,-0.3577135469350485,0.25663716814159293,-0.3577135469350485,-0.4576374735425975,-0.1112917490137584,-0.25575506025071904,-0.5709597391079327,-0.7136117263767853,,,,,,,,2026-10-02,False,max 6 positions in RISK_ON
IWM,No clean setup,False,24.88945073456169,,,False,True,no dominant factor,281.5199890136719,274.30682501645447,2.562220900366369,292.339735009498,303.1594810053241,4.8361,1361.4588188690186,4999.957512296471,128.10995638949856,1.0,14.999872536889413,0,No actionable pattern today.,Stop 274.3; to breakeven at +1.0R; trail 2.5×ATR from +1.0R; scale 1/2 at T1 (+1.5R); time-stop 15 bars if < +0.5R,size capped at 25% of capital,281.5199890136719,3.606581998608692,1.2811104501831805,40.03287909662648,84.2769230621439,37.0985757028303,-0.8966561916956237,0.924881222808249,-0.039980755587742944,-0.0556866469625209,0.12589633819484525,0.2215904309105754,1.2551592230372026,6913608979.190216,0.0,0.0,0.0,0.0,-0.3899387942970165,0.24778761061946902,-0.3899387942970165,-0.6671558767201462,0.015709652908414112,-0.09297453703140858,-0.9101395063547725,-0.7748714213049887,,,,,,,,2026-10-02,False,max 6 positions in RISK_ON
SLV,No clean setup,False,24.772304074941808,,,False,True,weak momentum; volatility compression,54.7400016784668,51.333624558506614,6.2228297689295795,59.84956735840707,64.95913303834735,15.9873,875.1448288341522,3213.969383893424,199.99984358520257,1.0,9.641908151680274,0,No actionable pattern today.,Stop 51.33; to breakeven at +1.0R; trail 2.5×ATR from +1.0R; scale 1/2 at T1 (+1.5R); time-stop 15 bars if < +0.5R,,54.7400016784668,1.7031885599800904,3.1114148844647875,40.22260288837025,31.39584158034225,13.276377509527979,-1.5128333064903867,0.4984066353988618,-0.0733028278098471,-0.02441630577405518,-0.1679586423968661,0.3766021884147528,1.0227036908536937,897374624.2759705,0.0,0.0,0.0,0.0,-0.39316434553981333,0.23893805309734514,-0.39316434553981333,-0.7857382831124583,-0.9166701602851057,0.219486824072238,0.7368706781299766,-0.3482637116191589,,,,,,,,2026-10-02,False,max 6 positions in RISK_ON
ABT,No clean setup,False,24.66480090346959,,,False,True,no dominant factor,97.5,92.90469831057769,4.71312993786904,104.39295253413347,111.28590506826694,11.8509,1155.46275,4243.436949374999,199.9986972555898,1.0,12.730310848125,0,No actionable pattern today.,Stop 92.9; to breakeven at +1.0R; trail 2.5×ATR from +1.0R; scale 1/2 at T1 (+1.5R); time-stop 15 bars if < +0.5R,,97.5,2.297650844711156,2.356564968934519,29.734158767364235,33.05151614857094,31.72363220379331,-2.1380003408749078,0.7368958933710297,-0.11740745068691483,0.026826322998503294,-0.03945327054018055,-0.1531927087963244,0.9412857868764606,903205992.0591736,0.0,0.0,0.0,0.0,-0.39612883676369737,0.23008849557522124,-0.39612883676369737,-0.6031477082694786,-0.5089267983861091,-0.5547173895514457,0.3693983212065049,-0.22774051848468477,,,,,,,,2026-10-02,False,max 6 positions in RISK_ON
XLB,No clean setup,False,23.814421398161862,,,False,True,distribution in volume,48.86000061035156,47.35340619141262,3.0834924275865765,51.11989223875998,53.3797838671684,27.8647,1361.4692590072632,4999.995853704174,154.17449352861098,1.0,14.999987561112523,0,No actionable pattern today.,Stop 47.35; to breakeven at +1.0R; trail 2.5×ATR from +1.0R; scale 1/2 at T1 (+1.5R); time-stop 15 bars if < +0.5R,size capped at 25% of capital,48.86000061035156,0.7532972094694727,1.541746213793288,35.19581914891617,55.80097921720487,20.303847008296852,-1.610759561463628,0.905791755505945,-0.07299612453959592,-0.05569727239162059,-0.022646605229717842,0.2101919157211518,1.2786938757406394,582577866.6271019,0.0,0.0,0.0,0.0,-0.4197345082755809,0.22123893805309736,-0.4197345082755809,-0.5018674803001624,-0.12272016329091207,-0.3242978223846282,-0.5058114197727841,-1.0550825440273155,,,,,,,,2026-10-02,False,max 6 positions in RISK_ON
XLY,No clean setup,False,23.23645529842807,,,False,True,distribution in volume,110.04000091552734,106.98252748164713,2.778510912797339,114.62621106634768,119.212421217168,12.3725,1361.469911327362,4999.998249349737,138.92549699785835,1.0,14.999994748049215,0,No actionable pattern today.,Stop 107; to breakeven at +1.0R; trail 2.5×ATR from +1.0R; scale 1/2 at T1 (+1.5R); time-stop 15 bars if < +0.5R,size capped at 25% of capital,110.04000091552734,1.5287367169401118,1.3892554563986717,41.57656354593515,85.76902626547579,24.092583883190628,-0.8341367226477212,0.8857219061441228,-0.039854092489970405,-0.06548296710826196,0.021748626184068698,-0.04164705963413018,1.1433141133721527,746984647.0818329,0.0,0.0,0.0,0.0,-0.4359436680689398,0.21238938053097345,-0.4359436680689398,-0.8447771861632507,-0.2752095864691053,0.0801662573404574,-0.32174908662631113,-0.908471305436628,,,,,,,,2026-10-02,False,max 6 positions in RISK_ON
MELI,No clean setup,False,23.21114930674303,,,False,True,no dominant factor,1696.56005859375,1586.011321750251,6.5160520715742285,1862.3831638589986,2028.206269124247,0.4926,835.7254848632812,3069.2018431604,199.99079028204767,1.0,9.207605529481203,0,No actionable pattern today.,Stop 1586; to breakeven at +1.0R; trail 2.5×ATR from +1.0R; scale 1/2 at T1 (+1.5R); time-stop 15 bars if < +0.5R,,1696.56005859375,55.27436842174951,3.2580260357871147,33.48743264295763,35.681501861241486,24.826148625713365,-1.776404235592397,0.698747964824444,-0.15450164172400827,-0.06043152267918661,-0.011052019633487342,-0.0782439158860927,1.063925321098148,1171575678.1396484,0.0,0.0,0.0,0.0,-0.436656574239851,0.20353982300884957,-0.436656574239851,-0.7503680568252713,-0.6894574022657625,-0.10324795538661807,0.10392324254151421,-0.21792428406544576,,,,,,,,2026-10-02,False,max 6 positions in RISK_ON
UBER,No clean setup,False,21.436939727575982,,,False,True,weak momentum; volatility compression; distribution in volume,68.11000061035156,64.42733339962592,5.4069405046605405,73.63400142644002,79.15800224252848,14.7878,1007.1970670257568,3698.9312286520917,199.99901084152776,1.0,11.096793685956277,0,No actionable pattern today.,Stop 64.43; to breakeven at +1.0R; trail 2.5×ATR from +1.0R; scale 1/2 at T1 (+1.5R); time-stop 15 bars if < +0.5R,,68.11000061035156,1.841333605362823,2.7034702523302747,36.83137405884916,38.432046153680616,24.882317449580565,-1.3810193120401597,0.6723925350860266,-0.10909086554361713,-0.05951391421661123,-0.0519208785868458,-0.20867408689312517,0.8570474402868532,1355510551.322937,0.0,0.0,0.0,0.0,-0.48735642736956314,0.19469026548672566,-0.48735642736956314,-0.8614774768443484,-0.8308284428898447,-0.03106866916808224,0.969312312978391,-1.0215346672694643,,,,,,,,2026-10-02,False,max 6 positions in RISK_ON
MS,No clean setup,False,20.83211584245239,,,False,True,distribution in volume,190.30999755859375,180.8242084629606,4.984388217814259,204.53868120204348,218.7673648454932,5.741,1092.5696959838867,4012.462208500824,199.99669356476488,1.0,12.037386625502474,0,No actionable pattern today.,Stop 180.8; to breakeven at +1.0R; trail 2.5×ATR from +1.0R; scale 1/2 at T1 (+1.5R); time-stop 15 bars if < +0.5R,,190.30999755859375,4.742894547816574,2.4921941089071287,30.01802825530885,59.75441169454376,36.50618605616225,-2.0887433721887154,0.8239294063202846,-0.10154852715447726,-0.13841692307054643,0.16027967302328605,0.3807242373079438,1.3008142716338191,1119782445.4270172,0.0,0.0,0.0,0.0,-0.5049873651534909,0.18584070796460178,-0.5049873651534909,-0.707214773635828,-0.24158944799854878,-0.5367979758360075,0.05297075114041203,-1.2692695413462995,,,,,,,,2026-10-02,False,max 6 positions in RISK_ON
GS,No clean setup,False,20.557861553757455,,,False,True,distribution in volume,902.5599975585938,854.7978465337569,5.291853301058376,974.203224095849,1045.8464506331043,1.1402,1029.0989092163086,3779.365744096893,199.9984908880609,1.0,11.338097232290682,0,No actionable pattern today.,Stop 854.8; to breakeven at +1.0R; trail 2.5×ATR from +1.0R; scale 1/2 at T1 (+1.5R); time-stop 15 bars if < +0.5R,,902.5599975585938,23.88107551241843,2.645926650529189,32.137621959252954,46.0739044274458,32.9600381006666,-2.016045570708347,0.7859516763810489,-0.10141174716221646,-0.14053925214839857,0.055545102249277,0.3038347664245067,0.9694375024376194,2041621826.5100098,0.0,0.0,0.0,0.0,-0.5130449243499756,0.17699115044247787,-0.5130449243499756,-0.7393001987897959,-0.42671047219780034,-0.4927868145762468,0.1583923992760176,-0.978194994137359,,,,,,,,2026-10-02,False,max 6 positions in RISK_ON
AXP,No clean setup,False,19.825915447677303,,,False,True,no dominant factor,302.7799987792969,291.171218825485,3.834064337345396,320.1931687100147,337.6063386407324,4.4965,1361.4502645111083,4999.926096417045,191.70038335635172,1.0,14.999778289251138,0,No actionable pattern today.,Stop 291.2; to breakeven at +1.0R; trail 2.5×ATR from +1.0R; scale 1/2 at T1 (+1.5R); time-stop 15 bars if < +0.5R,size capped at 25% of capital,302.7799987792969,5.804389976905927,1.9170321686726992,32.80717371763092,33.848679193702424,30.515637766873667,-1.7477845355947335,0.7877498841961132,-0.08242927238449671,-0.1495660483177702,0.011422561477987703,0.01506452166773542,1.2109126476729046,1041598690.332489,0.0,0.0,0.0,0.0,-0.5347508846676585,0.168141592920354,-0.5347508846676585,-0.9325003076015618,-0.6064383904580586,-0.15939149723211696,-0.041701845138023816,-0.6161213950067991,,,,,,,,2026-10-02,False,max 6 positions in RISK_ON
ORCL,No clean setup,False,19.694763536182435,,,False,True,weak momentum; favourable entry timing,142.3000030517578,128.55924620086924,9.656188725372509,162.91113832809066,183.52227360442353,3.9633,563.9776020950317,2071.207743694004,199.9997286256227,1.0,6.213623231082013,0,No actionable pattern today.,Stop 128.6; to breakeven at +1.0R; trail 2.5×ATR from +1.0R; scale 1/2 at T1 (+1.5R); time-stop 15 bars if < +0.5R,,142.3000030517578,6.870378425444291,4.828094362686257,48.314916217257554,89.80275945172583,11.472340209183367,-0.13135430013426122,0.44544109280549854,-0.023670648015383766,-0.006712152106469027,-0.021083535538492737,-0.4899442049580309,1.0732409865411365,5304588783.418121,0.0,0.0,0.0,0.0,-0.5386722281787589,0.1592920353982301,-0.5386722281787589,-0.5586223066050683,-1.265371754401618,0.7115812322857877,-0.361688484426143,-0.7343871902184279,,,,,,,,2026-10-02,False,max 6 positions in RISK_ON
BAC,No clean setup,False,19.122174923998003,,,False,True,no dominant factor,53.75,51.45761217565221,4.264907580181938,57.188581736521684,60.627163473043375,23.7563,1276.9011249999999,4689.419381562499,199.99940267078,1.0,14.0682581446875,0,No actionable pattern today.,Stop 51.46; to breakeven at +1.0R; trail 2.5×ATR from +1.0R; scale 1/2 at T1 (+1.5R); time-stop 15 bars if < +0.5R,,53.75,1.1461939121738964,2.1324537900909704,22.30981826194993,6.226727091521923,42.30580506867241,-3.16756227524638,0.828211477012814,-0.13699301270240127,-0.09809291827452815,0.09973540457827124,0.25512700627666773,1.1529439995455664,2252380355.845108,0.0,0.0,0.0,0.0,-0.5559110702305212,0.1504424778761062,-0.5559110702305212,-0.7250745921167121,-0.2594569337973502,-0.968748106127496,-0.30010251219966483,-0.5952723717264606,,,,,,,,2026-10-02,False,max 6 positions in RISK_ON
SPGI,No clean setup,False,18.716387233908527,,,False,True,distribution in volume,386.2699890136719,367.08582408825396,4.966517066056328,415.04623640179875,443.8224837899256,2.8387,1096.5046178131104,4026.913208918648,199.99733175622114,1.0,12.080739626755944,0,No actionable pattern today.,Stop 367.1; to breakeven at +1.0R; trail 2.5×ATR from +1.0R; scale 1/2 at T1 (+1.5R); time-stop 15 bars if < +0.5R,,386.2699890136719,9.592082462708973,2.4832585330281676,31.94658709402279,8.251238090397308,20.170039397911527,-1.975141199451311,0.7444273771302337,-0.10525585078133304,-0.13434712507287982,-0.048713640092798105,-0.044209620662727045,1.3883232570929571,786127033.5939026,0.0,0.0,0.0,0.0,-0.568249076531383,0.1415929203539823,-0.568249076531383,-0.7982932272405562,-0.7349303909574981,-0.2595917955339773,0.35328092758235596,-1.0759734146575963,,,,,,,,2026-10-02,False,max 6 positions in RISK_ON
XLF,No clean setup,False,17.08039774498429,,,False,True,distribution in volume,53.4900016784668,52.08186131927133,2.6325300336685764,55.60221221725999,57.71442275605319,25.4528,1361.4703147216796,4999.999730815368,131.62649459706253,1.0,14.999999192446104,0,No actionable pattern today.,Stop 52.08; to breakeven at +1.0R; trail 2.5×ATR from +1.0R; scale 1/2 at T1 (+1.5R); time-stop 15 bars if < +0.5R,size capped at 25% of capital,53.4900016784668,0.7040701795977332,1.3162650168342904,27.51059458388187,23.98088986687189,34.18022653476734,-2.397907443567839,0.91602925288324,-0.06903723271328832,-0.043831299344562535,0.08757021328644288,0.09313890032168026,1.340591072427754,2101913031.945343,0.0,0.0,0.0,0.0,-0.6190920997149961,0.13274336283185842,-0.6190920997149961,-0.5842769457881387,-0.06750174126656233,-0.5783004061928867,-1.2143801871983961,-1.53359775648956,,,,,,,,2026-10-02,False,max 6 positions in RISK_ON
IBM,No clean setup,False,16.55409148621878,,,False,True,weak momentum,222.63999938964844,208.94975300176634,6.149050676164626,243.17536897147158,263.71073855329473,3.9779,885.6396535720825,3252.5116277434727,199.99858823809313,1.0,9.757534883230418,0,No actionable pattern today.,Stop 208.9; to breakeven at +1.0R; trail 2.5×ATR from +1.0R; scale 1/2 at T1 (+1.5R); time-stop 15 bars if < +0.5R,,222.63999938964844,6.845123193941042,3.07452533808231,41.56147085479641,44.747302929692985,13.65542069881819,-0.9879086647340964,0.6744784719234238,-0.039102277418750275,-0.2513451065582174,-0.08975063760160729,-0.1702206826198106,1.0011826634056535,1377706366.6525269,0.0,0.0,0.0,0.0,-0.635853347461071,0.12389380530973451,-0.635853347461071,-0.877325132379464,-1.1749545291310268,0.13676767108187649,0.18591305821215254,-0.7858547569370407,,,,,,,,2026-10-02,False,max 6 positions in RISK_ON
BA,No clean setup,False,16.39697650398834,,,False,True,no dominant factor,193.55999755859375,180.63133571347674,6.679407939754334,212.95299032626926,232.34598309394477,4.2122,815.3134217163087,2994.2385412531435,199.99740685964682,1.0,8.982715623759432,0,No actionable pattern today.,Stop 180.6; to breakeven at +1.0R; trail 2.5×ATR from +1.0R; scale 1/2 at T1 (+1.5R); time-stop 15 bars if < +0.5R,,193.55999755859375,6.464330922558503,3.339703969877167,41.20412676005549,78.558872026301,31.2455684139875,-0.8558241667698184,0.7609985960834555,-0.07329917133384334,-0.17472498038978157,-0.07040631820269028,-0.02941450706701043,1.939243084068421,1662729134.9617004,0.0,0.0,0.0,0.0,-0.6408978923564826,0.11504424778761062,-0.6408978923564826,-1.0300695415851884,-0.7795669190342422,0.14996320854607498,-0.7339700639220218,-0.6091015069929683,,,,,,,,2026-10-02,False,max 6 positions in RISK_ON
KWEB,No clean setup,False,15.511490604514314,,,False,True,weak momentum,23.860000610351562,23.007853670395104,3.571445591609743,25.138221020286252,26.41644143022094,57.0607,1361.4683368270873,4999.992466997478,178.5720105434007,1.0,14.999977400992437,0,No actionable pattern today.,Stop 23.01; to breakeven at +1.0R; trail 2.5×ATR from +1.0R; scale 1/2 at T1 (+1.5R); time-stop 15 bars if < +0.5R,size capped at 25% of capital,23.860000610351562,0.42607346997823003,1.7857227958048743,33.164905612214355,6.468954208645371,21.668100185435918,-2.3752424948952773,0.5837340506140433,-0.07159533455116673,-0.06760451472921836,-0.15058738053608112,-0.3575464842051018,1.0497496000659587,368479190.63676834,0.0,0.0,0.0,0.0,-0.6696974466103879,0.10619469026548672,-0.6696974466103879,-0.903258641943672,-1.1619108981758468,-0.4290755585895495,0.4103242452852538,-0.4129959509570699,,,,,,,,2026-10-02,False,max 6 positions in RISK_ON
XLU,No clean setup,False,15.304770731890088,,,False,True,no dominant factor,39.83000183105469,38.654601606333756,2.9510423567304342,41.593102168136085,43.35620250521748,34.182,1361.4691225891115,4999.995352708512,147.55198069298146,1.0,14.999986058125536,0,No actionable pattern today.,Stop 38.65; to breakeven at +1.0R; trail 2.5×ATR from +1.0R; scale 1/2 at T1 (+1.5R); time-stop 15 bars if < +0.5R,size capped at 25% of capital,39.83000183105469,0.5877001123604656,1.475521178365217,35.381046569886905,77.33675026235363,34.3598203908356,-1.4425406115229478,0.8463440014209626,-0.05969369518491341,-0.11428548161233154,-0.12863460247965186,-0.010410969500814438,2.158142570060202,1197847882.8165245,0.0,0.0,0.0,0.0,-0.676514550278106,0.09734513274336283,-0.676514550278106,-1.0611494440067966,-0.5232565009837185,-0.32582975225328603,-0.931922694198029,-0.5610089391740011,,,,,,,,2026-10-02,False,max 6 positions in RISK_ON
BKNG,No clean setup,False,13.7198159397466,,,False,True,distribution in volume,159.02000427246094,147.01512570333634,7.5492882949215225,177.02732212614785,195.03463997983474,4.5363,721.3624453811645,2649.2035806623267,199.9960158235829,1.0,7.947610741986981,0,No actionable pattern today.,Stop 147; to breakeven at +1.0R; trail 2.5×ATR from +1.0R; scale 1/2 at T1 (+1.5R); time-stop 15 bars if < +0.5R,,159.02000427246094,6.002439284562306,3.7746441474607657,30.462212788469273,11.516533824241591,32.87513016712297,-1.9067141681851585,0.7132396000243254,-0.20138256945434796,-0.11946061134060626,-0.04749067670023688,-0.061117065604964105,1.056327265293137,1523793865.8691406,0.0,0.0,0.0,0.0,-0.730063987057896,0.08849557522123894,-0.730063987057896,-0.9837771334092517,-0.7799053447123941,-0.4337191273291365,-0.29560543931640526,-0.9770101375535685,,,,,,,,2026-10-02,False,max 6 positions in RISK_ON
NEE,No clean setup,False,10.247648672023729,,,False,True,distribution in volume,76.83000183105469,74.07611392730226,3.584391303033012,80.96083368668333,85.09166554231197,17.7205,1361.4660474472046,4999.984059249859,179.21899377278893,1.0,14.999952177749579,0,No actionable pattern today.,Stop 74.08; to breakeven at +1.0R; trail 2.5×ATR from +1.0R; scale 1/2 at T1 (+1.5R); time-stop 15 bars if < +0.5R,size capped at 25% of capital,76.83000183105469,1.3355589392284697,1.7383299588685377,33.19029793992222,87.81446229135595,47.2958199321955,-1.555090780218944,0.7896174742656916,-0.07545122452702568,-0.1147329050756396,-0.16291224148730088,0.08666842987884427,1.3378166683502,1004939149.1556549,0.0,0.0,0.0,0.0,-0.8568047206986272,0.07964601769911504,-0.8568047206986272,-1.220596785470606,-0.6155540463259014,-0.5014623909458626,-0.7737993254916085,-1.34836616692265,,,,,,,,2026-10-02,False,max 6 positions in RISK_ON
HD,No clean setup,False,10.236719190342775,,,False,True,weak momentum; distribution in volume,282.8500061035156,269.4775865234726,4.727742369271529,302.90863547358015,322.96726484364467,4.0724,1151.878364855957,4230.273294933502,199.99642290054996,1.0,12.690819884800508,0,No actionable pattern today.,Stop 269.5; to breakeven at +1.0R; trail 2.5×ATR from +1.0R; scale 1/2 at T1 (+1.5R); time-stop 15 bars if < +0.5R,,282.8500061035156,6.686209790021493,2.36387118463576,26.515071589423144,15.428845841135285,32.59178771545871,-2.512955572685529,0.7267832128058643,-0.10541459720521595,-0.18741079839681507,-0.10744770943047433,-0.1810644027170999,1.3724650106557985,1527906785.209961,0.0,0.0,0.0,0.0,-0.8572278264920639,0.07079646017699115,-0.8572278264920639,-1.0299752642297375,-0.9692916912678006,-0.6703778533260508,0.02839133979347962,-1.3974674151119364,,,,,,,,2026-10-02,False,max 6 positions in RISK_ON
PEP,No clean setup,False,9.919196402020692,,,False,True,distribution in volume,125.88999938964844,121.46193369000588,3.517408627461369,132.53209793911228,139.17419648857611,10.8147,1361.462576399231,4999.971311826176,175.8694222927673,1.0,14.99991393547853,0,No actionable pattern today.,Stop 121.5; to breakeven at +1.0R; trail 2.5×ATR from +1.0R; scale 1/2 at T1 (+1.5R); time-stop 15 bars if < +0.5R,size capped at 25% of capital,125.88999938964844,2.214032849821279,1.7587043137306841,26.05081266769575,23.262424128762376,28.027071012683397,-2.410714464874813,0.7564858683187374,-0.09454267931651983,-0.11204637323527555,-0.18111247763409044,0.01067736880757919,1.0180863028420972,1214527028.0843735,0.0,0.0,0.0,0.0,-0.869595162386073,0.061946902654867256,-0.869595162386073,-0.9808755642938977,-0.7271322005597988,-0.8704455357525389,-0.47781759473899243,-1.3936937707334902,,,,,,,,2026-10-02,False,max 6 positions in RISK_ON
TLT,No clean setup,False,9.83875527467768,,,False,True,distribution in volume,77.4800033569336,75.85591747959224,2.0961355278465152,79.91613217294562,82.35226098895767,17.5718,1361.4631229873658,4999.9733191711,104.80621712599208,1.0,14.999919957513303,0,No actionable pattern today.,Stop 75.86; to breakeven at +1.0R; trail 2.5×ATR from +1.0R; scale 1/2 at T1 (+1.5R); time-stop 15 bars if < +0.5R,size capped at 25% of capital,77.4800033569336,0.8120429386706766,1.0480677639232547,27.02228493321641,20.884985012591713,25.69050031885503,-2.712554303679537,0.8791230827023105,-0.050737582353322264,-0.08244925374105261,-0.08635149092060657,-0.043483675918635,1.8541310235847182,3802131605.1558304,0.0,0.0,0.0,0.0,-0.8727517521933668,0.05309734513274336,-0.8727517521933668,-0.9455140475007155,-0.388151404580689,-0.7120627251608517,-2.18240516690426,-0.8701081564482419,,,,,,,,2026-10-02,False,max 6 positions in RISK_ON
INTU,No clean setup,False,9.073221403894472,,,False,True,weak momentum; distribution in volume,281.0799865722656,255.91580317959762,8.952677029603565,318.8262616612676,356.57253675026965,2.1641,608.28519894104,2233.927393110969,199.99630458106748,1.0,6.701782179332908,0,No actionable pattern today.,Stop 255.9; to breakeven at +1.0R; trail 2.5×ATR from +1.0R; scale 1/2 at T1 (+1.5R); time-stop 15 bars if < +0.5R,,281.0799865722656,12.582091696334007,4.476338514801784,37.11816743435576,67.9948786096636,22.02158737320456,-1.3987573192454947,0.4116823717179135,-0.1803814528161084,0.03742578555436671,-0.32967822414487014,-0.4896355782306313,0.9506289319445006,1107955559.3736267,0.0,0.0,0.0,0.0,-0.9032871545839395,0.04424778761061947,-0.9032871545839395,-0.9489127674691797,-1.3807276159752455,0.0026574111614088122,-0.4496236244633398,-1.4310151540738147,,,,,,,,2026-10-02,False,max 6 positions in RISK_ON
LOW,No clean setup,False,8.02652920633782,,,False,True,weak momentum; distribution in volume,180.8000030517578,171.8299507316676,4.961312040200769,194.25508153189315,207.71016001202847,6.0711,1097.654898527527,4031.1376148423424,199.99731584223525,1.0,12.093412844527029,0,No actionable pattern today.,Stop 171.8; to breakeven at +1.0R; trail 2.5×ATR from +1.0R; scale 1/2 at T1 (+1.5R); time-stop 15 bars if < +0.5R,,180.8000030517578,4.4850261600451145,2.4806560201003873,25.497365930626742,1.2568495197983651,27.56259502809322,-2.6068460717768263,0.6237310556424541,-0.09527618912652436,-0.18707045839108694,-0.20880138264839831,-0.1776062639174828,1.140828952247709,635000821.9524384,0.0,0.0,0.0,0.0,-0.9465944689763208,0.035398230088495575,-0.9465944689763208,-1.0755811181825865,-1.2430421688672226,-0.7529250808994608,0.2761477894376322,-1.460748261365776,,,,,,,,2026-10-02,False,max 6 positions in RISK_ON
NVO,No clean setup,False,7.334185510666689,,,False,True,weak momentum; distribution in volume,37.31999969482422,35.18829383174254,5.711966453679571,40.517558489446735,43.71511728406925,25.547,953.4140322036743,3501.413033267994,199.9995378650321,1.0,10.504239099803984,0,No actionable pattern today.,Stop 35.19; to breakeven at +1.0R; trail 2.5×ATR from +1.0R; scale 1/2 at T1 (+1.5R); time-stop 15 bars if < +0.5R,,37.31999969482422,1.065852931540838,2.855983226839783,27.076037975721448,2.5754676590330803,33.15380203097905,-3.1977540045674715,0.6107088459146764,-0.20205261215409676,-0.23270630948984206,0.02208994905228634,-0.17010569844542311,0.9722386254289801,567133419.0462303,0.0,0.0,0.0,0.0,-0.9763284725407722,0.02654867256637168,-0.9763284725407722,-1.0371350857438493,-1.2023684889135327,-1.0532981741752956,0.42361603728568975,-1.5741051625773939,,,,,,,,2026-10-02,False,max 6 positions in RISK_ON
NFLX,No clean setup,False,6.951241122445417,,,False,True,weak momentum; distribution in volume,67.05999755859375,63.10416820323914,5.898940500106936,72.99374159162566,78.92748562465758,13.7667,923.1948683898926,3390.4331541618803,199.9996344599082,1.0,10.171299462485642,0,No actionable pattern today.,Stop 63.1; to breakeven at +1.0R; trail 2.5×ATR from +1.0R; scale 1/2 at T1 (+1.5R); time-stop 15 bars if < +0.5R,,67.05999755859375,1.9779146776773044,2.9494702500534675,31.05639503967032,6.694433850346357,25.83663917274907,-2.901226038739281,0.5370815091365146,-0.18941140048952432,-0.11786371323511335,-0.3202919615910341,-0.29344943253566447,1.1760206296413005,2612330058.6914825,0.0,0.0,0.0,0.0,-0.9931792737242316,0.017699115044247787,-0.9931792737242316,-0.9772930780916528,-1.42384364315988,-0.8060932760812037,0.27938583495929076,-1.5014848465483321,,,,,,,,2026-10-02,False,max 6 positions in RISK_ON
MCD,No clean setup,False,4.091347541604737,,,False,True,weak momentum; distribution in volume,231.88999938964844,222.91571362083283,3.8700615776603504,245.35142804287185,258.81285669609525,5.8711,1361.449375416565,4999.922831217335,193.50009240360964,1.0,14.99976849365201,0,No actionable pattern today.,Stop 222.9; to breakeven at +1.0R; trail 2.5×ATR from +1.0R; scale 1/2 at T1 (+1.5R); time-stop 15 bars if < +0.5R,size capped at 25% of capital,231.88999938964844,4.4871428844078,1.9350307888301739,24.01601477496149,34.36109302872542,46.71111860058987,-2.6899043381794248,0.6918378497943029,-0.11136237385697967,-0.16444278694442727,-0.2344789897011016,-0.1093376631046673,1.10992251299454,1489251773.4804535,0.0,0.0,0.0,0.0,-1.1298272447067808,0.008849557522123894,-1.1298272447067808,-1.3470474044379463,-1.0455543323756864,-0.9567517960548936,-0.37122910704220113,-1.9242805167145944,,,,,,,,2026-10-02,False,max 6 positions in RISK_ON
