ticker,setup,eligible,conviction,earnings_flag,earnings_date,veto,liquid,why,entry,stop,stop_pct,t1,t2,units,pos_native,pos_aed,risk_aed,risk_pct,cost_aed,hold_days,entry_note,exit_rule,plan_flags,close,atr,atr_pct,rsi14,rsi2,adx,dist21_atr,pct_52w_high,mom_1m,mom_3m,mom_6m,mom_12_1,rvol,adv20,squeeze_on,breakout20,breakout55,uptrend,composite,comp_rank,composite_final,g_trend,g_momentum,g_timing,g_volatility,g_volume,g_fundamentals,g_sentiment,social_buzz,social_bull,sector,shortName,shortPercentOfFloat,date,selected,skip_reason
MU,Pullback in uptrend,True,83.59640256168846,,2026-12-23,False,True,momentum leader; strong trend structure; favourable entry timing; volume accumulation; quality/growth fundamentals,1041.6874697434005,952.5975049670026,8.552465817635637,1175.3224169079972,1308.9573640725941,0.6112,636.6793815071663,2338.2050285850682,199.97418581597552,1.0,7.0146150857552065,15,"Limit near the 21-EMA, or at market on the first up-close / reclaim day.",Stop 952.6; to breakeven at +1.0R; trail 2.5×ATR from +1.0R; scale 1/2 at T1 (+1.5R); time-stop 15 bars if < +0.5R,55-day high sits before T1 (resistance); Ex-dividend 2026-10-14,1063.9599609375,44.544982388198925,4.186716044177871,57.256778491093065,28.036226740921364,14.113949271616498,0.6987386540414955,0.8479072694224167,0.11041996196705006,0.13382633410903755,1.8169303591893562,4.222845789325109,0.9193327428127669,26310616092.28607,0.0,0.0,0.0,1.0,0.9973909677099488,0.9823008849557522,1.0178123880226695,0.8534118749033343,1.7131508742141,0.6150563450881908,0.30137812819977866,0.7654641605056066,1.8159600972966123,0.3830360412504885,5.528396396590793,0.7857142857142857,Technology,"Micron Technology, Inc.",0.024500001,2026-10-05,True,
PANW,Momentum continuation,True,74.40705299969724,,2026-11-19,False,True,momentum leader; strong trend structure; volume accumulation,406.760009765625,359.4187683751099,11.63861742893386,477.7718718513977,548.7837339371704,0.5751,233.92768161621092,859.0994107355345,99.98729374973402,0.5,2.577298232206604,15,Half-size starter at market; add on a 2–3 day tight consolidation.,Stop 359.4; to breakeven at +1.0R; trail 2.5×ATR from +1.0R; scale 1/2 at T1 (+1.5R); time-stop 15 bars if < +0.5R,55-day high sits before T1 (resistance),406.760009765625,16.644872788622934,4.092062245306195,63.6870648352899,91.97170381869111,16.074651181292765,1.5954867339889036,0.9933089371565934,0.22540220152413215,0.20685971829190297,1.5116395025041092,0.5859531657977128,0.8365022333585421,2323773597.0152283,0.0,0.0,0.0,1.0,0.9205291375453569,0.9734513274336283,0.6670212062521211,1.6050935431988982,1.5676478050738007,-0.2906072714763883,-0.3921548700076282,1.0629922785027663,-0.44269602806286346,-0.2513250097787815,2.1984585501516585,0.8181818181818182,Technology,"Palo Alto Networks, Inc.",0.0269,2026-10-05,True,
ANET,Momentum continuation,True,74.25422525459213,,2026-11-03,False,True,momentum leader; strong trend structure; volatility compression,206.89999389648438,193.52991376962683,6.462097883650411,226.9551140867707,247.010234277057,2.0365,421.35183757019047,1547.4146234765244,99.99544763497344,0.5,4.642243870429574,15,Half-size starter at market; add on a 2–3 day tight consolidation.,Stop 193.5; to breakeven at +1.0R; trail 2.5×ATR from +1.0R; scale 1/2 at T1 (+1.5R); time-stop 15 bars if < +0.5R,55-day high sits before T1 (resistance),206.89999389648438,6.685040063428776,3.2310489418252066,59.52329860253066,73.6824855763835,16.90188066817516,0.8562868947142112,0.9628181603803897,0.08075632708900504,0.24294116034808666,0.6388118328434407,0.32521108641918195,0.6963485161640638,951502161.6095734,0.0,0.0,0.0,1.0,0.8046754537019586,0.9469026548672567,0.6620150973503468,1.2524226831453158,0.980972444204049,0.24242745951059386,0.9445350449039034,0.17195091864512002,-0.1278946369164318,0.3106419808042305,2.0658678904371808,1.0,Technology,"Arista Networks, Inc.",0.0127,2026-10-05,False,sector cap (Technology)
XOM,Pullback in uptrend,True,70.39588057249414,,2026-10-30,False,True,favourable entry timing; volatility compression; volume accumulation,162.34413633167796,154.97164275044207,4.541274940890676,173.40287670353177,184.46161707538562,7.3867,1199.1874318412056,4404.015843436828,199.9984678908518,1.0,13.212047530310485,15,"Limit near the 21-EMA, or at market on the first up-close / reclaim day.",Stop 155; to breakeven at +1.0R; trail 2.5×ATR from +1.0R; scale 1/2 at T1 (+1.5R); time-stop 15 bars if < +0.5R,55-day high sits before T1 (resistance),164.0,3.513453412294258,2.14234964164284,55.10186164098907,84.4722323104834,13.150147880233403,0.47129233663035114,0.9420229473994604,0.011035036138616894,0.16495109069357472,0.01721414659579934,0.49978686018994867,0.8197541413682872,2270526545.2028656,0.0,0.0,0.0,1.0,0.7180234146242984,0.9292035398230089,0.5413882658510851,0.7682717662142491,0.4838737724669434,0.6686526918799309,0.6143442229209494,1.380636092657684,-0.03891209983430222,-0.2913925586492348,2.018151548313679,0.8181818181818182,Energy,ExxonMobil Holdings Corporation,0.0108,2026-10-05,True,
MSFT,Momentum continuation,True,69.65807019782466,,2026-10-28,False,True,momentum leader; strong trend structure; new 55-day high,525.1799926757812,488.2666748670865,7.028698412637948,580.5499693888233,635.9199461018654,0.7376,387.3727625976563,1422.6264706398927,99.99212415963339,0.5,4.267879411919679,15,Half-size starter at market; add on a 2–3 day tight consolidation.,Stop 488.3; to breakeven at +1.0R; trail 2.5×ATR from +1.0R; scale 1/2 at T1 (+1.5R); time-stop 15 bars if < +0.5R,crowd euphoric on social (contrarian caution),525.1799926757812,11.813305414466353,2.249382226896688,66.24821590966849,97.39157778218282,37.779806042320146,1.7256907770621512,0.9562613502206241,0.029522460798922623,0.3531752297294577,0.41414998187640184,-0.002759002015170431,0.81200520109423,10927956025.449982,0.0,1.0,1.0,1.0,0.5634397042233172,0.9026548672566371,0.5194174897644755,1.535634532604913,0.8622005856543348,-0.8441688736805447,0.22270038592525038,0.32430002903644134,-0.09908950787590948,0.785746771734126,4.203875400914086,1.0,Technology,Microsoft Corporation,0.0091,2026-10-05,False,sector cap (Technology)
AMD,Extended (wait),False,69.14005525946642,,2026-11-03,False,True,momentum leader; strong trend structure; volume accumulation,631.75,584.803784954417,7.431138115644323,702.1693225683746,772.588645136749,1.16,732.8299999999999,2691.3181749999994,199.9955707156882,1.0,8.073954525,15,Too far above the 21-EMA. Set an alert for a pullback toward it.,Stop 584.8; to breakeven at +1.0R; trail 2.5×ATR from +1.0R; scale 1/2 at T1 (+1.5R); time-stop 15 bars if < +0.5R,55-day high sits before T1 (resistance),631.75,23.473107522791533,3.715569057822166,69.23859238517238,78.72555695421491,26.029932295121334,2.23759305513549,0.9787593011093768,0.38493071494263464,0.2240607969823838,1.8692434417974684,1.6875626886503032,0.7390418797851805,12849264239.866638,0.0,0.0,0.0,1.0,1.0086830146363719,0.9911504424778761,0.8333677085631354,1.0434040527633446,2.1108457165969363,-0.6533487989643209,-0.3431348559359185,2.0286997744543434,-0.13287710683017917,0.39709007537055757,4.284661548574161,0.875,Technology,"Advanced Micro Devices, Inc.",0.024600001,2026-10-05,False,not actionable today
AAPL,Pullback in uptrend,True,69.01506703438588,,2026-10-29,False,True,favourable entry timing; volatility compression,331.19362661658903,317.48018990448975,4.14061008727527,351.763781684738,372.33393675288687,3.9712,1315.2361300197983,4830.2046874977095,199.9999425265731,1.0,14.49061406249313,15,"Limit near the 21-EMA, or at market on the first up-close / reclaim day.",Stop 317.5; to breakeven at +1.0R; trail 2.5×ATR from +1.0R; scale 1/2 at T1 (+1.5R); time-stop 15 bars if < +0.5R,55-day high sits before T1 (resistance); crowd euphoric on social (contrarian caution),332.8900146484375,6.856718356049631,2.059754890302419,53.80707346632654,50.95058912184177,16.604519813270812,0.24740523728114933,0.9639486250608756,0.01425923437800014,0.07248153684985703,0.28827986257107274,0.28115117933782874,0.8473980645475843,13926660371.802673,0.0,0.0,0.0,1.0,0.5667939195965604,0.911504424778761,0.5005148691321245,0.6706741410731334,0.42736365670807563,0.77938412560351,0.5949287951360251,0.36058894931473723,-0.27806614263845025,0.7488634771872102,4.037897784485306,1.0,Technology,Apple Inc.,0.0088,2026-10-05,False,sector cap (Technology)
CRWD,Extended (wait),False,67.43554775685035,,2026-12-01,False,True,momentum leader; strong trend structure; volume accumulation,272.6700134277344,241.9382236001067,11.270689226621723,318.7676981691759,364.86538291061737,1.772,483.17126379394534,1774.4464662832643,199.99234670755772,1.0,5.323339398849794,15,Too far above the 21-EMA. Set an alert for a pullback toward it.,Stop 241.9; to breakeven at +1.0R; trail 2.5×ATR from +1.0R; scale 1/2 at T1 (+1.5R); time-stop 15 bars if < +0.5R,55-day high sits before T1 (resistance),272.6700134277344,11.047093392541866,4.051451515943711,69.74193948833661,97.53466416555173,25.54295170027748,2.236130401526646,0.9943113536225198,0.2684096007786334,0.4010380241945348,1.7362085592235958,0.7308374114557143,0.6799310243124896,2543991879.0839386,0.0,0.0,0.0,1.0,1.0797582928223035,1.0,0.7706688688401041,2.006671706489328,1.9934712439759843,-0.8674530585516476,-0.5279700772395087,1.4701944847267896,-0.5140286414156806,-0.4173490127617064,3.669241841580831,0.6666666666666666,Technology,"CrowdStrike Holdings, Inc.",0.0277,2026-10-05,False,not actionable today
ABBV,Pullback in uptrend,True,66.98850585034906,,2026-10-30,False,True,strong trend structure; volume accumulation,263.11531707333125,252.53654630415625,4.020583403066064,278.9834732270938,294.85162938085625,5.1479,1354.491340761802,4974.3694489477175,199.99867247158082,1.0,14.923108346843156,15,"Limit near the 21-EMA, or at market on the first up-close / reclaim day.",Stop 252.5; to breakeven at +1.0R; trail 2.5×ATR from +1.0R; scale 1/2 at T1 (+1.5R); time-stop 15 bars if < +0.5R,55-day high sits before T1 (resistance); Ex-dividend 2026-10-15,265.760009765625,5.289385384587509,1.9902864201624022,58.39597978971272,84.32092348962743,17.52730316306963,0.7057743833046145,0.9865250948980059,0.02132899770493646,0.05105700131550739,0.30568547511375654,0.13409897933817194,1.089830466761658,1154948779.3380737,0.0,0.0,0.0,1.0,0.501626749288035,0.8849557522123894,0.44229077613421874,0.8747479521478269,0.3736832816581197,0.25173509528864857,0.30236200510718464,0.6493452378231688,0.1502655435158042,0.25962822352210346,1.8363021224444789,1.0,Healthcare,AbbVie Inc.,0.0123000005,2026-10-05,True,
PLTR,No clean setup,False,66.44754121752645,,2026-11-02,False,True,strong trend structure; volume accumulation,189.39999389648438,177.0267772667987,6.5328495398200515,207.95981884101292,226.51964378554143,4.4013,833.6061931365966,3061.418744294151,199.99788034858528,1.0,9.184256232882454,0,No actionable pattern today.,Stop 177; to breakeven at +1.0R; trail 2.5×ATR from +1.0R; scale 1/2 at T1 (+1.5R); time-stop 15 bars if < +0.5R,55-day high sits before T1 (resistance),189.39999389648438,6.186608314842845,3.266424769910027,61.79943825763379,64.71681580748884,28.067449942868762,1.0541815476865124,0.9126830666783039,0.03763762210667765,0.4095408259210236,0.2803353158516886,-0.02416468430214469,0.5031439822264906,4065553196.0082245,0.0,0.0,0.0,1.0,0.8532405276897049,0.9646017699115044,0.7358590924863178,1.7528937265184688,0.7786420390687339,-0.10040907757886007,0.30000040951583956,1.2241448776613169,0.19375273145892405,0.3389139718866146,4.022864680696849,0.875,Technology,Palantir Technologies Inc.,0.027999999,2026-10-05,False,not actionable today
DE,Squeeze (pre-breakout),True,65.5505798523635,,2026-11-25,False,True,strong trend structure; favourable entry timing; volatility compression; Bollinger/Keltner squeeze on,721.244218395626,660.3036053356403,8.44937283456431,812.6551379856046,904.0660575755832,0.8936,644.5038335583314,2366.940328742972,199.99161314715585,1.0,7.100820986228916,15,Buy-stop just above the 20-day high (+0.1 ATR). Let price trigger it; don't anticipate.,Stop 660.3; to breakeven at +1.0R; trail 2.5×ATR from +1.0R; scale 1/2 at T1 (+1.5R); time-stop 15 bars if < +0.5R,,682.2000122070312,17.41160373142449,2.5522725622790645,54.36420938448762,56.7618115712736,17.565581888972282,0.30600197303299576,0.9481544304787559,-0.015238858980268777,0.1328969796583277,0.19216188331705153,0.5171742860706123,1.005499884589976,855356320.5743408,1.0,0.0,0.0,1.0,0.6591766841527482,0.9203539823008849,0.40208118157277334,0.9653146024518963,0.5590391485237717,0.8984570238427736,0.7978164766445887,-0.20031561539998566,-0.7282045419016538,-0.5243971155925986,0.9696134105583754,0.8181818181818182,Industrials,Deere & Company,0.0208,2026-10-05,True,
CVX,Pullback in uptrend,True,64.93405244441381,,2026-10-30,False,True,favourable entry timing; quality/growth fundamentals,206.3729594365781,198.02096527604746,4.047039003235957,218.90095067737406,231.42894191817,6.5204,1345.6342447102638,4941.841763698444,199.99826365507977,1.0,14.825525291095335,15,"Limit near the 21-EMA, or at market on the first up-close / reclaim day.",Stop 198; to breakeven at +1.0R; trail 2.5×ATR from +1.0R; scale 1/2 at T1 (+1.5R); time-stop 15 bars if < +0.5R,55-day high sits before T1 (resistance),206.47000122070312,4.1759970802653195,2.0225684387929306,51.50675207806025,57.04833772708436,17.19910012538395,0.023237991373035106,0.9480668673799766,-0.022951002912253715,0.1968962047387517,0.056921957908766974,0.43213799500631067,0.7234281596526347,2061977027.3719788,0.0,0.0,0.0,1.0,0.42863063520747274,0.8584070796460177,0.38508854539356896,0.4858442882647488,0.5464732340565924,1.0052446687163485,0.2729452401410502,-0.6896388232267703,0.5269371786134247,-0.10509680633751722,1.8214747257271349,0.8888888888888888,Energy,Chevron Corporation,0.0106,2026-10-05,False,correlated with XOM (0.85)
CRM,Pullback in uptrend,True,63.485928070518575,,2026-12-02,False,True,strong trend structure; favourable entry timing; distribution in volume,229.7899932861328,212.4436493193953,7.548781267049336,255.80950923623908,281.82902518634535,3.1394,721.4027049224854,2649.351433827828,199.99374473509803,1.0,7.948054301483484,15,"Limit near the 21-EMA, or at market on the first up-close / reclaim day.",Stop 212.4; to breakeven at +1.0R; trail 2.5×ATR from +1.0R; scale 1/2 at T1 (+1.5R); time-stop 15 bars if < +0.5R,,229.7899932861328,8.673171983368766,3.7743906335246704,47.69443444981779,27.002080182455458,19.133643858154517,-0.5417564247203677,0.8580693505421226,-0.12946994811913815,0.3579179978777567,0.2504220725007342,0.11438598760555796,0.6966283948676703,2850391538.6289215,0.0,0.0,0.0,1.0,0.3720132233503364,0.8230088495575221,0.345700348467116,0.8624179448757606,0.6216957563174428,0.750112673476745,-0.014440926207396303,-1.4136975777501586,0.1857624545582235,0.2951352433102448,1.996086398315736,1.0,Technology,"Salesforce, Inc.",0.0454,2026-10-05,False,sector cap (Technology)
TMO,Momentum continuation,True,62.95604775379573,Earnings in 15d — binary gap risk,2026-10-21,False,True,momentum leader; strong trend structure; volume accumulation,676.760009765625,643.7404189140213,4.879069444874405,726.2893960430305,775.818782320436,0.8246,558.0563040527344,2049.461776633667,99.99466332811338,0.5,6.148385329901001,15,Half-size starter at market; add on a 2–3 day tight consolidation.,Stop 643.7; to breakeven at +1.0R; trail 2.5×ATR from +1.0R; scale 1/2 at T1 (+1.5R); time-stop 15 bars if < +0.5R,55-day high sits before T1 (resistance),676.760009765625,16.509795425801826,2.4395347224372026,64.72833889708045,78.9047307658849,41.72997618439425,1.520443896000524,0.9899507115426199,0.09515836483747098,0.3109805258305953,0.3887167506087357,0.18128604889260957,1.0331313716577675,1533372086.5856934,0.0,0.0,0.0,1.0,0.8321411231954746,0.9557522123893806,0.6202461067576927,1.9184382430536195,0.9290319091672755,-0.3295203369467614,-0.2835077468239785,1.2754609787824898,-0.5134944735842131,0.05882655559734262,0.9326794220731491,1.0,Healthcare,Thermo Fisher Scientific Inc,0.0136,2026-10-05,True,
MRVL,No clean setup,False,62.620517765670414,,2026-12-01,False,True,momentum leader; strong trend structure; volume accumulation,271.25,244.9122892416781,9.709755118275352,310.7565661374828,350.26313227496564,2.0677,560.863625,2059.7716628125,199.998784454722,1.0,6.1793149884375005,0,No actionable pattern today.,Stop 244.9; to breakeven at +1.0R; trail 2.5×ATR from +1.0R; scale 1/2 at T1 (+1.5R); time-stop 15 bars if < +0.5R,55-day high sits before T1 (resistance); Ex-dividend 2026-10-09,271.25,12.910840591881353,4.759756900232757,64.24699234482159,74.29821278867111,22.955257868632607,1.5456468612639132,0.8224715398188365,0.29890340287141126,0.17605947725191462,1.4787939740535,1.4277835110296482,0.7140190194370312,4272466185.2610016,0.0,0.0,0.0,1.0,0.7735996246772767,0.9380530973451328,0.6096584915213659,0.9904780887304051,1.5748464194406302,-0.41054302037728907,-0.3901773441879772,1.2767166461097383,-0.3008819171085872,0.20866983490403157,3.698152021676254,0.8571428571428571,Technology,"Marvell Technology, Inc.",0.0418,2026-10-05,False,max 6 positions in RISK_ON
XBI,Squeeze (pre-breakout),True,61.629174130950105,,,False,True,volatility compression; Bollinger/Keltner squeeze on,164.7574189919646,151.5414653374713,8.021461938013168,184.5813494737046,204.40527995544457,4.1206,678.8994206982893,2493.2581225144672,199.9957513139197,1.0,7.479774367543403,15,Buy-stop just above the 20-day high (+0.1 ATR). Let price trigger it; don't anticipate.,Stop 151.5; to breakeven at +1.0R; trail 2.5×ATR from +1.0R; scale 1/2 at T1 (+1.5R); time-stop 15 bars if < +0.5R,55-day high sits before T1 (resistance),156.19000244140625,4.074128884489778,2.608444087846252,47.25668474543863,68.98042515233746,11.733651960993988,-0.2748195241613498,0.9193596032876498,-0.04982359288311833,-0.04686637520364301,0.21384567020117617,0.6091794621842062,1.0073336752417519,1401044644.6292877,1.0,0.0,0.0,1.0,0.2961487103726477,0.7433628318584071,0.2961487103726477,0.13570595750594647,0.23271557599516052,0.48848589456830693,0.9081829743144421,-0.12492298818551482,,,,,ETF,State Street SPDR S&P Biotech E,,2026-10-05,False,max 6 positions in RISK_ON
MRK,Mean-reversion bounce,True,61.03263053650049,,2026-10-29,False,True,volatility compression,139.5399932861328,132.51630962710567,5.03345563778606,150.07551877467353,160.61104426321424,7.7535,1081.9233379440307,3973.3634585994523,199.99748701660536,1.0,11.92009037579836,7,Buy at market; exit on a close above the 8-EMA or after 5–7 days.,Stop 132.5; to breakeven at +1.0R; trail 2.5×ATR from +1.0R; scale 1/2 at T1 (+1.5R); time-stop 15 bars if < +0.5R,,139.5399932861328,3.5118418295135756,2.5167278188930333,38.08582179538637,5.051908584763055,24.903061513939793,-1.7444301118204637,0.8944919268024129,-0.07861579773763028,0.08927255871748052,0.1698225488269114,0.7416277161365086,0.8954470887229897,1475993046.6874695,0.0,0.0,0.0,1.0,0.3345907756465739,0.7787610619469026,0.280427520302938,0.516670987730574,0.465678560252494,0.14136332795175313,0.7338732577212697,-0.46673042056869135,-0.1528785224461491,,,,Healthcare,"Merck & Company, Inc.",0.0139999995,2026-10-05,False,max 6 positions in RISK_ON
LLY,Mean-reversion bounce,True,60.693008340980995,,,False,True,favourable entry timing; volatility compression,1143.1199951171875,1080.1067450747037,5.512391552211804,1237.6398701809132,1332.159745244639,0.8642,987.8842997802734,3628.005090943054,199.98984614695908,1.0,10.884015272829163,7,Buy at market; exit on a close above the 8-EMA or after 5–7 days.,Stop 1080; to breakeven at +1.0R; trail 2.5×ATR from +1.0R; scale 1/2 at T1 (+1.5R); time-stop 15 bars if < +0.5R,,1143.1199951171875,31.506625021241888,2.7561957761059,43.15099918837521,6.396991237109489,18.03601060334233,-0.551603350128754,0.8843228820850759,-0.014211780627558901,-0.07349059707288597,0.23695198357430125,0.42332549234779093,0.8889807634194894,2583455835.0811768,0.0,0.0,0.0,0.0,0.28152478752342874,0.7079646017699115,0.2715163123317162,0.012734926531280302,0.035804899812701005,0.6129917736756211,0.7935897247595972,0.42413881232008793,0.19144851079801606,,,,Healthcare,Eli Lilly and Company,0.0084,2026-10-05,False,max 6 positions in RISK_ON
COP,Pullback in uptrend,True,60.627713609335764,,,False,True,favourable entry timing,128.39999389648438,121.95353380195736,5.0206077889101195,138.0696840382749,147.7393741800654,8.4478,1084.6974684387208,3983.551452841202,199.99849451658758,1.0,11.950654358523607,15,"Limit near the 21-EMA, or at market on the first up-close / reclaim day.",Stop 122; to breakeven at +1.0R; trail 2.5×ATR from +1.0R; scale 1/2 at T1 (+1.5R); time-stop 15 bars if < +0.5R,,128.39999389648438,3.223230047263503,2.510303894455057,48.60857844573154,87.37910760512318,19.116943522126572,-0.20645629031506307,0.9066515910428901,-0.053934624656503005,0.19196233517655825,-0.01080984941538976,0.49923753264315995,0.9107813022075365,901855158.2137299,0.0,0.0,0.0,1.0,0.27965221682332364,0.6991150442477876,0.2698062069461717,0.20270639396873347,0.4419969074329806,0.831650699183532,0.17249646674291685,-0.6931598374515443,0.19103812792895616,,,,Energy,ConocoPhillips,0.0134000005,2026-10-05,False,max 6 positions in RISK_ON
META,Momentum continuation,True,60.58937357330673,,,False,True,strong trend structure; volume accumulation,741.9000244140625,691.8831401552686,6.741728347872234,816.9253508022533,891.9506771904441,0.5444,403.89037329101564,1483.2873959112549,99.99920685056493,0.5,4.449862187733766,15,Half-size starter at market; add on a 2–3 day tight consolidation.,Stop 691.9; to breakeven at +1.0R; trail 2.5×ATR from +1.0R; scale 1/2 at T1 (+1.5R); time-stop 15 bars if < +0.5R,55-day high sits before T1 (resistance),741.9000244140625,25.00844212939692,3.370864173936114,64.00476915887819,83.87096197090865,39.97835583391698,1.7245797252586799,0.9513734162319452,0.2158340527638385,0.2061559620191491,0.29694193615847597,-0.15787320401926697,0.8458441657164576,16698462755.829163,0.0,0.0,0.0,1.0,0.31143764383166556,0.7522123893805309,0.26880252370143326,0.9662465825706957,0.43379910264454946,-0.5423950105432107,-0.42071899224006476,0.7088217369554396,-0.07227843734042491,,,,Communication Services,"Meta Platforms, Inc.",0.014099999,2026-10-05,False,max 6 positions in RISK_ON
NOW,Squeeze (pre-breakout),True,60.280589247030626,,,False,True,strong trend structure; favourable entry timing; Bollinger/Keltner squeeze on,148.15759621183503,127.59198514526521,13.880902223309024,179.00601281168974,209.85442941154446,2.648,392.32131476893915,1440.800028488929,199.99604318795681,1.0,4.3224000854667874,15,Buy-stop just above the 20-day high (+0.1 ATR). Let price trigger it; don't anticipate.,Stop 127.6; to breakeven at +1.0R; trail 2.5×ATR from +1.0R; scale 1/2 at T1 (+1.5R); time-stop 15 bars if < +0.5R,55-day high sits before T1 (resistance),136.0800018310547,5.875888876162803,4.317966488167604,52.23244120182316,61.56097244126973,18.485876067298452,0.16072363115261043,0.7052019496734993,-0.06532038427121589,0.22893522717963277,0.3286467903132164,-0.2001428803398949,0.5465892001434975,1577071382.7201843,1.0,0.0,0.0,1.0,0.3239869077588556,0.7699115044247787,0.2607313405193118,1.1982319778025166,-0.03104486517807764,0.5573782877184779,0.1061850299304573,-0.6692089920971686,-0.24531319739703877,,,,Technology,"ServiceNow, Inc.",0.0279,2026-10-05,False,max 6 positions in RISK_ON
EEM,Momentum continuation,True,60.23514152127366,,,False,True,no dominant factor,68.7300033569336,65.8985238610151,4.119713891491985,72.97722260081134,77.2244418446891,9.6166,660.9489502822876,2427.3350199117012,99.99925800835209,0.5,7.282005059735106,15,Half-size starter at market; add on a 2–3 day tight consolidation.,Stop 65.9; to breakeven at +1.0R; trail 2.5×ATR from +1.0R; scale 1/2 at T1 (+1.5R); time-stop 15 bars if < +0.5R,55-day high sits before T1 (resistance),68.7300033569336,1.045919204377133,1.5217796497773908,58.007490879935894,93.27303498314274,9.32506712894136,1.271005297593125,0.9603186202319349,0.018674997975898,0.04580039683995407,0.2097223303034701,0.2722628753734744,0.90133354602173,1306425572.1072006,0.0,0.0,0.0,1.0,0.2595452242122814,0.6814159292035398,0.2595452242122814,0.42822794026429395,0.31671511170641004,0.09516334945400746,-0.08668390072510689,0.37205701044773326,,,,,ETF,iShares MSCI Emerging Index Fun,,2026-10-05,False,max 6 positions in RISK_ON
AMGN,Pullback in uptrend,True,59.97673100387069,,,False,True,favourable entry timing,402.9800109863281,382.84065510930475,4.997606662357911,433.1890448018632,463.39807861739826,2.704,1089.6579497070313,4001.7688202990726,199.99266517542804,1.0,12.00530646089722,15,"Limit near the 21-EMA, or at market on the first up-close / reclaim day.",Stop 382.8; to breakeven at +1.0R; trail 2.5×ATR from +1.0R; scale 1/2 at T1 (+1.5R); time-stop 15 bars if < +0.5R,,402.9800109863281,10.069677938511688,2.4988033311789555,47.80486493926802,9.515284858172478,25.338820650602013,-0.3769047785215072,0.9014607791126862,-0.0926325871007091,0.10115470378975,0.1921531859879546,0.534767900076839,1.1077701740267787,1349443765.7810974,0.0,0.0,0.0,1.0,0.41251531701915795,0.8407079646017699,0.2528097878242565,0.19371171787129943,0.4141366752475073,0.8882226269731771,0.17209041373140224,0.3729330581007286,-0.24032879774307697,-0.531695860167622,1.202916971824403,0.8,Healthcare,Amgen Inc.,0.025999999,2026-10-05,False,max 6 positions in RISK_ON
PFE,Pullback in uptrend,True,59.90938565929183,,,False,True,volume accumulation,27.40999984741211,26.357308468523556,3.8405377043004347,28.98903691574494,30.56807398407777,49.6705,1361.468397420883,4999.992689528193,192.02660445359564,1.0,14.999978068584582,15,"Limit near the 21-EMA, or at market on the first up-close / reclaim day.",Stop 26.36; to breakeven at +1.0R; trail 2.5×ATR from +1.0R; scale 1/2 at T1 (+1.5R); time-stop 15 bars if < +0.5R,size capped at 25% of capital,27.40999984741211,0.5263456894442765,1.920268852150216,42.04869793120958,1.3016846822893058,28.02361395170357,-1.1067384336838808,0.9383772922465655,-0.048594225771690036,0.1586833804187351,0.01868031000041337,0.13849735480363434,0.9159816393785404,917846389.196682,0.0,0.0,0.0,1.0,0.2816452320235371,0.7168141592920354,0.25105683192140166,-0.021689303853628033,0.288234205543127,0.4638487292323121,0.047783275855221845,0.8323985803340453,0.006349631104318143,,,,Healthcare,"Pfizer, Inc.",0.0272,2026-10-05,False,max 6 positions in RISK_ON
BRK-B,Pullback in uptrend,True,59.874892473239775,,,False,True,favourable entry timing; volume accumulation,504.260009765625,492.91938161001264,2.2489644104206032,521.2709519990435,538.281894232462,2.6999,1361.4516003662109,4999.931002344909,112.44666878832315,1.0,14.99979300703473,15,"Limit near the 21-EMA, or at market on the first up-close / reclaim day.",Stop 492.9; to breakeven at +1.0R; trail 2.5×ATR from +1.0R; scale 1/2 at T1 (+1.5R); time-stop 15 bars if < +0.5R,size capped at 25% of capital,504.260009765625,5.670314077806183,1.1244822052103018,48.74634201778938,82.76498063473052,9.698823338396386,-0.12070903702648277,0.9377394631666548,-0.007616151536022797,0.0005158923921131375,0.058524716816506395,0.024620888700748855,1.0200354613923666,2375505317.893219,0.0,0.0,0.0,1.0,0.25015937414637324,0.6460176991150443,0.25015937414637324,0.1706513310360914,-0.03066172461175265,0.7776445089341151,-0.3237751627460163,0.8939350419730285,,,,,,,,2026-10-05,False,max 6 positions in RISK_ON
XLE,Pullback in uptrend,True,59.87204107946018,,,False,True,strong trend structure; favourable entry timing,62.82910102717628,60.345502084123595,3.952943623971988,66.5544994417553,70.27989785633433,21.6694,1361.4689217982936,4999.994615304233,197.64696834461142,1.0,14.9999838459127,15,"Limit near the 21-EMA, or at market on the first up-close / reclaim day.",Stop 60.35; to breakeven at +1.0R; trail 2.5×ATR from +1.0R; scale 1/2 at T1 (+1.5R); time-stop 15 bars if < +0.5R,size capped at 25% of capital; 55-day high sits before T1 (resistance); crowd bearish on social,63.45000076293945,1.2417994715263432,1.957130743253933,55.361698104284955,95.05272011052033,17.620678362312667,0.556570187972496,0.9645935145798313,-0.01226943552864812,0.16813968427782156,0.07720260825836234,0.49411378800231853,1.0443635924927883,2201285076.663513,0.0,0.0,0.0,1.0,0.5137836885010827,0.8938053097345132,0.25008519682096136,0.87239029784949,0.571715337469028,0.6007623773422502,0.06723084610645644,-0.032173843482721086,,-1.8595027366200088,3.1575187319278517,0.0,ETF,State Street Energy Select Sect,,2026-10-05,False,max 6 positions in RISK_ON
MA,Squeeze (pre-breakout),True,59.702525530846714,,,False,True,favourable entry timing; Bollinger/Keltner squeeze on,585.4670994554634,551.6186185142424,5.781448858988517,636.2398208672951,687.0125422791266,1.6088,941.8994696039496,3459.125802120505,199.9875892176733,1.0,10.377377406361516,15,Buy-stop just above the 20-day high (+0.1 ATR). Let price trigger it; don't anticipate.,Stop 551.6; to breakeven at +1.0R; trail 2.5×ATR from +1.0R; scale 1/2 at T1 (+1.5R); time-stop 15 bars if < +0.5R,55-day high sits before T1 (resistance),564.5900268554688,9.670994554634593,1.7129233770738042,49.47100894655537,86.0590764157077,19.40157310146846,0.008864213237674827,0.9390583390656686,-0.03605879074094698,0.0637982741850196,0.12962779558743565,0.020837100905110706,1.0843016243512376,1568976230.1049805,1.0,0.0,0.0,1.0,0.25693407785030586,0.6548672566371682,0.2456784527958617,0.39076526559486224,0.13066797579830408,0.6920397792529478,0.13384034417830665,-0.2246278609407665,0.1556334523603083,,,,Financial Services,Mastercard Incorporated,0.0083,2026-10-05,False,max 6 positions in RISK_ON
ETN,Pullback in uptrend,True,59.3322392694268,,,False,True,favourable entry timing,426.99023413931627,399.8436207696824,6.3576661008075,467.7101541937671,508.4300742482179,2.006,856.5424096834683,3145.651999562537,199.99005082556073,1.0,9.436955998687614,15,"Limit near the 21-EMA, or at market on the first up-close / reclaim day.",Stop 399.8; to breakeven at +1.0R; trail 2.5×ATR from +1.0R; scale 1/2 at T1 (+1.5R); time-stop 15 bars if < +0.5R,,432.6000061035156,13.573306684816947,3.137611302198879,54.20182589470024,29.863289800523475,10.967866360766157,0.41329442371433517,0.9050209332709532,0.08934330031873161,0.09599770214832115,0.19503902535706108,0.06579139517484056,0.8400511950359971,883185920.1011658,0.0,0.0,0.0,1.0,0.3520457766206995,0.7964601769911505,0.23607322703785483,0.4843673254883539,0.18325823608850092,0.7179795111470114,0.01586966956266922,0.29664703548444965,-0.45529711143246593,-0.00033683115458186624,0.6664397047819611,1.0,Industrials,"Eaton Corporation, PLC",0.02,2026-10-05,False,max 6 positions in RISK_ON
V,Pullback in uptrend,True,58.917892800242335,,,False,True,favourable entry timing,366.9340157693177,354.6969148024394,3.3349595406743275,385.28966721963513,403.6453186699526,3.7103,1361.4352787088994,4999.871061058433,166.74367697218295,1.0,14.999613183175303,15,"Limit near the 21-EMA, or at market on the first up-close / reclaim day.",Stop 354.7; to breakeven at +1.0R; trail 2.5×ATR from +1.0R; scale 1/2 at T1 (+1.5R); time-stop 15 bars if < +0.5R,size capped at 25% of capital,369.7099914550781,6.118550483439157,1.6549594614303507,53.03331579049367,90.92072147646087,15.62942315100307,0.45369825635566274,0.9588660539775745,-0.023868009359529707,0.05166608938416539,0.22363338804740462,0.10356719474081255,0.8104172031308454,2249021958.867798,0.0,0.0,0.0,1.0,0.22535759277409798,0.6283185840707964,0.22535759277409798,0.39107826950313207,0.25032257256510976,0.6261515892127908,0.04069035186976144,-0.5850199639152026,,,,,,,,2026-10-05,False,max 6 positions in RISK_ON
NVDA,Extended (wait),False,58.81354947497027,,2026-11-17,False,True,volume accumulation; quality/growth fundamentals; new 55-day high,238.89999389648438,219.60998805493284,8.074510813888892,267.8350026588117,296.770011421139,2.8231,674.438572769165,2476.8756584947587,199.99559289174098,1.0,7.4306269754842775,15,Too far above the 21-EMA. Set an alert for a pullback toward it.,Stop 219.6; to breakeven at +1.0R; trail 2.5×ATR from +1.0R; scale 1/2 at T1 (+1.5R); time-stop 15 bars if < +0.5R,crowd euphoric on social (contrarian caution),238.89999389648438,5.9200331318311035,2.478038209744057,67.01015769085865,98.35423291780094,17.272517101876232,2.192755030196418,0.995002031751245,0.04691318234445885,0.21447884700547548,0.3479287816506984,0.210976583034725,0.954377957553771,24589363393.67073,0.0,1.0,1.0,1.0,0.384294504836356,0.831858407079646,0.4946355894667676,0.7045532429823985,0.7526712970284914,-0.8459403160690461,0.4160967486018295,0.6363850356565615,0.8156484559958787,1.0563513999809488,5.421616704741281,1.0,Technology,NVIDIA Corporation,0.0127,2026-10-05,False,max 6 positions in RISK_ON
GILD,Pullback in uptrend,True,58.29157687955378,,,False,True,favourable entry timing,144.6300048828125,137.9008348490362,4.652679116777097,154.72375993347697,164.81751498414144,8.0929,1170.4761665161134,4298.573721530426,199.99884186091424,1.0,12.89572116459128,15,"Limit near the 21-EMA, or at market on the first up-close / reclaim day.",Stop 137.9; to breakeven at +1.0R; trail 2.5×ATR from +1.0R; scale 1/2 at T1 (+1.5R); time-stop 15 bars if < +0.5R,55-day high sits before T1 (resistance),144.6300048828125,3.3645850168881504,2.3263395583885442,44.25356479114547,2.829155740156139,27.223727961251157,-0.9126074147608144,0.9360538245336233,-0.03819206159323196,0.06662219440455219,0.044747533755855606,0.3937167232659151,0.8619645946754687,878370188.0878448,0.0,0.0,0.0,1.0,0.26246707602669833,0.6902654867256637,0.20922156394096925,0.1549982133240307,0.2585959798409262,0.6232459055165299,0.49337614716139466,-0.2849947734729799,-0.21674253274486333,,,,Healthcare,"Gilead Sciences, Inc.",0.0148,2026-10-05,False,max 6 positions in RISK_ON
KO,Pullback in uptrend,True,58.08197884918056,,,False,True,no dominant factor,86.51000213623047,84.04692571186808,2.8471579742694813,90.20461677277405,93.89923140931762,15.7377,1361.4684606193543,4999.992921624578,142.3576971809438,1.0,14.999978764873738,15,"Limit near the 21-EMA, or at market on the first up-close / reclaim day.",Stop 84.05; to breakeven at +1.0R; trail 2.5×ATR from +1.0R; scale 1/2 at T1 (+1.5R); time-stop 15 bars if < +0.5R,size capped at 25% of capital,86.51000213623047,1.2315382121811946,1.4235789871347435,44.86133874998445,70.19003675995378,15.921779630983888,-0.6119222506318013,0.9409257451649256,-0.020085372143315405,0.03541010006707901,0.134266865396927,0.37110616927250706,1.1242578509946466,1402083305.2368164,0.0,0.0,0.0,1.0,0.2038372546899602,0.6017699115044248,0.2038372546899602,0.08866896845438119,0.25823727643160005,0.4398671237221163,0.0893505623572107,0.05861566159153369,,,,,,,,2026-10-05,False,max 6 positions in RISK_ON
VRTX,Pullback in uptrend,True,57.81967919301372,,,False,True,volatility compression; Bollinger/Keltner squeeze on,503.5,479.8072427834442,4.705612158203729,539.0391358248337,574.5782716496674,2.2985,1157.29475,4250.164969375,199.9962795426258,1.0,12.750494908125,15,"Limit near the 21-EMA, or at market on the first up-close / reclaim day.",Stop 479.8; to breakeven at +1.0R; trail 2.5×ATR from +1.0R; scale 1/2 at T1 (+1.5R); time-stop 15 bars if < +0.5R,,503.5,11.846378608277895,2.352806079101866,38.35759443011024,2.434196757118144,17.580179616169183,-1.2616508607252852,0.8987059348505132,-0.09760559865940566,-0.03590234561991379,0.15933689650486227,0.3647059157225201,0.8631586761259399,524040105.87280273,1.0,0.0,0.0,1.0,0.19710962969450432,0.5929203539823009,0.19710962969450432,0.10370438413486814,0.05497535657747171,0.3300018619873778,0.9556298602106085,-0.21860277534905623,,,,,,,,2026-10-05,False,max 6 positions in RISK_ON
XLV,Pullback in uptrend,True,55.67287613370148,,,False,True,favourable entry timing,167.3699951171875,162.62224066711207,2.8366819552998117,174.49162679230065,181.6132584674138,8.1344,1361.45448828125,4999.94160821289,141.83244137570225,1.0,14.999824824638672,15,"Limit near the 21-EMA, or at market on the first up-close / reclaim day.",Stop 162.6; to breakeven at +1.0R; trail 2.5×ATR from +1.0R; scale 1/2 at T1 (+1.5R); time-stop 15 bars if < +0.5R,size capped at 25% of capital,167.3699951171875,2.3738772250377207,1.418340977649908,46.833666514519614,58.02341873735195,14.275200627531689,-0.4500499204845159,0.9513620264280246,-0.030298079578650938,0.02171335083203596,0.1536199100495439,0.22552995087143746,1.0741189145280479,1371975812.0049286,0.0,0.0,0.0,1.0,0.1424351864137655,0.5663716814159292,0.1424351864137655,0.12542325127662166,0.19561942368524493,0.6089852098728191,-0.15138861350798904,-0.36250277175747136,,,,,,,,2026-10-05,False,max 6 positions in RISK_ON
SMH,Extended (wait),False,55.09197730482197,,,False,True,volume accumulation,633.9000244140625,585.2275248996474,7.678261183126616,706.9087736856852,779.9175229573078,1.1188,709.2073473144532,2604.563983012329,199.9852252973322,1.0,7.813691949036988,15,Too far above the 21-EMA. Set an alert for a pullback toward it.,Stop 585.2; to breakeven at +1.0R; trail 2.5×ATR from +1.0R; scale 1/2 at T1 (+1.5R); time-stop 15 bars if < +0.5R,55-day high sits before T1 (resistance),633.9000244140625,14.769832042035354,2.3299939222573247,69.4600898747638,98.17972067335904,19.057273954829952,2.6565471278636905,0.9435422774944143,0.1471227875859391,0.09020553978139034,0.6008384434232186,0.6388346962838856,0.6487167210302142,3612398608.394165,0.0,0.0,0.0,1.0,0.4198412833820556,0.8495575221238938,0.3894278910573479,0.6663396624985138,0.7940175115272884,-0.9758049005857476,0.2326651828222156,1.2720493312976016,,0.14612075245968573,3.1552806045669635,0.875,ETF,VanEck Semiconductor ETF,,2026-10-05,False,max 6 positions in RISK_ON
CSCO,No clean setup,False,52.0056961458556,,2026-11-12,False,True,volatility compression,112.81999969482422,103.82597640519633,7.972011446513506,126.31103462926606,139.8020695637079,6.055,683.1250981521606,2508.7769229638097,199.99998346616425,1.0,7.52633076889143,0,No actionable pattern today.,Stop 103.8; to breakeven at +1.0R; trail 2.5×ATR from +1.0R; scale 1/2 at T1 (+1.5R); time-stop 15 bars if < +0.5R,55-day high sits before T1 (resistance),112.81999969482422,2.5697209398936836,2.277717556146717,59.50140455159637,99.50125910813426,25.624232885110995,1.4444347259838182,0.8719879080646619,0.04278946764192271,0.013126102403028694,0.4132404307056903,0.6228799685603796,0.8005838527362908,2025873104.5485687,0.0,1.0,0.0,0.0,0.3559779994389649,0.8053097345132744,0.3061187526437024,0.31570584723846107,0.37892412094557043,0.0656050984513775,0.6946895252932351,0.4760048257005696,-0.15050716312052248,0.3638706940458271,2.305401127853739,1.0,Technology,"Cisco Systems, Inc.",0.0146,2026-10-05,False,max 6 positions in RISK_ON
MDT,Pullback in uptrend,True,51.81930530347838,,,False,True,no dominant factor,87.97000122070312,83.7838505317837,4.758611607173929,94.24922725408226,100.5284532874614,13.0092,1144.4193398803711,4202.880025710663,199.9987367390622,1.0,12.60864007713199,15,"Limit near the 21-EMA, or at market on the first up-close / reclaim day.",Stop 83.78; to breakeven at +1.0R; trail 2.5×ATR from +1.0R; scale 1/2 at T1 (+1.5R); time-stop 15 bars if < +0.5R,,87.97000122070312,2.0930753444597108,2.379305803586962,45.52474432815848,84.96255328315695,22.285987946045466,-0.4769182068980596,0.854751875533124,-0.04735252182894967,0.05799208396400779,0.037224157966313065,-0.0008028390701034782,2.828630305082187,1386694899.054985,0.0,0.0,0.0,1.0,0.04550272077113232,0.504424778761062,0.04550272077113232,0.10289349288018317,-0.12298127770712422,0.4963922989038085,0.11069447937566453,-0.3895949530548745,,,,,,,,2026-10-05,False,max 6 positions in RISK_ON
XLK,Extended (wait),False,51.45794081557109,,,False,True,volume accumulation,200.92999267578125,191.83865917208448,4.524627400134565,214.5669929313264,228.20399318687157,5.9901,1203.5907491271973,4420.187026169632,199.99699332326438,1.0,13.2605610785089,15,Too far above the 21-EMA. Set an alert for a pullback toward it.,Stop 191.8; to breakeven at +1.0R; trail 2.5×ATR from +1.0R; scale 1/2 at T1 (+1.5R); time-stop 15 bars if < +0.5R,55-day high sits before T1 (resistance),200.92999267578125,3.085365753068379,1.5355426594012256,70.37466250030519,97.75259700270809,17.90211780251258,2.5952142858561684,0.9977158413264744,0.08170386816504416,0.12269499700402053,0.47246922755052,0.30490653967680914,1.1324029284607782,1424692593.7852478,0.0,0.0,0.0,1.0,0.2916268501991414,0.7345132743362832,0.2916268501991414,0.6378414548165264,0.7177067121983081,-1.0559638577586292,-0.28056596406194706,1.1275768621641988,,,,,ETF,State Street Technology Select ,,2026-10-05,False,max 6 positions in RISK_ON
ADI,Extended (wait),False,51.44070254041067,,2026-11-24,False,True,volume accumulation,419.1000061035156,380.0027596515434,9.328858478306826,477.74587578147396,536.3917454594323,1.3929,583.7643985015869,2143.874753497078,199.9990417058917,1.0,6.431624260491235,15,Too far above the 21-EMA. Set an alert for a pullback toward it.,Stop 380; to breakeven at +1.0R; trail 2.5×ATR from +1.0R; scale 1/2 at T1 (+1.5R); time-stop 15 bars if < +0.5R,55-day high sits before T1 (resistance),419.1000061035156,11.170641843420642,2.6653881366590935,72.97175566338963,97.88314967855663,26.701506807976077,2.7294491208677942,0.942739344623076,0.17559609005193733,0.10908610165341259,0.2876599979597072,0.493601894946851,0.7135695476854718,1203418878.715973,0.0,0.0,0.0,1.0,0.3694938643453276,0.8141592920353983,0.2911720457397875,0.6544216057041157,0.5543437777664765,-1.043035955914353,-0.14145168928227198,1.9672538820919996,-0.019066275947256347,-0.025164181417489884,0.5547147499073837,1.0,Technology,"Analog Devices, Inc.",0.0199,2026-10-05,False,max 6 positions in RISK_ON
SPY,Momentum continuation,True,51.18645977355536,,,False,True,no dominant factor,774.8300170898438,757.0999332050197,2.288254648602257,801.4251429170797,828.0202687443158,1.5357,1189.906457244873,4369.931464231796,99.99515987101675,0.5,13.10979439269539,15,Half-size starter at market; add on a 2–3 day tight consolidation.,Stop 757.1; to breakeven at +1.0R; trail 2.5×ATR from +1.0R; scale 1/2 at T1 (+1.5R); time-stop 15 bars if < +0.5R,55-day high sits before T1 (resistance),774.8300170898438,6.760179289296272,0.8724725604574004,59.60247316703572,94.49410075459595,9.69036152276266,1.3311512274633273,0.9966435092337118,0.004635556513294725,0.038844003045465314,0.18184805746313715,0.16490195409620867,1.0798510415027545,35590588402.04956,0.0,0.0,0.0,1.0,0.029667063433012102,0.49557522123893805,0.029667063433012102,0.46607614046970575,0.3080268004241529,-0.06480310647048669,-1.109394554259647,-0.25828356057032,,,,,,,,2026-10-05,False,max 6 positions in RISK_ON
GOOGL,No clean setup,False,50.090101835869724,,,False,True,favourable entry timing; volatility compression; Bollinger/Keltner squeeze on,346.4700012207031,328.9375497811987,5.060308649445286,372.76867837995974,399.0673555392164,3.1061,1076.170470791626,3952.2360539822466,199.99534288615865,1.0,11.856708161946742,0,No actionable pattern today.,Stop 328.9; to breakeven at +1.0R; trail 2.5×ATR from +1.0R; scale 1/2 at T1 (+1.5R); time-stop 15 bars if < +0.5R,,346.4700012207031,8.766225719752214,2.530154324722643,52.44086391794103,78.393119533224,13.644125940238755,0.3400630995829482,0.848975257978643,0.012300564877448128,-0.05541041173337835,0.15637122954996552,0.39667926813162313,1.0660541568095159,9437483372.266998,1.0,0.0,0.0,0.0,0.2582733069362092,0.672566371681416,0.2557629785295961,0.12989650575158046,-0.06878062528446521,0.5236548129693848,0.7327036572359166,0.46015913050768154,0.2356803512766915,,,,Communication Services,Alphabet Inc.,0.0149,2026-10-05,False,max 6 positions in RISK_ON
LRCX,Extended (wait),False,49.55766702260943,,,False,True,volume accumulation,345.79998779296875,298.4821143861018,13.683596031586989,416.7767979032692,487.75360801356965,1.1509,397.98120595092774,1461.585978854782,199.99752100080482,1.0,4.3847579365643465,15,Too far above the 21-EMA. Set an alert for a pullback toward it.,Stop 298.5; to breakeven at +1.0R; trail 2.5×ATR from +1.0R; scale 1/2 at T1 (+1.5R); time-stop 15 bars if < +0.5R,55-day high sits before T1 (resistance),345.79998779296875,13.519392401961989,3.909598866167711,66.66541603271871,82.09783828421524,17.0165061823724,2.242514550397913,0.7894351923520715,0.1828310806198019,0.06143975332934848,0.5699578607667861,0.9980936183561608,0.8096820423175377,2868868528.969116,0.0,0.0,0.0,1.0,0.28607529810442595,0.7256637168141593,0.24191747156826854,0.5851808076117623,0.5821058906162526,-0.6850952861634992,-0.23806570736448004,0.9286846796809799,-0.1113451407209905,,,,Technology,Lam Research Corporation,0.0233,2026-10-05,False,max 6 positions in RISK_ON
ARM,No clean setup,False,49.133091749651236,,,False,True,volume accumulation,302.8999938964844,265.97080601825974,12.19187475152117,358.29377571382133,413.6875575311583,1.4746,446.6563309997558,1640.3453755966032,199.98885368510733,1.0,4.92103612678981,0,No actionable pattern today.,Stop 266; to breakeven at +1.0R; trail 2.5×ATR from +1.0R; scale 1/2 at T1 (+1.5R); time-stop 15 bars if < +0.5R,55-day high sits before T1 (resistance),302.8999938964844,18.464593939112333,6.095937375760589,56.786885435659194,59.51591365400225,19.482233443789582,0.8720065286006075,0.669096500394969,0.24860875744682875,0.008221553376558832,1.036028669742767,0.5944657368010651,0.8576915076387337,1712875150.9684753,0.0,0.0,0.0,1.0,0.23091878091688883,0.6371681415929203,0.23091878091688883,0.625446372204433,0.33865435825710016,0.2033307577390707,-1.2867846488279782,0.7316101195028667,,,,,,,,2026-10-05,False,max 6 positions in RISK_ON
TXN,Extended (wait),False,48.633692610897995,,,False,True,volume accumulation,294.8999938964844,266.78746703212596,9.532901812885916,337.068784193022,379.2375744895596,1.9371,571.2507781768799,2097.9184828545913,199.99250908491405,1.0,6.293755448563775,15,Too far above the 21-EMA. Set an alert for a pullback toward it.,Stop 266.8; to breakeven at +1.0R; trail 2.5×ATR from +1.0R; scale 1/2 at T1 (+1.5R); time-stop 15 bars if < +0.5R,55-day high sits before T1 (resistance),294.8999938964844,8.032150532673828,2.7236862322531175,71.05715035317081,97.3643574984339,19.926706461833962,2.427651097141978,0.8873750873902672,0.16180117310468778,0.01060323182766254,0.4939123270902779,0.4282769419475718,0.6988971926858017,1578809739.6995544,0.0,0.0,0.0,1.0,0.340097853426629,0.7876106194690266,0.21802673267362443,0.5162320046679175,0.3619739374313326,-0.8878248324185454,0.20036850707402462,1.914752716052659,-0.34180992174945063,-0.19870557892733695,0.9936124565547441,0.9166666666666666,Technology,Texas Instruments Incorporated,0.0241,2026-10-05,False,max 6 positions in RISK_ON
ABNB,No clean setup,False,48.32799471397932,,,False,True,favourable entry timing,164.07000732421875,147.71305550442827,9.969495391968568,188.60543505390447,213.1408627835902,3.3293,546.2382753845214,2006.060066349655,199.99406587485046,1.0,6.018180199048966,0,No actionable pattern today.,Stop 147.7; to breakeven at +1.0R; trail 2.5×ATR from +1.0R; scale 1/2 at T1 (+1.5R); time-stop 15 bars if < +0.5R,,164.07000732421875,5.147777982286952,3.137549675434845,48.37662917508426,95.67593486589175,21.10204745808398,-0.033038679366729586,0.8481130033626394,-0.11433194426872473,0.10262099435004379,0.293825490757609,0.5248168841662713,0.8368508169343467,817748730.3786469,0.0,0.0,0.0,0.0,0.21015787161700003,0.6194690265486725,0.21015787161700003,0.04696117193277396,0.3675141027668361,0.5654301176066823,-0.04189173364307621,-0.1376980706135851,,,,,,,,2026-10-05,False,max 6 positions in RISK_ON
AMZN,No clean setup,False,48.18082674975071,,,False,True,volatility compression; Bollinger/Keltner squeeze on,251.39999389648438,240.31453867486204,4.409489057580029,268.02817672891786,284.6563595613514,4.9126,1235.0276100158692,4535.638897783279,199.99850088909716,1.0,13.60691669334984,0,No actionable pattern today.,Stop 240.3; to breakeven at +1.0R; trail 2.5×ATR from +1.0R; scale 1/2 at T1 (+1.5R); time-stop 15 bars if < +0.5R,,251.39999389648438,5.542727610811166,2.2047445287900134,48.415046099155845,80.3276375652439,8.88717211690245,-0.08355782977652117,0.8753481309578077,-0.028968714472039414,0.02203430467146128,0.18144650513914806,0.1640663173128285,0.9112524381219009,8948386563.598633,1.0,0.0,0.0,0.0,0.20637558663101835,0.6106194690265486,0.20637558663101835,-0.11421832827541292,0.027651961209158138,0.4602814852564867,1.0269809839910669,0.09290823470028033,,,,,,,,2026-10-05,False,max 6 positions in RISK_ON
SHOP,Extended (wait),False,47.40473295888441,,,False,True,strong trend structure; volume accumulation; new 55-day high,160.11000061035156,136.2807728310358,14.883035218585306,195.85384227932522,231.59768394829888,2.2853,365.89938439483643,1343.7654891900368,199.9930910113483,1.0,4.031296467570111,15,Too far above the 21-EMA. Set an alert for a pullback toward it.,Stop 136.3; to breakeven at +1.0R; trail 2.5×ATR from +1.0R; scale 1/2 at T1 (+1.5R); time-stop 15 bars if < +0.5R,,160.11000061035156,6.80835079409022,4.252295776738658,67.61144546636037,99.3602712621742,16.044666460519814,2.3539527698214227,0.8788078295451157,0.09754589560762783,0.313669217414275,0.3477272432442291,-0.03582285564853027,0.7042017145063325,1470105522.5886917,0.0,1.0,1.0,1.0,0.25808615581214567,0.6637168141592921,0.18648975679634566,1.2106050954041034,0.5724977424485884,-0.968597886898804,-0.9474854953702583,0.6126170252859514,-0.38628143533005427,,,,Technology,Shopify Inc.,0.0136,2026-10-05,False,max 6 positions in RISK_ON
AMAT,No clean setup,False,47.175506369448705,,,False,True,volume accumulation,542.280029296875,475.7647204302382,12.265859938246507,642.0529925968302,741.8259558967854,0.8187,443.96465998535155,1630.4602137962036,199.98996617307688,1.0,4.891380641388611,0,No actionable pattern today.,Stop 475.8; to breakeven at +1.0R; trail 2.5×ATR from +1.0R; scale 1/2 at T1 (+1.5R); time-stop 15 bars if < +0.5R,55-day high sits before T1 (resistance),542.280029296875,19.004373961896228,3.504531410927573,69.65923514559282,99.41710922917551,20.028740606297447,2.7721102844869665,0.7339217511472943,0.24401831740759294,-0.02099209892780607,0.5414179312278355,0.9603786340823925,0.8638518477447257,2949737406.9311523,0.0,0.0,0.0,0.0,0.18063461023011376,0.584070796460177,0.18063461023011376,0.3782622112821591,0.28156128917635415,-1.0521330108199003,-0.19705212640936517,1.759900878974922,,,,,,,,2026-10-05,False,max 6 positions in RISK_ON
COST,No clean setup,False,47.08105450334289,,,False,True,favourable entry timing; volume accumulation,923.52001953125,879.2773342760881,4.790657952127347,989.8840474139928,1056.2480752967356,1.2309,1136.7607920410157,4174.75400877063,199.9981849029254,1.0,12.524262026311892,0,No actionable pattern today.,Stop 879.3; to breakeven at +1.0R; trail 2.5×ATR from +1.0R; scale 1/2 at T1 (+1.5R); time-stop 15 bars if < +0.5R,55-day high sits before T1 (resistance),923.52001953125,15.290565239397399,1.655683137996122,52.782062070744615,80.06798815915535,12.137824458329781,0.47670538317550565,0.8435825743272194,-0.002042287924409525,-0.02375903579010996,-0.0905399748949528,0.015313899584088686,1.0321744950437162,2176354102.976074,0.0,0.0,0.0,0.0,0.1782243238442278,0.5752212389380531,0.1782243238442278,-0.1899055506557871,-0.36834865104947045,0.7477324295466862,0.22276193885286508,1.3821167365161784,,,,,,,,2026-10-05,False,max 6 positions in RISK_ON
CAT,No clean setup,False,45.08687048715721,,,False,True,volatility compression; volume accumulation,848.1400146484375,788.1455762903524,7.073647902693679,938.1316721855651,1028.1233297226927,0.9077,769.8566912963867,2827.29869878598,199.99315510956015,1.0,8.481896096357941,0,No actionable pattern today.,Stop 788.1; to breakeven at +1.0R; trail 2.5×ATR from +1.0R; scale 1/2 at T1 (+1.5R); time-stop 15 bars if < +0.5R,55-day high sits before T1 (resistance),848.1400146484375,24.217743666715478,2.855394539633173,59.55585715073028,88.90462955320915,10.898771515120925,1.1718387019691994,0.7915650336995261,0.05998950073893017,-0.09616495727802155,0.18037141294421422,0.6457234520501032,0.8385646941813986,1897600485.196228,0.0,0.0,0.0,0.0,0.1276132711406425,0.5575221238938053,0.1276132711406425,0.016661454698992433,-0.12281458240616899,0.017650547396131915,0.5276870426122389,0.7404568520361406,,,,,,,,2026-10-05,False,max 6 positions in RISK_ON
QQQ,Extended (wait),False,45.03453655480325,,,False,True,volume accumulation; new 55-day high,756.2000122070312,729.2873005225529,3.5589409217187717,796.5690797337488,836.9381472604664,1.8004,1361.462501977539,4999.971038512512,177.94601536370885,1.0,14.999913115537538,15,Too far above the 21-EMA. Set an alert for a pullback toward it.,Stop 729.3; to breakeven at +1.0R; trail 2.5×ATR from +1.0R; scale 1/2 at T1 (+1.5R); time-stop 15 bars if < +0.5R,size capped at 25% of capital,756.2000122070312,9.370817441038708,1.2391982663011623,68.60352048418257,97.63921846198564,14.847400674358916,2.4576702868508007,0.9990488153049456,0.054785666518957665,0.06703690108913785,0.2877143119059711,0.1891295773541417,0.8687166306496327,24448366205.71411,0.0,1.0,1.0,1.0,0.12629138088152958,0.5486725663716814,0.12629138088152958,0.525823530374817,0.4439636049273019,-0.8784230451996862,-0.9470799364548153,1.113489478238692,,,,,,,,2026-10-05,False,max 6 positions in RISK_ON
PG,No clean setup,False,45.025327521267485,,,False,True,favourable entry timing; volume accumulation; Bollinger/Keltner squeeze on,145.94000244140625,141.30184580304532,3.1781256412018415,152.89723739894765,159.85447235648903,9.3289,1361.459688775635,4999.960707028519,158.90503328009027,1.0,14.999882121085559,0,No actionable pattern today.,Stop 141.3; to breakeven at +1.0R; trail 2.5×ATR from +1.0R; scale 1/2 at T1 (+1.5R); time-stop 15 bars if < +0.5R,size capped at 25% of capital,145.94000244140625,2.3190783191804596,1.5890628206009185,49.71918094068622,67.53077259764594,7.424175575065754,-0.05523108156469035,0.8857195281613545,-0.006670267763086657,-0.03745040481266548,0.03758897832300101,-0.005324331212244071,0.8488776729243243,1175932702.2460175,1.0,0.0,0.0,0.0,0.12605880131713562,0.5398230088495575,0.12605880131713562,-0.17352436528553114,-0.23461064217497948,0.8112673639136301,0.12458631849180678,0.600558382183344,,,,,,,,2026-10-05,False,max 6 positions in RISK_ON
QCOM,Pullback in uptrend,True,44.583857745226595,,,False,True,favourable entry timing,180.7899932861328,164.55990889331852,8.977313455135347,205.13511987535423,229.48024646457569,3.3554,606.62274347229,2227.8220254019852,199.99856644288118,1.0,6.683466076205957,15,"Limit near the 21-EMA, or at market on the first up-close / reclaim day.",Stop 164.6; to breakeven at +1.0R; trail 2.5×ATR from +1.0R; scale 1/2 at T1 (+1.5R); time-stop 15 bars if < +0.5R,,180.7899932861328,8.115042196407149,4.488656727567675,49.08498661792008,22.561131894146754,15.938653219464953,-0.32200631464512874,0.7019286867514607,0.07249205333669351,-0.0065368612819509675,0.4510881489670373,0.019132082141606555,0.8044307449654335,2823946490.453949,0.0,0.0,0.0,1.0,-0.13593691762671042,0.40707964601769914,-0.13593691762671042,-0.21574062872747612,-0.278842289660628,0.5877298370126415,-0.38588890857372216,-0.4546142063524012,,,,,,,,2026-10-05,False,max 6 positions in RISK_ON
TSM,Extended (wait),False,43.91209052751533,Earnings in 9d — binary gap risk,2026-10-15,False,True,volume accumulation; quality/growth fundamentals; new 55-day high,485.79998779296875,447.5745424490338,7.868556258635667,543.1381558088711,600.4763238247735,1.4246,692.0706626098633,2541.629508434723,199.98954775727134,1.0,7.62488852530417,15,Too far above the 21-EMA. Set an alert for a pullback toward it.,Stop 447.6; to breakeven at +1.0R; trail 2.5×ATR from +1.0R; scale 1/2 at T1 (+1.5R); time-stop 15 bars if < +0.5R,,485.79998779296875,10.921555812552844,2.2481589310387626,75.79375330023183,99.41076387171498,19.486360686567767,3.5439812825736343,0.9965741206155202,0.1680852631313241,0.12606799546989245,0.42861653163397784,0.4588039541353186,0.899495106381063,4467711795.150604,0.0,1.0,1.0,1.0,0.3206966073689007,0.7610619469026548,0.3572191637731776,0.6820653662818008,0.7690583138412126,-1.3873098331864901,-0.12203266777547137,1.481793759339779,0.6493996150073923,,,,Technology,Taiwan Semiconductor Manufactur,0.0057,2026-10-05,False,max 6 positions in RISK_ON
HON,No clean setup,False,43.88234211290847,,,False,True,volatility compression; volume accumulation,214.13999938964844,205.43054501825924,4.067177732424247,227.20418094673224,240.26836250381604,6.2528,1338.9745881835936,4917.384175104247,199.9987541875937,1.0,14.752152525312745,0,No actionable pattern today.,Stop 205.4; to breakeven at +1.0R; trail 2.5×ATR from +1.0R; scale 1/2 at T1 (+1.5R); time-stop 15 bars if < +0.5R,,214.13999938964844,4.237841899619345,1.979005282384531,52.9414511077784,89.64842160307168,20.329407422453922,0.5377489581032251,0.8297228989416815,0.03135382340577508,-0.045623065464198476,-0.0976702859826043,0.01495985806476452,0.6623418743625723,607754100.9325409,0.0,0.0,0.0,0.0,0.09725431785362276,0.5309734513274337,0.09725431785362276,-0.16221222482095202,-0.44125990066541315,0.4891371178652889,0.6480676508057129,0.8238354165307724,,,,,,,,2026-10-05,False,max 6 positions in RISK_ON
UNH,No clean setup,False,43.63206997066809,,,False,True,favourable entry timing; volatility compression,378.5799865722656,360.3950635235982,4.80345599177525,405.85737114526677,433.1347557182679,2.9947,1133.733485787964,4163.6362265562975,199.99843380024336,1.0,12.490908679668895,0,No actionable pattern today.,Stop 360.4; to breakeven at +1.0R; trail 2.5×ATR from +1.0R; scale 1/2 at T1 (+1.5R); time-stop 15 bars if < +0.5R,,378.5799865722656,8.819770319669752,2.329697985233084,48.07911450014722,85.99082922471575,32.40899754726182,0.036061129311636075,0.8251616483751755,-0.04995481941205271,-0.11041564390319669,0.3615535394406608,0.1565560709543874,0.9197978905973015,1928963846.29776,0.0,0.0,0.0,0.0,0.09096197024681256,0.5221238938053098,0.09096197024681256,-0.36976668575666105,-0.2040726153202953,0.8005142785748377,0.6672952902180073,0.10934396370829715,,,,,,,,2026-10-05,False,max 6 positions in RISK_ON
BLK,No clean setup,False,42.40663009649362,,,False,True,volatility compression; Bollinger/Keltner squeeze on,1066.449951171875,1018.6935841864833,4.47806921768005,1138.0845016499625,1209.71905212805,1.1403,1216.072879321289,4466.027649307434,199.9918094167161,1.0,13.398082947922305,0,No actionable pattern today.,Stop 1019; to breakeven at +1.0R; trail 2.5×ATR from +1.0R; scale 1/2 at T1 (+1.5R); time-stop 15 bars if < +0.5R,,1066.449951171875,23.878183492695815,2.239034608840024,45.469176058500835,66.73453635638339,21.103112039230847,-0.42773805717016955,0.8928640614144427,-0.048152820995563506,0.06190896813200286,0.12356893425764182,-0.01395561902154896,0.8950273584646264,573184367.5201416,1.0,0.0,0.0,0.0,0.06021228005468682,0.5132743362831859,0.06021228005468682,-0.4192645240955987,0.011336139008587598,0.44833337774392645,0.6606612488799308,-0.04127437438859755,,,,,,,,2026-10-05,False,max 6 positions in RISK_ON
ASML,Extended (wait),False,42.36679014054152,Earnings in 8d — binary gap risk,2026-10-14,False,True,volume accumulation,1859.8599853515625,1687.1191524636397,9.28784071104526,2118.9712346834467,2378.082484015331,0.3152,586.2278673828125,2152.921842963379,199.95995140773854,1.0,6.4587655288901376,15,Too far above the 21-EMA. Set an alert for a pullback toward it.,Stop 1687; to breakeven at +1.0R; trail 2.5×ATR from +1.0R; scale 1/2 at T1 (+1.5R); time-stop 15 bars if < +0.5R,55-day high sits before T1 (resistance),1859.8599853515625,49.35452368226368,2.653668774584361,63.666886048228534,75.4629927351044,18.05950266931085,2.0600073500949243,0.9311512939256924,0.1297967133505784,0.06580817517451631,0.43122597553873043,0.6085041730424547,1.0085221959759814,2358289265.405884,0.0,0.0,0.0,1.0,0.45318327734914693,0.8761061946902655,0.31571626431526323,0.6207948301973624,0.6005697503657941,-0.3305844276735514,0.33783377864603886,1.0404950453482538,-0.1897888137262745,-0.2785147619142694,1.8543122212941539,0.8333333333333334,Technology,ASML Holding N.V. - New York Re,0.0038,2026-10-05,False,max 6 positions in RISK_ON
DHR,No clean setup,False,42.24651998275916,Earnings in 15d — binary gap risk,2026-10-21,False,True,strong trend structure; volume accumulation,221.2100067138672,208.90524184716452,5.562481123477724,239.6671540139212,258.1243013139752,4.4258,979.0312477142334,3595.492257230522,199.99857810455092,1.0,10.786476771691566,0,No actionable pattern today.,Stop 208.9; to breakeven at +1.0R; trail 2.5×ATR from +1.0R; scale 1/2 at T1 (+1.5R); time-stop 15 bars if < +0.5R,55-day high sits before T1 (resistance),221.2100067138672,6.152382433351329,2.78124056173886,57.85187589258994,73.48016431667483,26.573191307751937,0.8907267206380236,0.9165367628729147,0.05009729387995998,0.1411608950369816,0.15584938896857814,0.0089475643975645,1.0456248879370087,945991464.5631409,0.0,0.0,0.0,1.0,0.4311832602890333,0.8672566371681416,0.3125156078483541,1.0539909321308667,0.2358073746470501,0.1674681617580755,-0.4209865361425437,0.9217500749383385,-0.2950366949565983,-0.02927330887212835,0.5362233654228603,1.0,Healthcare,Danaher Corporation,0.013300001,2026-10-05,False,max 6 positions in RISK_ON
AVGO,No clean setup,False,40.070660668145024,,,False,True,volatility compression,362.510009765625,340.61180971087947,6.040715970547533,395.3573098477433,428.2046099298616,2.4869,901.5261432861328,3310.8547612183224,199.99933232254858,1.0,9.932564283654969,0,No actionable pattern today.,Stop 340.6; to breakeven at +1.0R; trail 2.5×ATR from +1.0R; scale 1/2 at T1 (+1.5R); time-stop 15 bars if < +0.5R,,362.510009765625,10.712795336169645,2.955172284234532,52.248682142624986,84.12220921065264,20.13152405959315,0.5470781829451418,0.7348381794544057,0.01682755890912513,-0.020523952114324007,0.15683908758472587,0.06204262372341929,0.9487736230476275,8664891766.000824,0.0,0.0,0.0,0.0,0.0017665178796395875,0.48672566371681414,0.0017665178796395875,-0.35110408822885847,-0.40423720841938016,0.4940104617578607,0.8258419963953648,0.16007565151112824,,,,,,,,2026-10-05,False,max 6 positions in RISK_ON
KLAC,No clean setup,False,39.8308588507292,,,False,True,volume accumulation,206.85000610351562,180.207573489335,12.880073400069291,246.81365502478656,286.7773039460575,2.044,422.80141247558595,1552.7381873165893,199.9938182372821,1.0,4.658214561949769,0,No actionable pattern today.,Stop 180.2; to breakeven at +1.0R; trail 2.5×ATR from +1.0R; scale 1/2 at T1 (+1.5R); time-stop 15 bars if < +0.5R,55-day high sits before T1 (resistance),206.85000610351562,7.612123604051603,3.6800209714483674,67.19154681149753,95.4115812329353,15.63243695905776,2.2106354798546537,0.6737281177768686,0.19607958357464694,-0.04336031273847851,0.3463638917908991,0.52619195326596,0.7646500900501729,1718803881.6561127,0.0,0.0,0.0,0.0,-0.004228544861591306,0.4778761061946903,-0.004228544861591306,0.1548527117235173,-0.22137674675128133,-0.5653860716169887,-0.10494359106144602,1.1629307830253672,,,,,,,,2026-10-05,False,max 6 positions in RISK_ON
PGR,No clean setup,False,38.95001024646766,,,False,True,favourable entry timing,212.6199951171875,199.7368825972614,6.05921964809822,231.94466389707665,251.2693326769658,4.2271,898.7659813598633,3300.718066544098,199.99775761636764,1.0,9.902154199632294,0,No actionable pattern today.,Stop 199.7; to breakeven at +1.0R; trail 2.5×ATR from +1.0R; scale 1/2 at T1 (+1.5R); time-stop 15 bars if < +0.5R,55-day high sits before T1 (resistance),212.6199951171875,4.5047553935444355,2.118688503901807,50.443029684066175,82.0744679544077,13.809117543375512,0.1976188192345211,0.8886398273630157,-0.049794036155558885,-0.09248032528890415,0.08370030211442758,-0.02128026933423821,1.0923766232529497,614312637.9966736,0.0,0.0,0.0,0.0,-0.026253603496639397,0.4690265486725664,-0.026253603496639397,-0.1514245239555047,-0.3067830247985386,0.9070448505931149,-0.06604077986981052,-0.43474871408562105,,,,,,,,2026-10-05,False,max 6 positions in RISK_ON
UNP,No clean setup,False,38.60718046105772,,,False,True,favourable entry timing,277.05999755859375,267.15981634386833,3.5732986724767772,291.9102693806819,306.76054120277,4.9139,1361.4451220031738,4999.907210556656,178.66161797989164,1.0,14.99972163166997,0,No actionable pattern today.,Stop 267.2; to breakeven at +1.0R; trail 2.5×ATR from +1.0R; scale 1/2 at T1 (+1.5R); time-stop 15 bars if < +0.5R,size capped at 25% of capital,277.05999755859375,4.950090607362723,1.786649336238393,42.92760241450513,66.88630182025011,30.877453292714858,-0.5094917304640857,0.8808688292645437,-0.0418121964139444,-0.01686299369901012,0.13949608119844426,0.25892907147196786,0.9954237529609399,705174903.8809204,0.0,0.0,0.0,0.0,-0.0348294993194851,0.46017699115044247,-0.0348294993194851,-0.5549582161095136,-0.01186176028432559,0.6790092853305096,0.2369678865056294,-0.3945469761274334,,,,,,,,2026-10-05,False,max 6 positions in RISK_ON
LIN,No clean setup,False,37.24089865393669,,,False,True,volume accumulation,482.3800048828125,453.1833793670165,6.052619349943596,526.1749431565065,569.9698814302004,1.8652,899.7351851074219,3304.2774673070066,199.99533736205007,1.0,9.91283240192102,0,No actionable pattern today.,Stop 453.2; to breakeven at +1.0R; trail 2.5×ATR from +1.0R; scale 1/2 at T1 (+1.5R); time-stop 15 bars if < +0.5R,55-day high sits before T1 (resistance),482.3800048828125,8.346438586621451,1.7302621381765404,58.88360684928229,86.29249438982072,20.099569746342414,1.1574148017603538,0.8828320893696481,0.00039404060732128876,-0.10081455933074046,-0.02797172952785998,0.04100534312046711,1.1291173723317094,1005635641.2510681,0.0,0.0,0.0,0.0,-0.06904767533388867,0.45132743362831856,-0.06904767533388867,-0.13722448414754446,-0.3748289870372807,0.11689948337550815,-0.14754411533384595,0.6313349234877649,,,,,,,,2026-10-05,False,max 6 positions in RISK_ON
REGN,No clean setup,False,36.99735742509867,,,False,True,distribution in volume,726.469970703125,684.2063010461152,5.817676072158121,789.8654751886397,853.2609796741544,1.2885,936.0565572509765,3437.6677065042113,199.99237160160237,1.0,10.313003119512635,0,No actionable pattern today.,Stop 684.2; to breakeven at +1.0R; trail 2.5×ATR from +1.0R; scale 1/2 at T1 (+1.5R); time-stop 15 bars if < +0.5R,,726.469970703125,21.131834828504918,2.9088380360790618,32.905163973432366,6.938686119273925,21.326538269048477,-2.164892930046571,0.8453812786557294,-0.1387127035506286,0.07554866384190739,-0.04539131309338307,0.41299198138942894,1.0611237411322763,590951893.5839844,0.0,0.0,0.0,0.0,-0.07515649817592704,0.4424778761061947,-0.07515649817592704,0.5040688286089285,0.040190857683839,-0.3694064579492234,-0.23396242898250488,-0.9217946709285308,,,,,,,,2026-10-05,False,max 6 positions in RISK_ON
JPM,No clean setup,False,36.961312218653745,,,False,True,no dominant factor,332.3800048828125,319.93046711864514,3.745573614922084,351.0543115290635,369.7286181753146,4.0961,1361.4617380004881,4999.968232806793,187.27749088249723,1.0,14.99990469842038,0,No actionable pattern today.,Stop 319.9; to breakeven at +1.0R; trail 2.5×ATR from +1.0R; scale 1/2 at T1 (+1.5R); time-stop 15 bars if < +0.5R,size capped at 25% of capital,332.3800048828125,6.224768882083667,1.8727868074610379,34.50131263628788,34.75244072851784,25.1632037112684,-1.5785729112025657,0.9069031511127217,-0.081975343522942,-0.020163894561866957,0.13006376500743722,0.19976089691768983,1.0579468558307534,2899904536.2065125,0.0,0.0,0.0,0.0,-0.0760609293400339,0.4336283185840708,-0.0760609293400339,-0.4140282309372602,0.0004779517367647368,0.024183833702884298,-0.1947987677238011,0.3768971649818122,,,,,,,,2026-10-05,False,max 6 positions in RISK_ON
XLI,No clean setup,False,36.14777420982245,,,False,True,favourable entry timing,170.10000610351562,165.31316884522664,2.814131150222251,177.2802619909491,184.46051787838257,8.0039,1361.4634388519287,4999.974479183708,140.70583932187148,1.0,14.999923437551127,0,No actionable pattern today.,Stop 165.3; to breakeven at +1.0R; trail 2.5×ATR from +1.0R; scale 1/2 at T1 (+1.5R); time-stop 15 bars if < +0.5R,size capped at 25% of capital,170.10000610351562,2.3934186291444965,1.4070655751111283,45.07431781315052,79.30322799947324,28.704459589244436,-0.25995795774472047,0.9063030389771163,-0.02293094230145587,-0.06482524354431196,0.03867800412949007,0.14190781566255195,1.0342115204785045,1264369157.4906158,0.0,0.0,0.0,0.0,-0.09649687849145173,0.4247787610619469,-0.09649687849145173,-0.6209921619862094,-0.1688984727213099,0.6236718336627128,-0.04381519315556546,0.0005629205055760188,,,,,,,,2026-10-05,False,max 6 positions in RISK_ON
MELI,No clean setup,False,34.857952055759036,,,False,True,no dominant factor,1860.6099853515625,1652.4814275699232,11.186038956053082,2172.802822024021,2484.9956586964804,0.2616,486.73557216796877,1787.5363887868652,199.9545168033232,1.0,5.362609166360596,0,No actionable pattern today.,Stop 1652; to breakeven at +1.0R; trail 2.5×ATR from +1.0R; scale 1/2 at T1 (+1.5R); time-stop 15 bars if < +0.5R,55-day high sits before T1 (resistance),1860.6099853515625,63.834055345307576,3.4308133272350534,55.10779773368192,93.12973401424941,23.77765892650081,0.9379476806549232,0.766313832517118,-0.06551789971334265,0.02591516388838655,0.08784063720907431,-0.11374522743459792,1.279590647534416,1260825984.5239258,0.0,0.0,0.0,0.0,-0.1290072934785709,0.415929203539823,-0.1290072934785709,0.13234788434074493,-0.38599091789434803,0.20150783765162308,-0.6653332027004315,0.03129462444880998,,,,,,,,2026-10-05,False,max 6 positions in RISK_ON
TSLA,No clean setup,False,34.57993544740524,,,False,True,Bollinger/Keltner squeeze on,378.7300109863281,342.69356392726576,9.515075651177602,432.7846815749217,486.83935216351523,1.5112,572.336792602539,2101.9068708328246,199.99802887704317,1.0,6.305720612498475,0,No actionable pattern today.,Stop 342.7; to breakeven at +1.0R; trail 2.5×ATR from +1.0R; scale 1/2 at T1 (+1.5R); time-stop 15 bars if < +0.5R,55-day high sits before T1 (resistance),378.7300109863281,12.745763822187014,3.3653957839235313,58.771516795035026,94.17072179892779,17.837217497379026,1.1468854328953577,0.7592366561376747,0.006270467624300835,-0.0599900304698594,0.07343688885052302,-0.13676606624498278,1.0752229179287993,13543779954.740448,1.0,0.0,0.0,0.0,-0.13603614017700022,0.39823008849557523,-0.13603614017700022,0.1146466695856557,-0.5770383494870241,-0.06758176862943062,0.25561999764210036,-0.029233931567707244,,,,,,,,2026-10-05,False,max 6 positions in RISK_ON
ACN,No clean setup,False,33.959473498648755,,,False,True,no dominant factor,195.0500030517578,169.69046750677964,13.001556087260788,233.08930636922508,271.12860968669236,2.1474,418.85037655334474,1538.2280078921585,199.9935771960533,1.0,4.614684023676476,0,No actionable pattern today.,Stop 169.7; to breakeven at +1.0R; trail 2.5×ATR from +1.0R; scale 1/2 at T1 (+1.5R); time-stop 15 bars if < +0.5R,55-day high sits before T1 (resistance),195.0500030517578,9.678132414287667,4.961872475192687,56.35323140621219,43.38692859354992,18.81751364126994,0.8627757077665112,0.683875503130722,0.009993827585792703,0.38873872860867853,0.0005996805043797515,-0.19333909293038676,1.9967192786349608,1326756999.0344238,0.0,0.0,0.0,1.0,-0.1517543524299124,0.3893805309734513,-0.1517543524299124,0.47306000685177774,0.008187418358157117,0.11863847610013853,-1.730963287313202,-0.6276178058752532,,,,,,,,2026-10-05,False,max 6 positions in RISK_ON
ISRG,No clean setup,False,32.980941958828055,,,False,True,weak momentum; volume accumulation,406.4800109863281,382.92414447908095,5.795086073258218,441.8138107471989,477.14761050806965,2.3119,939.741137399292,3451.1993270989,199.99997156508965,1.0,10.353597981296703,0,No actionable pattern today.,Stop 382.9; to breakeven at +1.0R; trail 2.5×ATR from +1.0R; scale 1/2 at T1 (+1.5R); time-stop 15 bars if < +0.5R,55-day high sits before T1 (resistance),406.4800109863281,11.777933253623582,2.8975430366291075,59.17875182347192,68.52370698866989,14.253926822866688,1.0824868774919523,0.6731138764318064,0.099099655908786,-0.048724496609927614,-0.10186039364022226,-0.1651881934497944,0.6758250746188453,926673681.2332153,0.0,0.0,0.0,0.0,-0.17664297272747864,0.3805309734513274,-0.17664297272747864,-0.26749103344997205,-0.8599291995740131,-0.011081102899610848,-0.448419885630892,1.736702823995456,,,,,,,,2026-10-05,False,max 6 positions in RISK_ON
TJX,No clean setup,False,32.29830651832398,,,False,True,no dominant factor,134.41000366210938,127.8441717341381,4.884928018064033,144.2587515540663,154.1074994460232,8.2942,1114.8234523742676,4094.1891288444976,199.99819186745663,1.0,12.282567386533493,0,No actionable pattern today.,Stop 127.8; to breakeven at +1.0R; trail 2.5×ATR from +1.0R; scale 1/2 at T1 (+1.5R); time-stop 15 bars if < +0.5R,,134.41000366210938,2.9033423603226227,2.160064192559117,52.75038441654101,77.42854474233307,28.503243660484387,0.7176432061941885,0.7931417500067791,0.016794017548241946,-0.1250788390051396,-0.164035836197718,-0.06096749612765251,1.0859101975747856,1206309962.2313309,0.0,0.0,0.0,0.0,-0.19408717039339513,0.37168141592920356,-0.19408717039339513,-0.24893520309466613,-0.7405631185722826,0.4264884200713638,-0.13329180775523564,0.290140017121068,,,,,,,,2026-10-05,False,max 6 positions in RISK_ON
SNPS,Extended (wait),False,31.851298444615068,,,False,True,volume accumulation,488.4700012207031,420.0005323035882,14.01712873789739,591.1742045963755,693.8784079720479,0.7953,388.4801919708252,1426.6935050128557,199.9814652928725,1.0,4.280080515038568,15,Too far above the 21-EMA. Set an alert for a pullback toward it.,Stop 420; to breakeven at +1.0R; trail 2.5×ATR from +1.0R; scale 1/2 at T1 (+1.5R); time-stop 15 bars if < +0.5R,55-day high sits before T1 (resistance),488.4700012207031,19.562705404889982,4.004893925113541,73.38162423493438,88.43048534707302,22.359938508880372,3.038827188817115,0.9054460200659815,0.1733323823239512,0.1187275170239479,0.23018609366245513,-0.11639604594782071,1.8653036787456934,1006246962.1710205,0.0,0.0,0.0,1.0,-0.20555045429837168,0.36283185840707965,-0.20555045429837168,0.28493229259632075,0.1583207636632856,-1.3444090474751538,-1.7050025596595666,1.1115460021344685,,,,,,,,2026-10-05,False,max 6 positions in RISK_ON
JNJ,No clean setup,False,31.85020934973555,,,False,True,distribution in volume,252.92999267578125,242.85209383061397,3.9844617629375634,268.0468409435322,283.1636892112831,5.3827,1361.4462715759278,4999.9114323625945,199.2195592032314,1.0,14.999734297087787,0,No actionable pattern today.,Stop 242.9; to breakeven at +1.0R; trail 2.5×ATR from +1.0R; scale 1/2 at T1 (+1.5R); time-stop 15 bars if < +0.5R,size capped at 25% of capital,252.92999267578125,5.038949422583648,1.9922308814687841,29.5698425577188,0.6636891450535529,16.61043355366797,-2.4539748108385138,0.89988254201745,-0.09158496092658219,-0.048879479702816475,0.060875735991253954,0.53083454245952,1.2133376861283507,1826210056.735077,0.0,0.0,0.0,1.0,-0.20557842467789472,0.35398230088495575,-0.20557842467789472,0.10306248842755616,0.052401341143769764,-0.7298601403205021,0.22654472886610302,-1.1135102455230443,,,,,,,,2026-10-05,False,max 6 positions in RISK_ON
ABT,No clean setup,False,30.75808282505789,,,False,True,no dominant factor,100.0999984741211,94.46750722747764,5.626864468034557,108.54873534408628,116.99747221405146,9.6686,967.8268452468872,3554.344089169193,199.99812462514785,1.0,10.663032267507582,0,No actionable pattern today.,Stop 94.47; to breakeven at +1.0R; trail 2.5×ATR from +1.0R; scale 1/2 at T1 (+1.5R); time-stop 15 bars if < +0.5R,,100.0999984741211,2.369961324464425,2.3675937668242146,40.86149817493781,78.35955669210537,31.329928191517475,-0.8870032799922114,0.7565465267491285,-0.07987868708773904,0.05189842779339249,-0.008343925489068926,-0.16306071138286782,1.0592376469440743,925119715.0511932,0.0,0.0,0.0,0.0,-0.23373448760502225,0.34513274336283184,-0.23373448760502225,-0.6292376792961539,-0.44483547260362355,0.14870511749385817,0.32890807419743556,-0.05127761117703416,,,,,,,,2026-10-05,False,max 6 positions in RISK_ON
SBUX,No clean setup,False,30.670736259097517,,,False,True,volatility compression,94.43000030517578,90.45161453090466,4.213052802513927,100.39757896658246,106.36515762798913,13.6886,1292.6145021774291,4747.126759246608,199.99895696932776,1.0,14.241380277739827,0,No actionable pattern today.,Stop 90.45; to breakeven at +1.0R; trail 2.5×ATR from +1.0R; scale 1/2 at T1 (+1.5R); time-stop 15 bars if < +0.5R,,94.43000030517578,1.989192887135556,2.1065264012569602,34.306991708343375,32.78877905697382,37.178217071077526,-1.3015310756732534,0.8594014171431738,-0.10763560217819146,-0.08336595001793334,0.007903700231049138,0.25138854566774915,0.9320397067568919,697755057.7991867,0.0,0.0,0.0,0.0,-0.23599615476992972,0.336283185840708,-0.23599615476992972,-0.733883901946857,-0.26479717365505095,0.11120653875983282,0.7163878622187453,-0.6414061704865905,,,,,,,,2026-10-05,False,max 6 positions in RISK_ON
CDNS,No clean setup,False,30.32931938760744,,,False,True,volume accumulation,353.4800109863281,311.0642215543082,11.999487414766573,417.1036951343581,480.727379282388,1.2839,453.8329861053467,1666.7016414718858,199.99565371012685,1.0,5.000104924415658,0,No actionable pattern today.,Stop 311.1; to breakeven at +1.0R; trail 2.5×ATR from +1.0R; scale 1/2 at T1 (+1.5R); time-stop 15 bars if < +0.5R,55-day high sits before T1 (resistance),353.4800109863281,12.11879698057713,3.4284249756475935,71.53264427810872,98.17969555265823,27.148901043284884,2.7223837491345177,0.8483045163437379,0.159406997261746,-0.04737774669307915,0.2651848400205701,-0.12199051532909844,1.0385708791989576,821771271.2997437,0.0,0.0,0.0,0.0,-0.24485128442661683,0.3274336283185841,-0.24485128442661683,-0.1210264867487804,-0.24091260624077634,-1.1908026362751793,-1.0681903304552045,1.73991849855454,,,,,,,,2026-10-05,False,max 6 positions in RISK_ON
EFA,No clean setup,False,29.74869364716055,,,False,True,distribution in volume,104.02999877929688,101.67696038997757,2.261884472681153,107.55955636327585,111.0891139472548,13.0872,1361.461400024414,4999.96699158966,113.0934770219495,1.0,14.999900974768982,0,No actionable pattern today.,Stop 101.7; to breakeven at +1.0R; trail 2.5×ATR from +1.0R; scale 1/2 at T1 (+1.5R); time-stop 15 bars if < +0.5R,size capped at 25% of capital,104.02999877929688,1.1765191946596572,1.130942236340579,42.62760219276324,61.87417681205924,22.39866487592872,-0.9883063555080112,0.9553677965139783,-0.03862859569856125,-0.0012481267112300909,0.07296394346287638,0.18691492352958905,1.7211466265988493,1539272883.6127853,0.0,0.0,0.0,0.0,-0.25996704875161775,0.3185840707964602,-0.25996704875161775,-0.4827333757515419,0.09144241649561746,0.35729112565979054,-0.8931628300404829,-0.9856495381981043,,,,,,,,2026-10-05,False,max 6 positions in RISK_ON
SCHW,No clean setup,False,29.151825901042983,,,False,True,no dominant factor,97.95999908447266,93.6296134482769,4.42056520688775,104.45557753876629,110.95115599305993,12.5759,1231.9351524864198,4524.281847506377,199.99882921240518,1.0,13.572845542519133,0,No actionable pattern today.,Stop 93.63; to breakeven at +1.0R; trail 2.5×ATR from +1.0R; scale 1/2 at T1 (+1.5R); time-stop 15 bars if < +0.5R,,97.95999908447266,2.165192818097878,2.2102826034438747,35.11303211921731,58.28666332605139,28.37208705471091,-1.803359102566023,0.8553217508824464,-0.11252037033875462,-0.0361458815955531,0.06030953396487626,0.20594168376741684,0.9853631825590872,875874976.7718124,0.0,0.0,0.0,0.0,-0.27558422027946033,0.30973451327433627,-0.27558422027946033,-0.3807390306607513,-0.17620182809131207,-0.19307888045055546,-0.11091177341649137,-0.6021610365935751,,,,,,,,2026-10-05,False,max 6 positions in RISK_ON
GE,No clean setup,False,29.07749028699194,,,False,True,volatility compression,306.3399963378906,289.9516492203323,5.3497249178922495,330.9225170142281,355.50503769056564,3.323,1017.9678078308106,3738.4867742586516,199.99875851462124,1.0,11.215460322775957,0,No actionable pattern today.,Stop 290; to breakeven at +1.0R; trail 2.5×ATR from +1.0R; scale 1/2 at T1 (+1.5R); time-stop 15 bars if < +0.5R,,306.3399963378906,8.194173558779172,2.6748624589461256,32.98288043067184,2.7795722240157517,24.2820369741834,-1.6622324212670072,0.7890284833948241,-0.07998739240329056,-0.16397129560788293,0.064076533506783,0.11793118096551725,1.0687231841296005,1445819851.3171387,0.0,0.0,0.0,0.0,-0.2775350742583553,0.3008849557522124,-0.2775350742583553,-0.607188379148894,-0.5853160706931356,-0.18765743902334958,0.913417543341242,-0.17454504384243308,,,,,,,,2026-10-05,False,max 6 positions in RISK_ON
WMT,No clean setup,False,28.849105159775263,,,False,True,no dominant factor,105.06999969482422,100.79351375453598,4.070130344255536,111.48472860525658,117.89945751568894,12.7344,1338.0034041137696,4913.8175016078185,199.99877719427909,1.0,14.741452504823458,0,No actionable pattern today.,Stop 100.8; to breakeven at +1.0R; trail 2.5×ATR from +1.0R; scale 1/2 at T1 (+1.5R); time-stop 15 bars if < +0.5R,,105.06999969482422,2.1382429701441197,2.035065172127768,43.14114964711626,64.90892053208057,11.236779120930372,-0.8057145247816063,0.7792359948863987,-0.030898344684538448,-0.055750982783167924,-0.16773768414505552,0.07505261853525069,0.9756638932915304,2380849473.3241653,0.0,0.0,0.0,0.0,-0.28353715763496157,0.2920353982300885,-0.28353715763496157,-0.8533151275485362,-0.5787465134756611,0.35130655802853633,0.4940203674667364,-0.13578092680300846,,,,,,,,2026-10-05,False,max 6 positions in RISK_ON
IWM,No clean setup,False,28.594111764696812,,,False,True,no dominant factor,283.3800048828125,274.5375915385135,3.120337776815151,296.643624899261,309.90724491570955,4.8043,1361.442557458496,4999.897792266326,156.0136996142329,1.0,14.99969337679898,0,No actionable pattern today.,Stop 274.5; to breakeven at +1.0R; trail 2.5×ATR from +1.0R; scale 1/2 at T1 (+1.5R); time-stop 15 bars if < +0.5R,size capped at 25% of capital,283.3800048828125,3.649682674071036,1.2879111479937715,44.49781016679291,92.2021871610152,37.05687137567267,-0.3422086330285095,0.9309919567476781,-0.03750087197951735,-0.040750408743722155,0.12852987039061348,0.21880318989340708,1.2302679034469988,7029197881.611633,0.0,0.0,0.0,0.0,-0.2902537564213859,0.2831858407079646,-0.2902537564213859,-0.6818271668680586,0.020977825959445473,0.35190477124287567,-0.7754318141694392,-0.7632456252284577,,,,,,,,2026-10-05,False,max 6 positions in RISK_ON
XLB,No clean setup,False,28.398327431947322,,,False,True,distribution in volume,49.5,47.61262876866001,3.8128711744242234,52.33105684700999,55.16211369401997,27.5044,1361.4678000000001,4999.9904955,190.6431963268704,1.0,14.999971486500003,0,No actionable pattern today.,Stop 47.61; to breakeven at +1.0R; trail 2.5×ATR from +1.0R; scale 1/2 at T1 (+1.5R); time-stop 15 bars if < +0.5R,size capped at 25% of capital,49.5,0.7894904185240188,1.594930138432361,42.614059792511384,86.11490863959258,19.994055950808875,-0.660243251590449,0.9176563924979793,-0.05496391040656834,-0.03459911744362343,-0.006098463297545265,0.18884159783836085,1.3206802911582547,587707880.579052,0.0,0.0,0.0,0.0,-0.2954219500401713,0.2743362831858407,-0.2954219500401713,-0.5118339104841104,-0.09633556912532609,0.22324998788661413,-0.47948506968124094,-0.9542587686885143,,,,,,,,2026-10-05,False,max 6 positions in RISK_ON
XLP,No clean setup,False,28.39610379094153,,,False,True,no dominant factor,81.04000091552734,79.13841306460482,2.3464805397826427,83.89238269191114,86.74476446829492,16.7999,1361.463911380768,4999.97621454587,117.32346886807967,1.0,14.999928643637611,0,No actionable pattern today.,Stop 79.14; to breakeven at +1.0R; trail 2.5×ATR from +1.0R; scale 1/2 at T1 (+1.5R); time-stop 15 bars if < +0.5R,size capped at 25% of capital,81.04000091552734,0.950793925461263,1.1732402698913222,39.25458960745141,70.73261445579138,17.240824266780027,-1.2369876870901262,0.9163669935353999,-0.04324438205030323,-0.0387345956089431,-0.006303129477544744,0.11659552367391113,1.0996192901910753,905012035.0168228,0.0,0.0,0.0,0.0,-0.2954807050112508,0.26548672566371684,-0.2954807050112508,-0.48277284663291237,-0.14215969042954274,0.07006722388102962,-0.6019352515433392,-0.5460663050285298,,,,,,,,2026-10-05,False,max 6 positions in RISK_ON
GLD,No clean setup,False,27.03008194016276,,,False,True,no dominant factor,379.54998779296875,366.1824473721933,3.5219446319853382,399.601298424132,419.65260905529516,3.587,1361.445806213379,4999.909723318634,176.0940521045336,1.0,14.999729169955904,0,No actionable pattern today.,Stop 366.2; to breakeven at +1.0R; trail 2.5×ATR from +1.0R; scale 1/2 at T1 (+1.5R); time-stop 15 bars if < +0.5R,size capped at 25% of capital,379.54998779296875,6.683770210387722,1.7609723159926658,38.41722671497764,23.519300375438377,18.692349987424514,-1.6805248325572208,0.7446536760897745,-0.07476479288301097,0.005457091874978559,-0.1124751707938959,0.1562332403415554,0.7024146607734334,3331369191.9345093,0.0,0.0,0.0,0.0,-0.33182907094672115,0.25663716814159293,-0.33182907094672115,-0.8031729589080004,-0.4633053189326385,0.09873894964306913,0.45994794755948615,-0.49807972445026144,,,,,,,,2026-10-05,False,max 6 positions in RISK_ON
WFC,No clean setup,False,26.482100171879473,,,False,True,no dominant factor,81.44000244140625,77.537094348411,4.792372269147803,87.29436458089913,93.14872672039199,13.9533,1136.3567860656738,4173.2702968261865,199.9986484216804,1.0,12.519810890478562,0,No actionable pattern today.,Stop 77.54; to breakeven at +1.0R; trail 2.5×ATR from +1.0R; scale 1/2 at T1 (+1.5R); time-stop 15 bars if < +0.5R,,81.44000244140625,1.8516226063560146,2.273603328644549,38.73566235328921,88.2238467656313,24.795196604536535,-1.1886014247733272,0.8467748266469372,-0.08689314707768281,-0.06047760056921425,0.006424539684338537,0.13211102177991774,1.0766806674950213,1184241364.465065,0.0,0.0,0.0,0.0,-0.3465625119892973,0.24778761061946902,-0.3465625119892973,-0.568022129327814,-0.3088067948451763,-0.055285389959135664,-0.12598995127211146,-0.6555208139349945,,,,,,,,2026-10-05,False,max 6 positions in RISK_ON
ADBE,No clean setup,False,25.958036203413585,,,False,True,no dominant factor,238.7899932861328,220.98642003916487,7.455745109735235,265.4953531565847,292.2007130270366,3.0588,730.4108314636231,2682.4337785501557,199.9954252661393,1.0,8.047301335650468,0,No actionable pattern today.,Stop 221; to breakeven at +1.0R; trail 2.5×ATR from +1.0R; scale 1/2 at T1 (+1.5R); time-stop 15 bars if < +0.5R,,238.7899932861328,8.901786623483966,3.7278725548676155,42.0064492018697,54.48797496615527,21.94285840569357,-0.8654744371322096,0.6565575619233273,-0.16433948106340224,0.07786404497051924,-0.02279426792562711,-0.18700924357512005,0.7790464852420242,1350845208.180542,0.0,0.0,0.0,0.0,-0.36074122205355313,0.23893805309734514,-0.36074122205355313,-0.7488194534164234,-0.6241659448840817,0.14041251059600784,0.14367658832866814,-0.18217136160805394,,,,,,,,2026-10-05,False,max 6 positions in RISK_ON
XLY,No clean setup,False,25.904890373403745,,,False,True,no dominant factor,110.41999816894531,107.38662989167328,2.7471185723358773,114.97005058485337,119.52010300076141,12.3299,1361.4675354232788,4999.989523841991,137.35564082431154,1.0,14.999968571525976,0,No actionable pattern today.,Stop 107.4; to breakeven at +1.0R; trail 2.5×ATR from +1.0R; scale 1/2 at T1 (+1.5R); time-stop 15 bars if < +0.5R,size capped at 25% of capital,110.41999816894531,1.516684138636018,1.3735592861679402,43.53736570065161,90.62084387045564,23.72678118665164,-0.5365641561892346,0.8887805931526219,-0.04977506875899107,-0.05730304086674365,0.016908555048150253,-0.02123465520096557,1.1669180693795305,756618321.3822174,0.0,0.0,0.0,0.0,-0.3621840998888331,0.23008849557522124,-0.3621840998888331,-0.8554136277508336,-0.285450731781543,0.24369464875036798,-0.08403484974165439,-0.7545258375390375,,,,,,,,2026-10-05,False,max 6 positions in RISK_ON
RTX,No clean setup,False,24.726153879978106,,,False,True,volatility compression,184.3300018310547,177.2507426684434,3.840535502787928,194.94889057497164,205.56777931888857,7.386,1361.46139352417,4999.966967717514,192.02550652286018,1.0,14.999900903152545,0,No actionable pattern today.,Stop 177.3; to breakeven at +1.0R; trail 2.5×ATR from +1.0R; scale 1/2 at T1 (+1.5R); time-stop 15 bars if < +0.5R,size capped at 25% of capital,184.3300018310547,3.539629581305647,1.920267751393964,23.64705113515288,1.7966363000404328,46.52947343178965,-2.2734248706624243,0.8141424797914221,-0.08806215119856942,-0.07920171801534892,-0.06399520849887086,0.2310519158552069,0.8622096936479119,761718898.97995,0.0,0.0,0.0,0.0,-0.39443645002756983,0.22123893805309736,-0.39443645002756983,-0.8265703941765471,-0.40633491889984097,-0.6177980780845016,0.5214602874936625,-0.08127668498477182,,,,,,,,2026-10-05,False,max 6 positions in RISK_ON
SLV,No clean setup,False,24.49216482718594,,,False,True,weak momentum; volatility compression,55.130001068115234,51.84265103788296,5.962905798188953,60.06102611346365,64.99205115881206,16.5661,913.2891106945037,3354.054259025565,199.99909588583895,1.0,10.062162777076697,0,No actionable pattern today.,Stop 51.84; to breakeven at +1.0R; trail 2.5×ATR from +1.0R; scale 1/2 at T1 (+1.5R); time-stop 15 bars if < +0.5R,,55.130001068115234,1.6436750151161388,2.981452899094479,41.8110455880208,59.93496134737423,13.80459718249142,-1.2093968869721228,0.5019575721478965,-0.08951277022688908,0.012302644048953093,-0.16583440576606334,0.423700939924212,0.874981954579912,889318006.4472961,0.0,0.0,0.0,0.0,-0.4008984779123902,0.21238938053097345,-0.4008984779123902,-0.8088130354799624,-0.8521367515621915,0.07695795315366047,0.8684822309332887,-0.44313903409749705,,,,,,,,2026-10-05,False,max 6 positions in RISK_ON
UBER,No clean setup,False,24.435527072071338,,,False,True,weak momentum; volatility compression; distribution in volume,69.4800033569336,65.78895501470565,5.3123894126288995,75.01657587027552,80.55314838361743,14.7542,1025.1218655288696,3764.7600511547735,199.99871436842855,1.0,11.294280153464321,0,No actionable pattern today.,Stop 65.79; to breakeven at +1.0R; trail 2.5×ATR from +1.0R; scale 1/2 at T1 (+1.5R); time-stop 15 bars if < +0.5R,,69.4800033569336,1.8455241711139718,2.6561947063144493,43.43049763918385,83.25954815339117,24.541005586068948,-0.5777686069262521,0.6859174155968794,-0.08530800165403984,-0.065249540624857,-0.03727303422835915,-0.21374600347188388,0.8702072209372258,1360056958.0884552,0.0,0.0,0.0,0.0,-0.40246573928623763,0.20353982300884957,-0.40246573928623763,-0.8611216656958659,-0.8460846684757537,0.29731427083949635,1.0929197258790844,-0.9211620438471139,,,,,,,,2026-10-05,False,max 6 positions in RISK_ON
LMT,No clean setup,False,23.524610259246323,,,False,True,volatility compression,506.6300048828125,484.1660862887873,4.433988981608239,540.3258827738503,574.021760664888,2.4242,1228.172457836914,4510.463351406066,199.99344802082268,1.0,13.5313900542182,0,No actionable pattern today.,Stop 484.2; to breakeven at +1.0R; trail 2.5×ATR from +1.0R; scale 1/2 at T1 (+1.5R); time-stop 15 bars if < +0.5R,,506.6300048828125,11.231959297012603,2.216994490804121,32.369416076604026,39.76550671076583,38.04173984949002,-1.563916537690978,0.741475173357043,-0.04938550843675449,-0.04784712101581312,-0.19564070138717293,0.09484375331094874,0.9937018147946024,642979311.7419434,0.0,0.0,0.0,0.0,-0.42784499772234996,0.19469026548672566,-0.42784499772234996,-1.0354037891199452,-0.6501358359756094,-0.14335964810746987,0.9595098570508367,-0.4710831984895174,,,,,,,,2026-10-05,False,max 6 positions in RISK_ON
SPGI,No clean setup,False,20.8336941398866,,,False,True,volatility compression; distribution in volume,390.9200134277344,372.0632905978968,4.823678036970963,419.20509767249075,447.49018191724707,2.888,1128.9769987792968,4146.168028016968,199.99779654336658,1.0,12.438504084050905,0,No actionable pattern today.,Stop 372.1; to breakeven at +1.0R; trail 2.5×ATR from +1.0R; scale 1/2 at T1 (+1.5R); time-stop 15 bars if < +0.5R,,390.9200134277344,9.428361414918795,2.411839018485485,36.8265326624302,62.10519048697164,20.87664668753684,-1.3784032913082758,0.753389088461165,-0.13240706405623448,-0.11649809918004617,-0.04380409253529727,0.008116356058606833,1.36269360719901,785349691.9342041,0.0,0.0,0.0,0.0,-0.5049411105579908,0.18584070796460178,-0.5049411105579908,-0.8188613300125045,-0.6955613336979426,-0.09544143610859265,0.5343326786700857,-1.0540734147012574,,,,,,,,2026-10-05,False,max 6 positions in RISK_ON
AXP,No clean setup,False,20.79501562487322,,,False,True,no dominant factor,304.0199890136719,292.7418375945149,3.7096743065304834,320.93721614240735,337.8544432711428,4.4782,1361.4623148010255,4999.970351106766,185.4826154491497,1.0,14.999911053320302,0,No actionable pattern today.,Stop 292.7; to breakeven at +1.0R; trail 2.5×ATR from +1.0R; scale 1/2 at T1 (+1.5R); time-stop 15 bars if < +0.5R,size capped at 25% of capital,304.0199890136719,5.639075709578483,1.8548371532652388,34.93816533958997,66.65137092049542,31.53916482527485,-1.4355725951678235,0.7909761233401861,-0.07822453986299571,-0.1303278199799791,-0.0028711380015958854,0.008678003699824854,1.1903803056123126,1051419684.6064758,0.0,0.0,0.0,0.0,-0.5060750262810398,0.17699115044247787,-0.5060750262810398,-0.9622937353852727,-0.6169183255415052,-0.07243055786245654,0.021856088366731405,-0.4949271771970558,,,,,,,,2026-10-05,False,max 6 positions in RISK_ON
MS,Counter-trend bounce,False,20.48232870606189,,,False,True,distribution in volume,190.19000244140625,180.87605638362396,4.897179629960691,204.16092152807968,218.13184061475312,5.847,1112.0409442749024,4083.970367849579,199.9993649479603,1.0,12.25191110354874,5,"Speculative: below the 200-day. Small size only, if at all.",Stop 180.9; to breakeven at +1.0R; trail 2.5×ATR from +1.0R; scale 1/2 at T1 (+1.5R); time-stop 15 bars if < +0.5R,,190.19000244140625,4.656973028891151,2.448589814980349,29.89799127434378,56.25814358638695,37.361296888075934,-1.9573160128490485,0.8234098986384288,-0.12415377486922696,-0.13872741941858824,0.15439601653792856,0.42995912835561256,1.2973213512236823,1126565981.4105988,0.0,0.0,0.0,0.0,-0.5152711590349487,0.168141592920354,-0.5152711590349487,-0.7487131354700456,-0.25744747621303427,-0.36555726573399905,0.06037738767463623,-1.4931657998805494,,,,,,,,2026-10-05,False,max 6 positions in RISK_ON
KWEB,No clean setup,False,19.989197804113765,,,False,True,weak momentum,24.559999465942383,23.658720371637806,3.6697032325036925,25.91191810739925,27.263836748856114,55.4344,1361.4688343948364,4999.994294315036,183.48495224347906,1.0,14.999982882945112,0,No actionable pattern today.,Stop 23.66; to breakeven at +1.0R; trail 2.5×ATR from +1.0R; scale 1/2 at T1 (+1.5R); time-stop 15 bars if < +0.5R,size capped at 25% of capital,24.559999465942383,0.4506395471522878,1.834851616251843,44.06330385254613,70.39715540524382,21.07562853067502,-0.6294669193851128,0.6049047478592251,-0.03837123784083962,-0.03724032749572004,-0.1272210377169728,-0.36898043216327436,1.1650951854265015,379901067.8384781,0.0,0.0,0.0,0.0,-0.529882689752352,0.1592920353982301,-0.529882689752352,-0.8971261067428312,-1.0957188782019112,0.27053632006260286,0.24563832553327233,-0.35695491465555146,,,,,,,,2026-10-05,False,max 6 positions in RISK_ON
GS,No clean setup,False,19.08508177191155,,,False,True,distribution in volume,893.4600219726562,846.4865981136563,5.257473496719869,963.9201577611561,1034.380293549656,1.1593,1035.7882034729005,3803.932177254227,199.99072605234005,1.0,11.411796531762684,0,No actionable pattern today.,Stop 846.5; to breakeven at +1.0R; trail 2.5×ATR from +1.0R; scale 1/2 at T1 (+1.5R); time-stop 15 bars if < +0.5R,,893.4600219726562,23.486711929499936,2.628736748359932,30.463083903487288,19.785045199195864,34.10482186323632,-2.215771750903759,0.778027393135458,-0.13919052755217354,-0.13916288834394797,0.041271068589618265,0.3579311118572903,0.9716050979494781,2052171228.0410767,0.0,0.0,0.0,0.0,-0.5570346467556619,0.1504424778761062,-0.5570346467556619,-0.7971594043626948,-0.45945604490133796,-0.42378738513145636,0.16803753038295194,-1.2456747057523274,,,,,,,,2026-10-05,False,max 6 positions in RISK_ON
XLF,No clean setup,False,18.678683354934524,,,False,True,distribution in volume,53.880001068115234,52.47672759951848,2.604442169224773,55.98491127101036,58.08982147390549,25.2685,1361.4668069896697,4999.986848669562,130.2217659424429,1.0,14.99996054600869,0,No actionable pattern today.,Stop 52.48; to breakeven at +1.0R; trail 2.5×ATR from +1.0R; scale 1/2 at T1 (+1.5R); time-stop 15 bars if < +0.5R,size capped at 25% of capital,53.880001068115234,0.701636734298375,1.3022210846123854,33.44718443031108,79.26311609783156,35.043068502363475,-1.6821651322530509,0.9227080870263392,-0.07666169358281294,-0.03531326647202615,0.0878127063574301,0.11103384811599426,1.2762888219348938,2103215415.4265976,0.0,0.0,0.0,0.0,-0.5694007171031962,0.1415929203539823,-0.5694007171031962,-0.6220643384729451,-0.06529488474717099,-0.33896956879924506,-1.2245990447675739,-1.41478645004531,,,,,,,,2026-10-05,False,max 6 positions in RISK_ON
BAC,No clean setup,False,18.57225776853781,,,False,True,no dominant factor,54.0,51.77849680226651,4.113894810617574,57.33225479660024,60.66450959320047,24.5143,1323.7721999999999,4861.5534044999995,199.99919322312752,1.0,14.584660213500001,0,No actionable pattern today.,Stop 51.78; to breakeven at +1.0R; trail 2.5×ATR from +1.0R; scale 1/2 at T1 (+1.5R); time-stop 15 bars if < +0.5R,,54.0,1.1107515988667445,2.056947405308786,24.756798001082643,46.14373654531547,43.51618675774273,-2.766873922263507,0.8320636234175247,-0.13903057663664475,-0.09329249369967307,0.08984243997995822,0.2689565660400455,1.1840191722138351,2263547160.6394196,0.0,0.0,0.0,0.0,-0.5726563134809671,0.13274336283185842,-0.5726563134809671,-0.7699446343665542,-0.2777864313060536,-0.978904577302339,-0.25275085966707606,-0.6257874352289099,,,,,,,,2026-10-05,False,max 6 positions in RISK_ON
ORCL,No clean setup,False,17.60559477712586,,,False,True,weak momentum; distribution in volume,142.47999572753906,129.09786427880474,9.392287935160134,162.55319290064057,182.62639007374204,4.0695,579.8223426132201,2129.397553247051,199.99914948521788,1.0,6.388192659741153,0,No actionable pattern today.,Stop 129.1; to breakeven at +1.0R; trail 2.5×ATR from +1.0R; scale 1/2 at T1 (+1.5R); time-stop 15 bars if < +0.5R,,142.47999572753906,6.69106572436717,4.696143967580072,48.513398601514304,90.39187534158253,11.481894333608905,-0.0981581741319099,0.4460044792060401,-0.0750454301638458,0.009715254292271824,-0.014188194860218495,-0.4605038635201294,0.9742466791920616,5223012241.100006,0.0,0.0,0.0,0.0,-0.602569099363799,0.12389380530973451,-0.602569099363799,-0.575957382485834,-1.2485997922792593,0.36039785259564394,-0.22060580404588565,-0.8671295240881548,,,,,,,,2026-10-05,False,max 6 positions in RISK_ON
BA,No clean setup,False,16.31340688305639,,,False,True,weak momentum,192.72000122070312,180.1591010231447,6.5176941251539695,211.56135151704075,230.4027018133784,4.3355,835.5375652923583,3068.511708536186,199.99620735692466,1.0,9.20553512560856,0,No actionable pattern today.,Stop 180.2; to breakeven at +1.0R; trail 2.5×ATR from +1.0R; scale 1/2 at T1 (+1.5R); time-stop 15 bars if < +0.5R,,192.72000122070312,6.2804500987792125,3.2588470625769848,40.44733989684799,61.80942124632614,30.843123249263773,-0.9223900231800641,0.7576960746848567,-0.08450901976321656,-0.16816295185920394,-0.09222798657370335,-0.031826327563115986,1.588841674786674,1676722063.7060547,0.0,0.0,0.0,0.0,-0.6435889339747614,0.11504424778761062,-0.6435889339747614,-1.0508796246697398,-0.8312062418956323,0.1704136327896377,-0.42849481314626614,-0.796062253757721,,,,,,,,2026-10-05,False,max 6 positions in RISK_ON
XLU,No clean setup,False,16.104175330058794,,,False,True,no dominant factor,39.970001220703125,38.78855854990148,2.95582345439033,41.74216522690559,43.51432923310806,34.0623,1361.4701725799562,4999.999208799889,147.79114933303802,1.0,14.99999762639967,0,No actionable pattern today.,Stop 38.79; to breakeven at +1.0R; trail 2.5×ATR from +1.0R; scale 1/2 at T1 (+1.5R); time-stop 15 bars if < +0.5R,size capped at 25% of capital,39.970001220703125,0.5907213354008204,1.4779117271951607,37.52306385160991,86.27722874547541,34.22605416866402,-1.0892413108210754,0.8493188354200704,-0.0642830861996907,-0.11895192076778238,-0.12235209961628701,-0.00024516837067312114,2.161846690738325,1234122815.0537682,0.0,0.0,0.0,0.0,-0.6503506567262207,0.10619469026548672,-0.6503506567262207,-1.0788896445401512,-0.5574269620096813,-0.1237720565510635,-0.9628812329802137,-0.5029192418984506,,,,,,,,2026-10-05,False,max 6 positions in RISK_ON
IBM,No clean setup,False,15.26649319696778,,,False,True,weak momentum; distribution in volume,221.5800018310547,208.4990584949675,5.9034855257654755,241.20141683518546,260.8228318393162,4.1632,922.4818636230468,3387.814644155639,199.99914715749128,1.0,10.163443932466919,0,No actionable pattern today.,Stop 208.5; to breakeven at +1.0R; trail 2.5×ATR from +1.0R; scale 1/2 at T1 (+1.5R); time-stop 15 bars if < +0.5R,,221.5800018310547,6.540471668043593,2.9517427628827373,40.642073834988075,33.605508423782396,13.290282756346432,-1.0872657717109666,0.6712672541030732,-0.05594139366549966,-0.2709975912217699,-0.08887073925399602,-0.1601152516134331,1.049960835636247,1403927908.9939117,0.0,0.0,0.0,0.0,-0.6777808779677401,0.09734513274336283,-0.6777808779677401,-0.9024216337539823,-1.2563958231844223,0.10245133943435623,0.39256072475574233,-1.0226519321801766,,,,,,,,2026-10-05,False,max 6 positions in RISK_ON
BKNG,No clean setup,False,13.826879140062928,,,False,True,weak momentum; distribution in volume,158.3300018310547,146.4740422047798,7.48813205909372,176.11394127046702,193.89788070987933,4.5933,727.2571974105836,2670.852057490368,199.9969291679005,1.0,8.012556172471106,0,No actionable pattern today.,Stop 146.5; to breakeven at +1.0R; trail 2.5×ATR from +1.0R; scale 1/2 at T1 (+1.5R); time-stop 15 bars if < +0.5R,,158.3300018310547,5.927979813137436,3.744066029546858,29.909857076163306,8.067892446531374,33.215433190037906,-1.860964880424021,0.7101447877233448,-0.18663266346748753,-0.12771434554459749,-0.0969330598453414,-0.09466250868542647,1.0398689253122544,1529447683.9203644,0.0,0.0,0.0,0.0,-0.7263714604986916,0.08849557522123894,-0.7263714604986916,-1.009850344501389,-0.8893944470497296,-0.31509578298411045,-0.09611927187214085,-0.9990219310141232,,,,,,,,2026-10-05,False,max 6 positions in RISK_ON
PEP,No clean setup,False,10.21626161067055,,,False,True,distribution in volume,125.6500015258789,121.27679740041101,3.4804648407164462,132.20980771408074,138.76961390228257,10.8354,1361.4680265335082,4999.991327444309,174.0229401905707,1.0,14.999973982332929,0,No actionable pattern today.,Stop 121.3; to breakeven at +1.0R; trail 2.5×ATR from +1.0R; scale 1/2 at T1 (+1.5R); time-stop 15 bars if < +0.5R,size capped at 25% of capital,125.6500015258789,2.186602062733944,1.740232420358221,25.58921683773299,17.447214462906558,29.45006594365653,-2.3188319013726164,0.7550437676385096,-0.09304176572836975,-0.12407020331922847,-0.1812134560780887,0.012954687600758685,1.0489012582073414,1227720223.4088516,0.0,0.0,0.0,0.0,-0.8580202458326287,0.07964601769911504,-0.8580202458326287,-1.0196424092247487,-0.7916571997591249,-0.641425171736161,-0.48435398161304266,-1.3992424095964349,,,,,,,,2026-10-05,False,max 6 positions in RISK_ON
NEE,No clean setup,False,10.066867561331357,,,False,True,distribution in volume,76.27999877929688,73.64538906248735,3.453867014906901,80.23191335451116,84.18382792972544,17.8483,1361.4683022125243,4999.992339875495,172.69308617483148,1.0,14.999977019626488,0,No actionable pattern today.,Stop 73.65; to breakeven at +1.0R; trail 2.5×ATR from +1.0R; scale 1/2 at T1 (+1.5R); time-stop 15 bars if < +0.5R,size capped at 25% of capital,76.27999877929688,1.3173048584047595,1.7269335074534489,31.16681815699617,41.098909842925686,47.72618988656714,-1.8128739612288636,0.7839648384435239,-0.09255292654361369,-0.1313031245528108,-0.16514044529363325,0.10611156114668274,1.3191670126942445,1009683876.8468094,0.0,0.0,0.0,0.0,-0.863825228553662,0.07079646017699115,-0.863825228553662,-1.2514238860352243,-0.689240515004546,-0.3975644792705581,-0.7064229912998884,-1.3818830586417559,,,,,,,,2026-10-05,False,max 6 positions in RISK_ON
HD,No clean setup,False,9.329655670437468,,,False,True,weak momentum; distribution in volume,281.1499938964844,268.1927473265096,4.608659737245251,300.5858637514465,320.02173360640865,4.2029,1181.645309347534,4339.592398578819,199.99704763385748,1.0,13.018777195736456,0,No actionable pattern today.,Stop 268.2; to breakeven at +1.0R; trail 2.5×ATR from +1.0R; scale 1/2 at T1 (+1.5R); time-stop 15 bars if < +0.5R,,281.1499938964844,6.478623284987383,2.3043298686226272,25.53329798259385,7.157788132476227,33.478665265498975,-2.5962530989044708,0.7224150884297398,-0.11607511735647758,-0.1795664493234581,-0.12644660259720464,-0.17197709997287725,1.3168886640244584,1551518119.0394592,0.0,0.0,0.0,0.0,-0.8929565921694619,0.061946902654867256,-0.8929565921694619,-1.0707453204347872,-1.0152735371450656,-0.6680028228679208,0.16254475543124378,-1.6245187747528183,,,,,,,,2026-10-05,False,max 6 positions in RISK_ON
TLT,No clean setup,False,9.010577604620345,,,False,True,distribution in volume,77.11000061035156,75.48906348742011,2.102110115550758,79.54140629474874,81.97281197914592,17.6562,1361.4695927764892,4999.997079471656,105.10544438481615,1.0,14.999991238414971,0,No actionable pattern today.,Stop 75.49; to breakeven at +1.0R; trail 2.5×ATR from +1.0R; scale 1/2 at T1 (+1.5R); time-stop 15 bars if < +0.5R,size capped at 25% of capital,77.11000061035156,0.8104685614657288,1.051055057775383,25.338113292280994,9.236908039049766,27.612451306397755,-2.885775435335391,0.8749248645674321,-0.056652139471896845,-0.07711063226971004,-0.08924553255997758,-0.04486430635863914,1.7486890300381324,3923371606.108322,0.0,0.0,0.0,0.0,-0.9058268863397176,0.05309734513274336,-0.9058268863397176,-0.9953901899214467,-0.42957982540384915,-0.7269858997108023,-2.0884971861736688,-1.0029091116253523,,,,,,,,2026-10-05,False,max 6 positions in RISK_ON
NFLX,No clean setup,False,8.538036318796195,,,False,True,weak momentum; distribution in volume,67.5,63.68958715796034,5.645056062280978,73.2156192630595,78.93123852611899,14.2921,964.7167499999999,3542.9222643749995,199.99994806700346,1.0,10.628766793125001,0,No actionable pattern today.,Stop 63.69; to breakeven at +1.0R; trail 2.5×ATR from +1.0R; scale 1/2 at T1 (+1.5R); time-stop 15 bars if < +0.5R,,67.5,1.9052064210198296,2.822528031140488,32.78561075412405,33.963551714233105,27.439448074146803,-2.528179941515502,0.5406054754928769,-0.18350064721114112,-0.11394067039122935,-0.3176993855071426,-0.2888785722446964,1.1368699361940413,2579287043.282242,0.0,0.0,0.0,0.0,-0.9251947308769607,0.04424778761061947,-0.9251947308769607,-1.010603073427224,-1.4498178190379722,-0.5903308102799458,0.3783432078281473,-1.2486541449745343,,,,,,,,2026-10-05,False,max 6 positions in RISK_ON
INTU,No clean setup,False,8.255133413063731,,,False,True,weak momentum; distribution in volume,284.67999267578125,259.2143430715806,8.945359793233946,322.87846708208224,361.0769414883833,2.1385,608.7881643371583,2235.774533528214,199.99807618959662,1.0,6.707323600584642,0,No actionable pattern today.,Stop 259.2; to breakeven at +1.0R; trail 2.5×ATR from +1.0R; scale 1/2 at T1 (+1.5R); time-stop 15 bars if < +0.5R,,284.67999267578125,12.422657010552804,4.363726756414816,39.62015092018547,83.1280196888862,20.969574728863314,-1.0244687835854602,0.41695510233444655,-0.17316293125469884,0.016968417421738602,-0.312764332914487,-0.48938505008153443,0.9084189974069808,1091065107.533722,0.0,0.0,0.0,0.0,-0.9369729314866618,0.035398230088495575,-0.9369729314866618,-0.9510812934174702,-1.4411347593315575,-0.15221715698153115,-0.4148553484180059,-1.3476028828391569,,,,,,,,2026-10-05,False,max 6 positions in RISK_ON
NVO,No clean setup,False,8.093453577711088,,,False,True,weak momentum; distribution in volume,37.540000915527344,35.453416899810584,5.5582950581487705,40.66987693910248,43.79975296267762,26.0995,979.7752538948059,3598.2246199286747,199.99994123058792,1.0,10.794673859786025,0,No actionable pattern today.,Stop 35.45; to breakeven at +1.0R; trail 2.5×ATR from +1.0R; scale 1/2 at T1 (+1.5R); time-stop 15 bars if < +0.5R,,37.540000915527344,1.043292007858379,2.779147529074383,28.798071182429197,47.120363293907026,34.45201214529904,-2.77821134307503,0.6143089716567476,-0.20985051059214843,-0.23409147299901845,0.03680669531395031,-0.15080385297409138,1.0679962499486642,587760042.1748543,0.0,0.0,0.0,0.0,-0.9437679546879086,0.02654867256637168,-0.9437679546879086,-1.0728106925108758,-1.2212299921481808,-0.9545232282722497,0.4684168867159002,-1.3880793164185894,,,,,,,,2026-10-05,False,max 6 positions in RISK_ON
LOW,No clean setup,False,6.676352098120457,,,False,True,weak momentum; distribution in volume,179.5,170.8278072524526,4.831305151836991,192.5082891213211,205.5165782426422,6.2797,1127.20615,4139.664585875,199.9998284061503,1.0,12.418993757625001,0,No actionable pattern today.,Stop 170.8; to breakeven at +1.0R; trail 2.5×ATR from +1.0R; scale 1/2 at T1 (+1.5R); time-stop 15 bars if < +0.5R,,179.5,4.336096373773695,2.415652575918493,24.38930036241848,0.7263988561981733,28.941195596009493,-2.7238106182069064,0.6192461863936706,-0.11094598600121319,-0.1823931945425008,-0.22841708947130845,-0.16691166021762882,1.059242243811521,634997132.5741577,0.0,0.0,0.0,0.0,-1.0054629521268863,0.017699115044247787,-1.0054629521268863,-1.1235799217663287,-1.2952652901799269,-0.7665592676777835,0.3612068473099321,-1.7697484938258699,,,,,,,,2026-10-05,False,max 6 positions in RISK_ON
MCD,Counter-trend bounce,False,4.744269780069249,,,False,True,weak momentum; distribution in volume,233.0399932861328,224.15244153982806,3.813745280790656,246.37132090558993,259.70264852504704,5.8422,1361.466248776245,4999.9847986307595,190.6866842980308,1.0,14.99995439589228,5,"Speculative: below the 200-day. Small size only, if at all.",Stop 224.2; to breakeven at +1.0R; trail 2.5×ATR from +1.0R; scale 1/2 at T1 (+1.5R); time-stop 15 bars if < +0.5R,size capped at 25% of capital,233.0399932861328,4.443775873152382,1.9068726403953307,26.9370423721883,72.70855910305724,48.42130662747922,-2.2339706193266897,0.6952688916240715,-0.10241501789703178,-0.16836248559848077,-0.23718961289861784,-0.11195179237376462,1.1106624740114308,1500412154.3367767,0.0,0.0,0.0,0.0,-1.0967505079645996,0.008849557522123894,-1.0967505079645996,-1.3852371233059877,-1.0922052249368237,-0.7562475716139372,-0.4191146424495432,-1.7195307548923127,,,,,,,,2026-10-05,False,max 6 positions in RISK_ON
