ticker,setup,eligible,conviction,earnings_flag,earnings_date,veto,liquid,why,entry,stop,stop_pct,t1,t2,units,pos_native,pos_aed,risk_aed,risk_pct,cost_aed,hold_days,entry_note,exit_rule,plan_flags,close,atr,atr_pct,rsi14,rsi2,adx,dist21_atr,pct_52w_high,mom_1m,mom_3m,mom_6m,mom_12_1,rvol,adv20,squeeze_on,breakout20,breakout55,uptrend,composite,comp_rank,composite_final,g_trend,g_momentum,g_timing,g_volatility,g_volume,g_fundamentals,g_sentiment,social_buzz,social_bull,sector,shortName,shortPercentOfFloat,date,selected,skip_reason
MU,No clean setup,False,74.60823211673997,,2026-12-23,False,True,momentum leader; strong trend structure; volume accumulation; quality/growth fundamentals,1074.8900146484375,981.9208150514995,8.649182551699976,1214.3438140438445,1353.7976134392516,0.5857,629.5630815795898,2312.0704171010434,199.97519109892036,1.0,6.936211251303131,0,No actionable pattern today.,Stop 981.9; to breakeven at +1.0R; trail 2.5×ATR from +1.0R; scale 1/2 at T1 (+1.5R); time-stop 15 bars if < +0.5R,55-day high sits before T1 (resistance); crowd euphoric on social (contrarian caution); Ex-dividend 2026-10-14,1074.8900146484375,46.48459979846899,4.324591275849988,59.2642943745686,42.45357366619975,15.075832590416274,0.9716741684087947,0.8566178152483285,0.12426783892025339,0.09153593769833712,1.9353850195172875,4.25728605167939,0.9310667042970141,27127676201.046143,0.0,0.0,0.0,1.0,0.9609792957315983,0.9734513274336283,1.065124221726597,0.9177359577856585,1.680971795836951,0.32086039630911434,0.14030621826476697,1.0283361479606528,1.8220462436450073,1.141361607768174,5.341017065754885,0.9166666666666666,Technology,"Micron Technology, Inc.",0.024500001,2026-10-02,False,not actionable today
ANET,Momentum continuation,True,74.28867026390623,,2026-11-03,False,True,momentum leader; strong trend structure; volatility compression,207.35000610351562,193.6299203764551,6.616872593778001,227.9301346941064,248.51026328469723,1.9846,411.5068221130371,1511.2588042101288,99.99806963683713,0.5,4.533776412630387,15,Half-size starter at market; add on a 2–3 day tight consolidation.,Stop 193.6; to breakeven at +1.0R; trail 2.5×ATR from +1.0R; scale 1/2 at T1 (+1.5R); time-stop 15 bars if < +0.5R,55-day high sits before T1 (resistance),207.35000610351562,6.860042863530268,3.3084362968890004,60.17701825557926,90.49943570957879,17.013239465064384,0.9834859282800672,0.9649123118453691,0.11418591780260323,0.1966182338656004,0.6368014335649153,0.24673411118706268,0.6911166842790228,955404383.8394928,0.0,0.0,0.0,1.0,0.7642712859192238,0.9380530973451328,0.6631416957643542,1.3016537074185197,0.8835492614712375,0.03606068855275535,0.9129833022623587,0.3349153837471646,-0.12377241525171939,0.6410190855414711,1.9984927995637252,1.0,Technology,"Arista Networks, Inc.",0.0127,2026-10-02,True,
MSFT,Momentum continuation,True,71.27643009747746,,2026-10-28,False,True,momentum leader; strong trend structure,517.530029296875,488.32449488391205,5.643254064434112,561.3383309163194,605.1466325357638,0.9323,482.49324631347656,1771.9564470862426,99.99600422019667,0.5,5.315869341258729,15,Half-size starter at market; add on a 2–3 day tight consolidation.,Stop 488.3; to breakeven at +1.0R; trail 2.5×ATR from +1.0R; scale 1/2 at T1 (+1.5R); time-stop 15 bars if < +0.5R,55-day high sits before T1 (resistance); crowd euphoric on social (contrarian caution),517.530029296875,11.58202534716423,2.2379426683510064,62.70069602450999,91.61115529424146,36.37915331893462,1.27566289993568,0.942332205489123,0.04168516095838526,0.3407051562809811,0.39138679429888623,-0.036178563990071355,0.7612152810976881,10681883933.50296,0.0,0.0,0.0,1.0,0.6392028645828811,0.911504424778761,0.5680297890114466,1.5135999126300976,0.8035131018865741,-0.41592368083668885,0.4767152804253735,0.22481057751607722,-0.09325889772264676,0.6599338711740633,3.6474648790166824,0.9090909090909091,Technology,Microsoft Corporation,0.0091,2026-10-02,True,
PANW,Momentum continuation,True,71.02245781103757,,2026-11-19,False,True,momentum leader; strong trend structure; volume accumulation,403.239990234375,353.2769536640306,12.390397227542936,478.18454508989157,553.1290999454081,0.5449,219.72547067871096,806.941791067566,99.983293308321,0.5,2.4208253732026983,15,Half-size starter at market; add on a 2–3 day tight consolidation.,Stop 353.3; to breakeven at +1.0R; trail 2.5×ATR from +1.0R; scale 1/2 at T1 (+1.5R); time-stop 15 bars if < +0.5R,55-day high sits before T1 (resistance),403.239990234375,17.252170695440082,4.278387836834489,62.60249596625163,87.26354823593549,15.676943574032792,1.4892225458353243,0.9847130408653846,0.22759369443384037,0.1278493877748561,1.4706817820387577,0.588394613824625,0.8856297902609557,2327199734.7947693,0.0,0.0,0.0,1.0,0.8962441769901134,0.9646017699115044,0.5602968822020921,1.658553760892853,1.4336479474764132,-0.1431361503475625,-0.6068564384146998,1.0902866893802126,-0.4246355621399223,-1.1423490317600649,2.1781075505771503,0.6,Technology,"Palo Alto Networks, Inc.",0.0269,2026-10-02,False,sector cap (Technology)
XOM,Pullback in uptrend,True,70.10222580170515,,2026-10-30,False,True,strong trend structure; favourable entry timing; volatility compression; volume accumulation,162.24698136573514,154.9684995329652,4.486050693518213,173.16470411489001,184.08242686404492,7.4821,1213.948139276567,4458.224541493192,199.9982129622545,1.0,13.374673624479579,15,"Limit near the 21-EMA, or at market on the first up-close / reclaim day.",Stop 155; to breakeven at +1.0R; trail 2.5×ATR from +1.0R; scale 1/2 at T1 (+1.5R); time-stop 15 bars if < +0.5R,55-day high sits before T1 (resistance),164.00999450683594,3.526026282201605,2.149885007193656,55.12638425741688,85.6460773100496,13.498631481265924,0.5194075129941437,0.9420803562701152,-0.0008528747782757806,0.2098504030467554,0.034242340937941984,0.5082373977817229,0.8251149881441237,2297554136.5920258,0.0,0.0,0.0,1.0,0.7589218922052131,0.9203539823008849,0.5326065682792659,0.8019868168863072,0.6068199750847466,0.661991895517243,0.6480711057755234,1.3092926171058352,-0.04956877877086662,-0.6957406760781805,2.136108844973244,0.7,Energy,ExxonMobil Holdings Corporation,0.0108,2026-10-02,True,
AMD,Extended (wait),False,69.51692476221554,,2026-11-03,False,True,momentum leader; strong trend structure; volume accumulation,633.9099731445312,576.2180287156938,9.100968098459578,720.4478897877875,806.9858064310437,0.9439,598.3476236511231,2197.4316478587493,199.9875532570794,1.0,6.592294943576248,15,Too far above the 21-EMA. Set an alert for a pullback toward it.,Stop 576.2; to breakeven at +1.0R; trail 2.5×ATR from +1.0R; scale 1/2 at T1 (+1.5R); time-stop 15 bars if < +0.5R,55-day high sits before T1 (resistance),633.9099731445312,24.207963262225014,3.8188330027591486,70.0723975533013,93.38921485283393,25.827877615885022,2.4758613976851342,0.9821057099821214,0.38692945462431516,0.1482836467016857,1.9145286121587644,1.7867813722751116,0.8034101853164892,12885467729.176636,0.0,0.0,0.0,1.0,0.9752923538191847,0.9823008849557522,0.8477318388121967,1.07432042529687,2.0408363415535162,-0.7681939794435295,-0.5245647637822378,2.228462859023477,-0.15991976160877933,0.8348993191772675,4.661226585060206,0.8888888888888888,Technology,"Advanced Micro Devices, Inc.",0.024600001,2026-10-02,False,not actionable today
ABBV,Pullback in uptrend,True,69.41290921882249,,2026-10-30,False,True,strong trend structure; favourable entry timing,261.6535857869703,251.34567692677211,3.9395251661448922,277.1154490772676,292.57731236756496,5.2033,1361.4621029253426,4999.969572993321,196.97505962765916,1.0,14.999908718979967,15,"Limit near the 21-EMA, or at market on the first up-close / reclaim day.",Stop 251.3; to breakeven at +1.0R; trail 2.5×ATR from +1.0R; scale 1/2 at T1 (+1.5R); time-stop 15 bars if < +0.5R,size capped at 25% of capital; 55-day high sits before T1 (resistance); Ex-dividend 2026-10-15,262.82000732421875,5.153954430099112,1.9610205792822746,53.783026376652494,64.58549484299907,17.221919385909935,0.22631584214957726,0.9756115410112999,0.004202988301944988,0.038980752205142855,0.2779478368923325,0.10417918105600155,0.9712056803527493,1115368080.0350952,0.0,0.0,0.0,1.0,0.5489849138449873,0.8849557522123894,0.5121842574770431,0.9135515279365382,0.3286015214976065,0.5677559442120571,0.44412951580588694,0.4475090190188329,0.15969390011067044,0.5702693638998608,1.7302954751417825,1.0,Healthcare,AbbVie Inc.,0.0123000005,2026-10-02,True,
MRK,Squeeze (pre-breakout),True,68.32560171371134,,2026-10-29,False,True,strong trend structure; favourable entry timing; volatility compression; Bollinger/Keltner squeeze on,153.90589798278293,142.14972493303634,7.63854615309267,171.54015755740284,189.1744171320227,4.6323,712.9382912256453,2618.2658745261824,199.99744723635783,1.0,7.854797623578548,15,Buy-stop just above the 20-day high (+0.1 ATR). Let price trigger it; don't anticipate.,Stop 142.1; to breakeven at +1.0R; trail 2.5×ATR from +1.0R; scale 1/2 at T1 (+1.5R); time-stop 15 bars if < +0.5R,55-day high sits before T1 (resistance),144.3000030517578,3.3589065856418823,2.3277245423460617,46.94693845663263,25.319146266471066,25.888301480585504,-0.589111093985233,0.9250049733246484,-0.04278701829089182,0.1449106965310405,0.2095274260394535,0.7216993577497857,0.866075946855062,1442704312.9659271,1.0,0.0,0.0,1.0,0.7590036779845535,0.9292035398230089,0.4804848805472622,1.2120491138471823,0.6690585944337932,0.8212237028326064,1.090712811232029,-0.3472636553833593,-0.19349010409278974,-1.0736905143110163,2.004628281204921,0.625,Healthcare,"Merck & Company, Inc.",0.0139999995,2026-10-02,True,
TMO,Pullback in uptrend,True,67.92648982847393,Earnings in 16d — binary gap risk,2026-10-21,False,True,strong trend structure; favourable entry timing; volume accumulation,649.1475703137879,618.0064773995701,4.797228602298342,695.8592096851146,742.5708490564413,1.7487,1135.1643562077209,4168.891098172855,199.99123616021768,1.0,12.506673294518567,15,"Limit near the 21-EMA, or at market on the first up-close / reclaim day.",Stop 618; to breakeven at +1.0R; trail 2.5×ATR from +1.0R; scale 1/2 at T1 (+1.5R); time-stop 15 bars if < +0.5R,55-day high sits before T1 (resistance),654.7999877929688,15.570546457108886,2.377908788543212,56.66382835040076,18.92563520255392,42.110692475734176,0.36301985256273134,0.9578280401914399,0.07684275410549546,0.26603923145795494,0.3347145059578076,0.14975734074119296,1.0029975276590053,1499171467.3980713,0.0,0.0,0.0,1.0,1.0023987084066976,0.9911504424778761,0.7883673058782397,1.9353657331484513,0.7559469232097143,0.7039692266986639,-0.028306830636056445,1.2309438835204534,-0.5010815521777225,0.36556494370653697,0.9543040433831974,1.0,Healthcare,Thermo Fisher Scientific Inc,0.0136,2026-10-02,False,sector cap (Healthcare)
CRM,Pullback in uptrend,True,66.7375391585751,,2026-12-02,False,True,strong trend structure; favourable entry timing; distribution in volume,234.69000244140625,217.11855612551463,7.487087704248752,261.04717191524367,287.4043413890811,3.0992,727.3512555664063,2671.197486067627,199.99489853557105,1.0,8.013592458202881,15,"Limit near the 21-EMA, or at market on the first up-close / reclaim day.",Stop 217.1; to breakeven at +1.0R; trail 2.5×ATR from +1.0R; scale 1/2 at T1 (+1.5R); time-stop 15 bars if < +0.5R,,234.69000244140625,8.78572315794581,3.743543852124376,51.494252337345294,62.318079730265396,19.771263941585254,-0.030573710218472362,0.8763666994100537,-0.08495345713668345,0.4192749211426474,0.262416822895835,0.09743384632380114,0.7485836259176508,2912990248.0052185,0.0,0.0,0.0,1.0,0.4389949390755946,0.831858407079646,0.4352113384607157,0.9011304317658971,0.791519229630177,0.7365561365700797,-0.019155121615520163,-1.3547785082420802,0.15228578815602456,0.6878680838463751,2.1760875053191975,1.0,Technology,"Salesforce, Inc.",0.0454,2026-10-02,False,sector cap (Technology)
CVX,Pullback in uptrend,True,66.32268584384998,,2026-10-30,False,True,favourable entry timing; quality/growth fundamentals,206.36325525816548,198.18418274577675,3.9634345281850245,218.6318640267486,230.90047279533167,6.5974,1361.460940240221,4999.9653030322115,198.17035121764965,1.0,14.999895909096638,15,"Limit near the 21-EMA, or at market on the first up-close / reclaim day.",Stop 198.2; to breakeven at +1.0R; trail 2.5×ATR from +1.0R; scale 1/2 at T1 (+1.5R); time-stop 15 bars if < +0.5R,size capped at 25% of capital; 55-day high sits before T1 (resistance),206.69000244140625,4.089536256194357,1.978584453959588,51.93026758890165,67.72555893851603,17.60150730455253,0.07989834611341334,0.9490770667643842,-0.024034358141606593,0.24029633861933886,0.05746318491239122,0.42402075330244293,0.7939793488795033,2052372150.7943726,0.0,0.0,0.0,1.0,0.4573289400129653,0.8584070796460177,0.42356723001183966,0.5087217768548759,0.6496427667459895,0.7927590989117643,0.43992160492241317,-0.6119792037610626,0.5510404273975513,0.026000352617122635,1.8358324401132227,0.875,Energy,Chevron Corporation,0.0106,2026-10-02,False,correlated with XOM (0.85)
CRWD,Extended (wait),False,66.14380747634225,,2026-12-01,False,True,momentum leader; strong trend structure; volume accumulation; new 55-day high,270.0400085449219,229.98943233066552,14.831349039745653,330.1158728663064,390.19173718769093,1.3597,367.17339961853025,1348.4443100990522,199.9924822373807,1.0,4.045332930297157,15,Too far above the 21-EMA. Set an alert for a pullback toward it.,Stop 230; to breakeven at +1.0R; trail 2.5×ATR from +1.0R; scale 1/2 at T1 (+1.5R); time-stop 15 bars if < +0.5R,,270.0400085449219,11.443021775501817,4.237528297070188,68.74572609292407,95.51452047200755,25.260903150936112,2.144801532376257,0.9872228597057188,0.32749980815871904,0.35439864545915967,1.7063540975002685,0.6274902123821064,0.7622174910189922,2567842016.8593597,0.0,1.0,1.0,1.0,1.0321310525459397,1.0,0.7253624548311763,2.0414658504958187,1.8629592951144558,-0.7428333597511992,-0.7207973177059,1.3517658389224378,-0.47266025992721616,-0.530763612128539,2.5136454887698463,0.7142857142857143,Technology,"CrowdStrike Holdings, Inc.",0.0277,2026-10-02,False,not actionable today
AAPL,Pullback in uptrend,True,66.12877449898407,,2026-10-29,False,True,favourable entry timing,331.0239878138702,316.95720944055546,4.2494740233823345,352.12415537384226,373.22432293381434,3.8714,1281.526266422617,4706.405213437061,199.99746698011984,1.0,14.119215640311186,15,"Limit near the 21-EMA, or at market on the first up-close / reclaim day.",Stop 317; to breakeven at +1.0R; trail 2.5×ATR from +1.0R; scale 1/2 at T1 (+1.5R); time-stop 15 bars if < +0.5R,55-day high sits before T1 (resistance),333.69000244140625,7.033389186657367,2.107761435823173,54.73837265460698,62.385708386206694,17.189801349242032,0.3790512023127645,0.9662651473329904,0.026864879418655896,0.06818197581868257,0.306210883034,0.27680709524796754,0.8356896502573355,13988005526.706696,0.0,0.0,0.0,1.0,0.577947276315563,0.8938053097345132,0.4181488257200059,0.7115797547989242,0.46278655178841055,0.7760082049824011,0.4465838705543439,0.43285614342768275,-0.25573585210728966,-0.18635410121715526,3.5939052555573197,0.7272727272727273,Technology,Apple Inc.,0.0088,2026-10-02,False,sector cap (Technology)
PLTR,No clean setup,False,64.96034414073229,,2026-11-02,False,True,strong trend structure; volume accumulation,188.75,175.1916768366589,7.18321756998204,209.08748474501164,229.4249694900233,4.0166,758.1332500000001,2784.2443606250004,199.99833010364912,1.0,8.352733081875002,0,No actionable pattern today.,Stop 175.2; to breakeven at +1.0R; trail 2.5×ATR from +1.0R; scale 1/2 at T1 (+1.5R); time-stop 15 bars if < +0.5R,55-day high sits before T1 (resistance),188.75,6.273270680708159,3.323587115606972,61.17985788011922,50.31067997119574,27.517550762378455,1.0399671234778505,0.9095508679355216,0.11383212865501613,0.4240984575313709,0.2713861744852626,-0.08375231408470818,0.5060756695436076,4140820168.4645844,0.0,0.0,0.0,1.0,0.8656845119705449,0.9557522123893806,0.6853115165082935,1.7834445329977773,0.7866040654029549,0.009653218686081821,0.31920819887010304,1.0583888393621896,0.21315777892410886,-0.28551870960553355,3.6911740985779313,0.7,Technology,Palantir Technologies Inc.,0.027999999,2026-10-02,False,not actionable today
DE,Squeeze (pre-breakout),True,64.69970321006438,,2026-11-25,False,True,strong trend structure; favourable entry timing; volatility compression; Bollinger/Keltner squeeze on,721.2701539680113,659.4217958745442,8.574922690646943,814.042691108212,906.8152282484127,0.8805,635.0783705688339,2332.325315914042,199.99509273401623,1.0,6.996975947742128,15,Buy-stop just above the 20-day high (+0.1 ATR). Let price trigger it; don't anticipate.,Stop 659.4; to breakeven at +1.0R; trail 2.5×ATR from +1.0R; scale 1/2 at T1 (+1.5R); time-stop 15 bars if < +0.5R,,687.0,17.670959455276325,2.572192060447791,56.57491009988788,78.20818162799776,18.75178226968326,0.6032932970775148,0.9548256846721171,-0.013933335114637901,0.08406177600971598,0.19925703608625556,0.5599076369893714,1.0094737326443153,866130007.1170044,1.0,0.0,0.0,1.0,0.614566929974038,0.9026548672566371,0.37866577673434965,1.0371259587895765,0.5369850074149386,0.6037518225715843,0.7102477121985251,-0.11605444238009748,-0.7433408076410567,-0.38653686480775,0.9949060204957525,0.8333333333333334,Industrials,Deere & Company,0.0208,2026-10-02,True,
XLE,Pullback in uptrend,True,64.44646506676476,,,False,True,favourable entry timing,62.68973734110934,60.27663090461603,3.8492846498351807,66.30939699584931,69.92905665058929,21.7175,1361.4643707055423,4999.977901416104,192.46338185436127,1.0,14.999933704248315,15,"Limit near the 21-EMA, or at market on the first up-close / reclaim day.",Stop 60.28; to breakeven at +1.0R; trail 2.5×ATR from +1.0R; scale 1/2 at T1 (+1.5R); time-stop 15 bars if < +0.5R,size capped at 25% of capital; 55-day high sits before T1 (resistance),62.81999969482422,1.2065532182466572,1.92065142328561,51.64936413588991,87.59674416253682,18.71615225284831,0.1079623772452998,0.9550159741988189,-0.029287222624625575,0.18941096231654475,0.07424704500107349,0.49004905776315777,1.0792720242658578,2191601269.854107,0.0,0.0,0.0,1.0,0.4671970309678587,0.8672566371681416,0.3717470583481729,0.45426683992630706,0.6133124392381429,0.7685265217333916,0.22365937119951776,-0.08068768400470774,,-0.39185272260931336,2.4205856483137427,0.75,ETF,State Street Energy Select Sect,,2026-10-02,False,max 6 positions in RISK_ON
NVDA,Momentum continuation,True,64.26736521221663,,2026-11-17,False,True,volatility compression; quality/growth fundamentals,233.9499969482422,219.6144106708739,6.127628324158439,255.45337636429463,276.95675578034707,1.8994,444.3646242034912,1631.9290823873214,99.99854868254441,0.5,4.895787247161965,15,Half-size starter at market; add on a 2–3 day tight consolidation.,Stop 219.6; to breakeven at +1.0R; trail 2.5×ATR from +1.0R; scale 1/2 at T1 (+1.5R); time-stop 15 bars if < +0.5R,55-day high sits before T1 (resistance),233.9499969482422,5.902342668066934,2.522907777328476,63.01107968379202,95.186943693792,16.01516481751941,1.580610318347724,0.9834790320585945,0.04367796703392446,0.1977078628548592,0.32186010798593445,0.200043817683474,0.9815798149035357,24630934462.00127,0.0,0.0,0.0,1.0,0.44967466663795314,0.8407079646017699,0.3668672200036229,0.693305299208765,0.7027113467689949,-0.5520199958818279,0.7983632538904625,0.48367510769588656,0.8580382909274054,-0.7867634239948017,5.261054964838926,0.5,Technology,NVIDIA Corporation,0.0127,2026-10-02,False,max 6 positions in RISK_ON
AMGN,Pullback in uptrend,True,63.5544440352579,,2026-11-03,False,True,strong trend structure; favourable entry timing,403.0400085449219,379.3170037525558,5.8860173405643295,438.62451573347096,474.20902292202004,2.2956,925.2186436157226,3397.8654686787413,199.9989506954781,1.0,10.193596406036226,15,"Limit near the 21-EMA, or at market on the first up-close / reclaim day.",Stop 379.3; to breakeven at +1.0R; trail 2.5×ATR from +1.0R; scale 1/2 at T1 (+1.5R); time-stop 15 bars if < +0.5R,,403.0400085449219,10.331960575714135,2.5635074326777554,47.839121446301014,9.60189754925986,27.051545037710117,-0.3982635355197658,0.9015949928315811,-0.0898744199306718,0.10630771768293523,0.1739285718412662,0.5247050667431035,1.0995274981066512,1322948525.081787,0.0,0.0,0.0,1.0,0.529978231719885,0.8761061946902655,0.3475483720746979,0.8782437615157913,0.4342253223201883,0.7073519262435233,-0.05297541604277518,0.3897225516045167,-0.2214816867839764,-0.5428604462281242,1.2285052811392552,0.7857142857142857,Healthcare,Amgen Inc.,0.025999999,2026-10-02,False,max 6 positions in RISK_ON
EEM,Pullback in uptrend,True,63.11937818499242,,,False,True,favourable entry timing,67.26769762235409,65.2011022720765,3.072195754163635,70.36759064777048,73.46748367318688,20.2395,1361.4645660276356,4999.978618736492,153.60913083391208,1.0,14.999935856209477,15,"Limit near the 21-EMA, or at market on the first up-close / reclaim day.",Stop 65.2; to breakeven at +1.0R; trail 2.5×ATR from +1.0R; scale 1/2 at T1 (+1.5R); time-stop 15 bars if < +0.5R,size capped at 25% of capital; 55-day high sits before T1 (resistance),67.66999816894531,1.0332976751387992,1.5269657205532385,52.87016512899395,80.79146159411957,9.424409881293442,0.3893365448027172,0.9455078728167028,0.007743806868954595,0.0014799241464071855,0.20200975469609062,0.27211048207671107,0.9652369526430757,1325869766.1748505,0.0,0.0,0.0,1.0,0.33583847883379003,0.7610619469026548,0.33583847883379003,0.22471944728511067,0.23280175872282266,0.7366825411800921,0.05545459467122226,0.4947861328516813,,,,,ETF,iShares MSCI Emerging Index Fun,,2026-10-02,False,max 6 positions in RISK_ON
META,Momentum continuation,True,63.041778389267066,,2026-10-28,False,True,strong trend structure; volume accumulation,728.0800170898438,673.2434722745387,7.5316645874293116,810.3348343128014,892.5896515357589,0.4965,361.49172848510744,1327.578372861557,99.98875017918417,0.5,3.9827351185846713,15,Half-size starter at market; add on a 2–3 day tight consolidation.,Stop 673.2; to breakeven at +1.0R; trail 2.5×ATR from +1.0R; scale 1/2 at T1 (+1.5R); time-stop 15 bars if < +0.5R,55-day high sits before T1 (resistance),728.0800170898438,25.426013245595012,3.4922003967673088,61.53780692280199,48.65340923975958,39.686077237399644,1.3223445543709653,0.9336513685870802,0.2290708842756044,0.21383774642211906,0.2695921368463412,-0.17139455110645996,0.9785252567674365,16626034997.92389,0.0,0.0,0.0,1.0,0.3810083228265534,0.7787610619469026,0.33375595413639914,0.9648828061393532,0.41663612666395017,-0.1212055532530175,-0.5571025881712768,0.8156215717246481,-0.044262995384835246,,,,Communication Services,"Meta Platforms, Inc.",0.014099999,2026-10-02,False,max 6 positions in RISK_ON
PFE,Pullback in uptrend,True,62.21877879877251,,,False,True,favourable entry timing; volume accumulation,27.799999237060547,26.77094673642661,3.7016278017090536,29.343577988011454,30.88715673896236,48.9737,1361.4688226360322,4999.994251130828,185.08117728371312,1.0,14.999982753392487,15,"Limit near the 21-EMA, or at market on the first up-close / reclaim day.",Stop 26.77; to breakeven at +1.0R; trail 2.5×ATR from +1.0R; scale 1/2 at T1 (+1.5R); time-stop 15 bars if < +0.5R,size capped at 25% of capital; 55-day high sits before T1 (resistance),27.799999237060547,0.5145262503169699,1.8508139008545297,47.885719512174525,3.028834035327634,29.469936197985017,-0.48740042808134315,0.9517288636903234,-0.04204001383386402,0.19250975369192114,0.01529822074200915,0.1413170316169563,0.8734387527538037,906464677.5559807,0.0,0.0,0.0,1.0,0.4095708271223134,0.8053097345132744,0.3117779241020129,-0.012774396062576469,0.40650084478832893,0.8241866693221571,0.14337299267901588,0.9062103004705856,-0.009343062459226765,-0.14944431349915197,2.472006420886942,0.8,Healthcare,"Pfizer, Inc.",0.0272,2026-10-02,False,max 6 positions in RISK_ON
LLY,Mean-reversion bounce,True,62.04853100812221,,,False,True,favourable entry timing; volatility compression,1142.8499755859375,1079.024934065207,5.584726156905027,1238.5875378670335,1334.3251001481292,0.8532,975.0795991699218,3580.979827951538,199.98791712510217,1.0,10.742939483854617,7,Buy at market; exit on a close above the 8-EMA or after 5–7 days.,Stop 1079; to breakeven at +1.0R; trail 2.5×ATR from +1.0R; scale 1/2 at T1 (+1.5R); time-stop 15 bars if < +0.5R,,1142.8499755859375,31.91252076036529,2.792363078452514,43.048639147541984,3.640632677162216,17.531826003048447,-0.6075074915563359,0.8841139937346716,-0.01485240769726548,-0.046308047663068286,0.2253979223582252,0.4143059369931701,0.8885077349356526,2597997029.538574,0.0,0.0,0.0,0.0,0.3196579271300855,0.7256637168141593,0.3072553908370805,0.03976730187769804,0.104339984027656,0.6403725533831989,0.773673393600778,0.48264662954057175,0.20803510049304008,,,,Healthcare,Eli Lilly and Company,0.0084,2026-10-02,False,max 6 positions in RISK_ON
MRVL,No clean setup,False,61.32439047136555,,2026-12-01,False,True,momentum leader; strong trend structure; volume accumulation; new 55-day high,272.2900085449219,241.73862577983746,11.220162990315565,318.1170826925485,363.9441568401751,1.7825,485.3569402313232,1782.4733629995344,199.99641658750699,1.0,5.347420088998604,0,No actionable pattern today.,Stop 241.7; to breakeven at +1.0R; trail 2.5×ATR from +1.0R; scale 1/2 at T1 (+1.5R); time-stop 15 bars if < +0.5R,Ex-dividend 2026-10-09,272.2900085449219,13.005518853306366,4.776348174803021,64.99195427302118,92.2225952312931,22.499939806308717,1.7678009670416979,0.825625004996225,0.31872343170823436,0.0926191501047322,1.5440529967380296,1.466562112032769,0.7465962062122121,4334792136.428375,0.0,1.0,1.0,1.0,0.8095495384578019,0.9469026548672567,0.5694946450210403,1.021377285960438,1.4672626248286516,-0.32547214072753855,-0.35170944008931476,1.6054028248505325,-0.3058291831351048,-0.47562067431690824,2.4973564755769573,0.7272727272727273,Technology,"Marvell Technology, Inc.",0.0418,2026-10-02,False,max 6 positions in RISK_ON
XBI,Squeeze (pre-breakout),True,61.296973098983045,,,False,True,volatility compression; Bollinger/Keltner squeeze on,166.3666821462819,152.13304201176723,8.555583336090937,187.71714234805393,209.06760254982592,3.826,636.5189258916746,2337.615755337175,199.99666402546364,1.0,7.0128472660115255,15,Buy-stop just above the 20-day high (+0.1 ATR). Let price trigger it; don't anticipate.,Stop 152.1; to breakeven at +1.0R; trail 2.5×ATR from +1.0R; scale 1/2 at T1 (+1.5R); time-stop 15 bars if < +0.5R,55-day high sits before T1 (resistance),154.42999267578125,4.0667543241470465,2.633396695604987,43.54840709599934,17.592550431193132,11.48809579592648,-0.735629621246101,0.9089999012925467,-0.06615470015375968,-0.03967418058375283,0.1986784686201437,0.6380309811087483,1.0099499229064812,1377620081.261673,1.0,0.0,0.0,1.0,0.28738290735384797,0.6814159292035398,0.28738290735384797,0.17577345125557278,0.2586655751599903,0.46765131716566677,0.7879458993125105,-0.1885704566413482,,,,,ETF,State Street SPDR S&P Biotech E,,2026-10-02,False,max 6 positions in RISK_ON
COP,Pullback in uptrend,True,60.739997503920655,,,False,True,favourable entry timing,126.75,120.42919813590974,4.986825928276336,136.2312027961354,145.71240559227078,8.6158,1092.05265,4010.563357125,199.9998133630594,1.0,12.031690071375001,15,"Limit near the 21-EMA, or at market on the first up-close / reclaim day.",Stop 120.4; to breakeven at +1.0R; trail 2.5×ATR from +1.0R; scale 1/2 at T1 (+1.5R); time-stop 15 bars if < +0.5R,,126.75,3.1604009320451274,2.4934129641381677,44.89787089204116,61.641120964703774,20.001535996495726,-0.7537004569772789,0.895000736973032,-0.07616616020905875,0.23185366683757858,-0.015142150546991862,0.4825625904492814,0.9287470982087592,902110895.7458496,0.0,0.0,0.0,1.0,0.284948219827144,0.672566371681416,0.27274760381038654,0.2036003151834136,0.5057329931120265,0.6358989075798044,0.3525587149334808,-0.6983544308329287,0.17514267567632702,,,,Energy,ConocoPhillips,0.0134000005,2026-10-02,False,max 6 positions in RISK_ON
NOW,Squeeze (pre-breakout),True,59.83407745210604,,,False,True,strong trend structure; favourable entry timing; Bollinger/Keltner squeeze on,148.17394920319012,127.03598343919187,14.265642427476829,179.8808978491875,211.58784649518486,2.5763,381.74054533217867,1401.9421527324262,199.99605454887896,1.0,4.205826458197279,15,Buy-stop just above the 20-day high (+0.1 ATR). Let price trigger it; don't anticipate.,Stop 127; to breakeven at +1.0R; trail 2.5×ATR from +1.0R; scale 1/2 at T1 (+1.5R); time-stop 15 bars if < +0.5R,55-day high sits before T1 (resistance),134.3800048828125,6.039418789713787,4.494283799870766,50.348044298580824,42.558365459132624,19.030025656235196,-0.10947466224722457,0.696392123496191,-0.01711524515065821,0.2450662883614234,0.31745102826286775,-0.25079180380423705,0.580298435291449,1612095306.066742,1.0,0.0,0.0,1.0,0.3094377802715393,0.7168141592920354,0.2490977608724487,0.9735296333767148,-0.024156823413010953,0.8889621027190077,-0.050729529131596444,-0.6938785909955033,-0.23362239432027612,,,,Technology,"ServiceNow, Inc.",0.0279,2026-10-02,False,max 6 positions in RISK_ON
ETN,Pullback in uptrend,True,59.330630480515545,,,False,True,volume accumulation,429.1235896315874,401.17800675168684,6.512245785390748,471.0419639514382,512.960338271289,1.9487,836.2331391150743,3071.06620340011,199.9953793974834,1.0,9.213198610200331,15,"Limit near the 21-EMA, or at market on the first up-close / reclaim day.",Stop 401.2; to breakeven at +1.0R; trail 2.5×ATR from +1.0R; scale 1/2 at T1 (+1.5R); time-stop 15 bars if < +0.5R,,436.1099853515625,13.972791439950276,3.2039604478870976,56.30673818393749,60.98815910822413,11.30507995356637,0.6928270882740369,0.9123639860911349,0.11579884493096282,0.05747901129653776,0.2140435504171072,0.05715730450320056,0.9271879668505075,891145561.4924622,0.0,0.0,0.0,1.0,0.32589360378692694,0.7345132743362832,0.2360315558979862,0.532413522610715,0.16849795580839083,0.4327846312579505,-0.13697568531958,0.6088756339856626,-0.48286482721354007,,,,Industrials,"Eaton Corporation, PLC",0.02,2026-10-02,False,max 6 positions in RISK_ON
GILD,Pullback in uptrend,True,59.08968805102149,,,False,True,volatility compression,144.74000549316406,137.85782397841342,4.7548578510145765,155.06327776529002,165.386550037416,7.913,1145.3276634674073,4206.215844084053,199.99958429304965,1.0,12.618647532252162,15,"Limit near the 21-EMA, or at market on the first up-close / reclaim day.",Stop 137.9; to breakeven at +1.0R; trail 2.5×ATR from +1.0R; scale 1/2 at T1 (+1.5R); time-stop 15 bars if < +0.5R,55-day high sits before T1 (resistance),144.74000549316406,3.4410907573753198,2.377428925507288,44.47660643182409,2.971389717737779,28.576166032140655,-0.9495823788005,0.9367657548976168,-0.027102356766363522,0.12302457761442898,0.04868524101114091,0.37155884738395706,0.8288388702556909,880393569.9530792,0.0,0.0,0.0,1.0,0.2876337199929478,0.6902654867256637,0.22979641810225648,0.153230323321587,0.3836449259764053,0.44395790519468237,0.5152674473068931,-0.14570750673952196,-0.23290199702327366,,,,Healthcare,"Gilead Sciences, Inc.",0.0148,2026-10-02,False,max 6 positions in RISK_ON
SMH,Extended (wait),False,58.1993623368805,,,False,True,volume accumulation; new 55-day high,630.5999755859375,577.034456784017,8.494373751307037,710.9482537888182,791.2965319916989,1.0166,641.067935180664,2354.3219919509884,199.98490930553376,1.0,7.062965975852966,15,Too far above the 21-EMA. Set an alert for a pullback toward it.,Stop 577; to breakeven at +1.0R; trail 2.5×ATR from +1.0R; scale 1/2 at T1 (+1.5R); time-stop 15 bars if < +0.5R,,630.5999755859375,15.304433943405861,2.42696392894487,68.60750947533504,97.55892744128518,17.970256833476554,2.6044989117926445,0.9386302480462219,0.1455457018599713,0.04352141043229518,0.6073612454457384,0.654807936122922,0.6803655444719534,3769767338.3502197,0.0,1.0,1.0,1.0,0.4346168673895138,0.8230088495575221,0.4768430456388446,0.6823285799016797,0.7341261717206988,-0.8971459292917795,0.24914916528971467,1.3735320786589578,,0.814652471633491,2.6567004716178526,1.0,ETF,VanEck Semiconductor ETF,,2026-10-02,False,max 6 positions in RISK_ON
BRK-B,Pullback in uptrend,True,57.37635579045276,,,False,True,favourable entry timing; volume accumulation,502.6499938964844,491.1416277427239,2.2895387035716306,519.912543127125,537.1750923577657,2.7085,1361.4275084686278,4999.842524851036,114.47332972409748,1.0,14.99952757455311,15,"Limit near the 21-EMA, or at market on the first up-close / reclaim day.",Stop 491.1; to breakeven at +1.0R; trail 2.5×ATR from +1.0R; scale 1/2 at T1 (+1.5R); time-stop 15 bars if < +0.5R,size capped at 25% of capital,502.6499938964844,5.754183076880216,1.1447693517858137,46.50038243192086,71.35544578857062,10.307707042326987,-0.4106438402700977,0.934745421625428,-0.005126269471838807,-0.007757891705065689,0.05300091645433502,0.014130826685765374,1.0318402857438471,2368481074.551239,0.0,0.0,0.0,1.0,0.1857644817119015,0.6371681415929203,0.1857644817119015,-0.03774437268065315,-0.024385140353005624,0.6679934497542009,-0.26508230399228877,0.8856595793000196,,,,,,,,2026-10-02,False,max 6 positions in RISK_ON
VRTX,Pullback in uptrend,True,56.501889208425496,,,False,True,volatility compression,504.7300109863281,480.7316595022128,4.75469081721899,540.7275382125011,576.7250654386742,2.2692,1145.3333409301758,4206.236694566071,199.99354986702855,1.0,12.618710083698213,15,"Limit near the 21-EMA, or at market on the first up-close / reclaim day.",Stop 480.7; to breakeven at +1.0R; trail 2.5×ATR from +1.0R; scale 1/2 at T1 (+1.5R); time-stop 15 bars if < +0.5R,,504.7300109863281,11.999175742057686,2.377345408609498,39.03390027350097,2.9553126489803105,16.39118270169661,-1.2676355847285907,0.9009014029207106,-0.09343509477085199,-0.04694200156440109,0.15048670150474597,0.37737812466190457,0.8419582385340443,522942407.9766846,0.0,0.0,0.0,1.0,0.16347285489866734,0.6194690265486725,0.16347285489866734,0.17352098652388845,0.0727257895578915,0.18392662349182654,0.7128471306198145,-0.2098106736107215,,,,,,,,2026-10-02,False,max 6 positions in RISK_ON
KO,Pullback in uptrend,True,56.34218902554104,,,False,True,no dominant factor,85.6500015258789,83.21899652120499,2.8383011808113037,89.29650903288979,92.94301653990067,15.8957,1361.4667292549134,4999.98656318867,141.91467766339053,1.0,14.99995968956601,15,"Limit near the 21-EMA, or at market on the first up-close / reclaim day.",Stop 83.22; to breakeven at +1.0R; trail 2.5×ATR from +1.0R; scale 1/2 at T1 (+1.5R); time-stop 15 bars if < +0.5R,size capped at 25% of capital,85.6500015258789,1.2155025023369639,1.419150590405656,38.374127027839286,2.167452484851921,15.389454676831527,-1.3895214564587177,0.9315719514398593,-0.023559760873702373,0.03858590151586139,0.13030978131348436,0.348434172987776,1.051451075196829,1385694870.9542084,0.0,0.0,0.0,1.0,0.15941337730163652,0.6106194690265486,0.15941337730163652,0.12050320697841196,0.26217085088732683,0.18363737364115218,0.23374936757060502,-0.1303319507943824,,,,,,,,2026-10-02,False,max 6 positions in RISK_ON
QQQ,Momentum continuation,True,55.99923984779185,,,False,True,volume accumulation; new 55-day high,749.5800170898438,725.4378537440563,3.220758664233952,785.7932621085249,822.0065071272062,1.1278,845.3763432739257,3104.644620673492,99.9931106140148,0.5,9.313933862020479,15,Half-size starter at market; add on a 2–3 day tight consolidation.,Stop 725.4; to breakeven at +1.0R; trail 2.5×ATR from +1.0R; scale 1/2 at T1 (+1.5R); time-stop 15 bars if < +0.5R,,749.5800170898438,9.488575258150117,1.2658522161501042,65.59189807668967,94.5277181045528,14.088433235488644,1.972205723294393,0.9934265100830479,0.05797912352865575,0.038102234624215914,0.28412209550049283,0.17999281519373045,0.951581919550708,24662063354.744568,0.0,1.0,1.0,1.0,0.15070700408804188,0.584070796460177,0.15070700408804188,0.5469214236342869,0.4042164892614033,-0.7061715144751921,-0.8895053947839375,1.0500346287789786,,,,,,,,2026-10-02,False,max 6 positions in RISK_ON
XLV,Pullback in uptrend,True,54.51843510027649,,,False,True,no dominant factor,166.17999267578125,161.4193330097985,2.864761027683308,173.3209821747554,180.46197167372952,8.1927,1361.4628259948731,4999.972228466171,143.2372557960875,1.0,14.999916685398516,15,"Limit near the 21-EMA, or at market on the first up-close / reclaim day.",Stop 161.4; to breakeven at +1.0R; trail 2.5×ATR from +1.0R; scale 1/2 at T1 (+1.5R); time-stop 15 bars if < +0.5R,size capped at 25% of capital,166.17999267578125,2.3803298329913836,1.432380513841657,42.5515481976821,4.511980426074956,15.042962030733406,-0.9936446583964155,0.9445978323243092,-0.035466970052353886,0.029982568142372212,0.14128254507458315,0.22094971903934235,1.044227047698679,1362824265.5350494,0.0,0.0,0.0,1.0,0.11326989148610371,0.5663716814159292,0.11326989148610371,0.15154487570791048,0.21893655763806388,0.46259589520085215,-0.1524518722295041,-0.48571398419392525,,,,,,,,2026-10-02,False,max 6 positions in RISK_ON
CSCO,No clean setup,False,54.474658498971536,,2026-11-12,False,True,volatility compression; Bollinger/Keltner squeeze on,112.19999694824219,103.44629684634671,7.801871960775145,125.3305471010854,138.4610972539286,6.2212,698.0186210144043,2563.4733856753996,199.9989112989423,1.0,7.6904201570262,0,No actionable pattern today.,Stop 103.4; to breakeven at +1.0R; trail 2.5×ATR from +1.0R; scale 1/2 at T1 (+1.5R); time-stop 15 bars if < +0.5R,55-day high sits before T1 (resistance),112.19999694824219,2.6404685871614157,2.3533588760964608,58.1580317367364,99.3686901289306,26.740897442098706,1.3114985908498316,0.8671958951285795,0.029005713511640607,-0.01180064849272544,0.43073058984465096,0.6251131698683989,0.808511573559099,1988587216.3223648,1.0,1.0,0.0,0.0,0.3887950962966497,0.7876106194690266,0.37251623012268253,0.3569782270064175,0.36244969667935906,0.20782817491870148,0.7995969655545546,0.3789408467293573,-0.14714529767490453,0.7619468285285319,2.456904456386971,1.0,Technology,"Cisco Systems, Inc.",0.0146,2026-10-02,False,max 6 positions in RISK_ON
SPY,Pullback in uptrend,True,54.30072601108586,,,False,True,no dominant factor,766.2683788908571,752.7818358605354,1.7600286533868166,786.4981934363398,806.7280079818223,1.7767,1361.4290287753859,4999.848108177604,87.9987593297445,1.0,14.999544324532815,15,"Limit near the 21-EMA, or at market on the first up-close / reclaim day.",Stop 752.8; to breakeven at +1.0R; trail 2.5×ATR from +1.0R; scale 1/2 at T1 (+1.5R); time-stop 15 bars if < +0.5R,size capped at 25% of capital; costs > 15% of risk budget; 55-day high sits before T1 (resistance),769.6400146484375,6.7432715151608775,0.8761591636112013,55.39130245090197,86.84498242687026,9.56416337890817,0.6982813317166218,0.9899677453473794,0.008352759719697067,0.02698216277875387,0.17948068466436262,0.15416136478562836,1.0702246464092486,35162410153.09601,0.0,0.0,0.0,1.0,0.10778449118966607,0.5575221238938053,0.10778449118966607,0.493730582177163,0.2987870793028601,0.2999919984130034,-0.9325275369283801,-0.38961339378527277,,,,,,,,2026-10-02,False,max 6 positions in RISK_ON
DHR,Pullback in uptrend,True,54.10418831973659,Earnings in 16d — binary gap risk,2026-10-21,False,True,strong trend structure; favourable entry timing; volume accumulation,214.05999755859375,202.14871100289585,5.564461689035324,231.9269273921406,249.79385722568745,4.572,978.6823088378907,3594.2107792071533,199.99848183216005,1.0,10.782632337621463,15,"Limit near the 21-EMA, or at market on the first up-close / reclaim day.",Stop 202.1; to breakeven at +1.0R; trail 2.5×ATR from +1.0R; scale 1/2 at T1 (+1.5R); time-stop 15 bars if < +0.5R,55-day high sits before T1 (resistance),214.05999755859375,5.9556432778489485,2.782230844517662,50.37645996369032,29.67511229995641,26.96944101356846,-0.18837739788429847,0.88691221585067,0.021577553576866748,0.10752692586316548,0.12434194955806177,-0.0084287333374925,1.1156173333132888,941810227.6176453,0.0,0.0,0.0,1.0,0.4562993289741228,0.8495575221238938,0.362430674870797,0.8216407619088223,0.11742207903553226,0.7378078950746203,-0.2540193737431315,0.8608654415177082,-0.2824959852361502,0.25640810215113746,0.540513399855208,1.0,Healthcare,Danaher Corporation,0.013300001,2026-10-02,False,max 6 positions in RISK_ON
V,Pullback in uptrend,True,53.80141322672017,,,False,True,no dominant factor,360.6600036621094,349.19236041081973,3.1796271099784343,377.8614685390438,395.0629334159783,3.7749,1361.4554478240968,4999.945132133996,158.97961090537956,1.0,14.999835396401988,15,"Limit near the 21-EMA, or at market on the first up-close / reclaim day.",Stop 349.2; to breakeven at +1.0R; trail 2.5×ATR from +1.0R; scale 1/2 at T1 (+1.5R); time-stop 15 bars if < +0.5R,size capped at 25% of capital,360.6600036621094,5.733821625644812,1.5898135549892143,41.30592254422169,38.31879161150111,16.760541193334785,-1.0457971890532847,0.9353943429495982,-0.04688158171384105,0.011420613743094554,0.20372045867262156,0.09658818407248515,0.8669289997057181,2252514686.101532,0.0,0.0,0.0,1.0,0.09521907917531497,0.5486725663716814,0.09521907917531497,0.14072431768671467,0.146061622428155,0.34322974611577717,0.29705904125563465,-0.6967537184705975,,,,,,,,2026-10-02,False,max 6 positions in RISK_ON
MA,Pullback in uptrend,True,52.95608894205196,,,False,True,no dominant factor,552.260009765625,533.6947862176524,3.361681675240525,580.1078450875839,607.9556804095427,2.4652,1361.4313760742186,4999.856728632568,168.07926743472143,1.0,14.999570185897705,15,"Limit near the 21-EMA, or at market on the first up-close / reclaim day.",Stop 533.7; to breakeven at +1.0R; trail 2.5×ATR from +1.0R; scale 1/2 at T1 (+1.5R); time-stop 15 bars if < +0.5R,size capped at 25% of capital,552.260009765625,9.282611773986273,1.6808408376202622,38.87549633084363,36.06561241115129,20.038743756761328,-1.3181331993637522,0.9185503512899582,-0.06100588973572885,0.037677358595078925,0.12300665291448443,0.03143250738833481,1.1392835959816636,1552468750.2749634,0.0,0.0,0.0,1.0,0.07398851015463047,0.5309734513274337,0.07398851015463047,0.15345888143098033,0.07602015994559642,0.10187392585563929,0.3193369094526435,-0.37720787972501046,,,,,,,,2026-10-02,False,max 6 positions in RISK_ON
ADI,Extended (wait),False,52.82196661126296,,,False,True,volume accumulation; new 55-day high,417.1499938964844,377.6541138019044,9.46802844839089,476.3938140383544,535.6376341802244,1.3788,575.1664115844727,2112.298646543976,199.99303676975936,1.0,6.336895939631928,15,Too far above the 21-EMA. Set an alert for a pullback toward it.,Stop 377.7; to breakeven at +1.0R; trail 2.5×ATR from +1.0R; scale 1/2 at T1 (+1.5R); time-stop 15 bars if < +0.5R,,417.1499938964844,11.284537169880007,2.7051509852545417,72.28148129686164,97.41981475309538,25.318588088663063,2.7992868233372845,0.9383529136918162,0.1727249836027318,0.07610254060624388,0.31798404284450354,0.5051774147424521,0.7661905046388182,1223242746.0656738,0.0,1.0,1.0,1.0,0.3709970140238574,0.7699115044247787,0.32786669534637275,0.6599934503356009,0.5372139101479185,-1.015372512609562,-0.12657201750950683,1.9545852225737104,-0.017175854073504592,,,,Technology,"Analog Devices, Inc.",0.0199,2026-10-02,False,max 6 positions in RISK_ON
ASML,Extended (wait),False,52.43132163706804,,,False,True,volume accumulation,1867.31005859375,1688.7849295619635,9.56055092244465,2135.0977521414297,2402.8854456891095,0.305,569.5295678710937,2091.5973380065916,199.96822859261692,1.0,6.274792014019775,15,Too far above the 21-EMA. Set an alert for a pullback toward it.,Stop 1689; to breakeven at +1.0R; trail 2.5×ATR from +1.0R; scale 1/2 at T1 (+1.5R); time-stop 15 bars if < +0.5R,55-day high sits before T1 (resistance),1867.31005859375,51.00717972336754,2.731585977841327,64.78162086842525,90.0655104425905,16.906938365355856,2.338647688225724,0.9348812227342811,0.10997444236805509,0.02446760447698315,0.4225373868152198,0.687861420343985,1.0070634994923784,2339889962.235718,0.0,1.0,0.0,1.0,0.4320095957860047,0.8141592920353983,0.31743526110962733,0.6505766146522968,0.5918220623398339,-0.6097837661253247,0.3053189968459666,1.2847250334758795,-0.18546904003417586,-0.09625511515758862,1.872867594107468,0.8461538461538461,Technology,ASML Holding N.V. - New York Re,0.0038,2026-10-02,False,max 6 positions in RISK_ON
QCOM,Pullback in uptrend,True,52.327553871419425,,,False,True,no dominant factor,183.6643975997013,166.98276712712214,9.082669635808761,208.68684330857002,233.70928901743872,3.2645,599.5724259642249,2201.929734353616,199.99400338398036,1.0,6.605789203060849,15,"Limit near the 21-EMA, or at market on the first up-close / reclaim day.",Stop 167; to breakeven at +1.0R; trail 2.5×ATR from +1.0R; scale 1/2 at T1 (+1.5R); time-stop 15 bars if < +0.5R,55-day high sits before T1 (resistance),184.8699951171875,8.340815236289568,4.511719292794051,52.566678441229186,56.30178648466518,17.156841461032144,0.1445419282567065,0.7177695982724016,0.09364639003824271,-0.003238091586844183,0.4713144957140134,0.03646011386815484,0.8771372262704059,2784792700.4730225,0.0,0.0,0.0,1.0,0.058230933318193574,0.5132743362831859,0.058230933318193574,0.47720122603173765,-0.1886200984710723,0.4547614467005043,-0.5360938523571225,-0.16305305703387984,,,,,,,,2026-10-02,False,max 6 positions in RISK_ON
XLK,Extended (wait),False,51.71409639870736,,,False,True,volume accumulation; new 55-day high,199.80999755859375,190.16797977742866,4.825593263088649,214.27302423034138,228.73605090208903,5.648,1128.5268662109374,4144.514916159667,199.99743258190512,1.0,12.433544748479003,15,Too far above the 21-EMA. Set an alert for a pullback toward it.,Stop 190.2; to breakeven at +1.0R; trail 2.5×ATR from +1.0R; scale 1/2 at T1 (+1.5R); time-stop 15 bars if < +0.5R,,199.80999755859375,3.2080857730978254,1.6055681959342714,68.9575655331432,96.33093900935735,16.79060400406359,2.396416191450374,0.9921545169281335,0.08955970373723265,0.08973778465318416,0.47276778037196343,0.2952471942867827,1.1388901587315328,1406248558.990326,0.0,1.0,1.0,1.0,0.29839412207334615,0.7079646017699115,0.29839412207334615,0.6557401944293171,0.6685094087390763,-0.9317416201551777,-0.3171187427745586,1.1191302388877686,,,,,ETF,State Street Technology Select ,,2026-10-02,False,max 6 positions in RISK_ON
TXN,Extended (wait),False,50.05244419997278,,,False,True,volume accumulation,293.79998779296875,265.29649370851456,9.701666190857594,336.55522891965006,379.3104700463313,1.9106,561.3342566772461,2061.500057647186,199.9998541172669,1.0,6.18450017294156,15,Too far above the 21-EMA. Set an alert for a pullback toward it.,Stop 265.3; to breakeven at +1.0R; trail 2.5×ATR from +1.0R; scale 1/2 at T1 (+1.5R); time-stop 15 bars if < +0.5R,55-day high sits before T1 (resistance),293.79998779296875,8.143855452701192,2.771904625959311,70.44351230582791,96.95690249100771,18.22606749617361,2.4987156234576524,0.8840650906712451,0.15306116277121395,-0.027004087553115785,0.5230908598455652,0.4490746867453266,0.725819670031911,1577921585.0704956,0.0,1.0,0.0,1.0,0.3285625709275287,0.7522123893805309,0.25478172598778703,0.512967530631827,0.3431556178009264,-0.9804672525714064,0.31692183813529906,1.8984555023760699,-0.33546503353014656,,,,Technology,Texas Instruments Incorporated,0.0241,2026-10-02,False,max 6 positions in RISK_ON
SHOP,No clean setup,False,49.928958771316566,,,False,True,strong trend structure,151.38999938964844,128.85083265517795,14.88814771473712,185.19874949135416,219.0074995930599,2.4161,365.77337752532964,1343.302728961773,199.99289454392357,1.0,4.0299081868853195,0,No actionable pattern today.,Stop 128.9; to breakeven at +1.0R; trail 2.5×ATR from +1.0R; scale 1/2 at T1 (+1.5R); time-stop 15 bars if < +0.5R,55-day high sits before T1 (resistance),151.38999938964844,6.43976192413442,4.253756489924889,61.1387544182458,96.24553478757522,14.89680286705922,1.3834655247950638,0.8309457015257281,0.06710371889839872,0.26011320258665305,0.2802536946270482,-0.05148099104080506,0.6903588188936394,1448549444.651451,0.0,0.0,0.0,1.0,0.32668236346031915,0.7433628318584071,0.2515662066779108,1.1738068804932278,0.35260499515960714,-0.36974285964660336,-0.5055981784464524,0.44454512671343743,-0.349363047581356,,,,Technology,Shopify Inc.,0.0136,2026-10-02,False,max 6 positions in RISK_ON
AMZN,No clean setup,False,49.83402084710911,,,False,True,favourable entry timing; volatility compression; Bollinger/Keltner squeeze on,251.52000427246094,240.2510534343316,4.480339792743549,268.423430529655,285.32685678684896,4.8326,1215.4955726470948,4463.907490546456,199.99822361021285,1.0,13.391722471639369,0,No actionable pattern today.,Stop 240.3; to breakeven at +1.0R; trail 2.5×ATR from +1.0R; scale 1/2 at T1 (+1.5R); time-stop 15 bars if < +0.5R,,251.52000427246094,5.634475419064669,2.2401698963717736,48.56366800923155,84.3953373186355,8.87956659807369,-0.06911765768427698,0.8757659943661493,-0.013569658455776734,0.03014416980652168,0.1990275022627772,0.15569047765271793,0.8799054710387317,8852990822.20787,1.0,0.0,0.0,0.0,0.27190925619077955,0.6637168141592921,0.24909628880285525,-0.08705646125012012,0.08238316949186497,0.6209698790557592,1.007696722073749,0.20427750763942631,0.06659254969946113,,,,Consumer Cyclical,"Amazon.com, Inc.",0.0083,2026-10-02,False,max 6 positions in RISK_ON
LRCX,Extended (wait),False,49.76805319615586,,,False,True,volume accumulation; new 55-day high,347.489990234375,299.13573731133425,13.915293758656697,420.0213696189361,492.55274900349724,1.1262,391.34322700195315,1437.2080011646729,199.99171528498238,1.0,4.311624003494019,15,Too far above the 21-EMA. Set an alert for a pullback toward it.,Stop 299.1; to breakeven at +1.0R; trail 2.5×ATR from +1.0R; scale 1/2 at T1 (+1.5R); time-stop 15 bars if < +0.5R,,347.489990234375,13.8155008351545,3.9757982167590566,67.76360857404939,99.51766044958943,15.712877686249383,2.536222208337499,0.7932933399793229,0.20650365705678242,-0.006684360425068925,0.5935916815915774,1.0263626020439163,0.8691443404926733,2891489039.9531555,0.0,1.0,1.0,1.0,0.2920038908167968,0.6991150442477876,0.24738119630209365,0.6101563923044694,0.5158868933990275,-0.7055143499421941,-0.22160388424181487,1.1058765175829723,-0.10960035981553153,,,,Technology,Lam Research Corporation,0.0233,2026-10-02,False,max 6 positions in RISK_ON
GOOGL,No clean setup,False,49.56992316204749,,,False,True,favourable entry timing; volatility compression; Bollinger/Keltner squeeze on,343.5,325.49428344074056,5.2418388818804775,370.50857483888916,397.5171496777783,3.0245,1038.9157500000001,3815.4180918750003,199.99806904620596,1.0,11.446254275625003,0,No actionable pattern today.,Stop 325.5; to breakeven at +1.0R; trail 2.5×ATR from +1.0R; scale 1/2 at T1 (+1.5R); time-stop 15 bars if < +0.5R,,343.5,9.002858279629713,2.6209194409402365,50.01208299972561,64.92194644025534,13.486928155266426,0.03434194436797479,0.8416976941386004,0.019579965020636525,-0.062050938602537076,0.16281602977917697,0.379255321076148,1.0136609066644362,9386006231.347504,1.0,0.0,0.0,0.0,0.24124948495490928,0.6548672566371682,0.24223551099624444,0.14921228076165335,-0.06751306227989322,0.6099244006623553,0.5426757806726215,0.34279159214954597,0.25012371932692556,,,,Communication Services,Alphabet Inc.,0.0149,2026-10-02,False,max 6 positions in RISK_ON
ARM,No clean setup,False,47.66565425323313,,,False,True,volume accumulation,307.489990234375,269.44317439736864,12.373351018030316,364.5602139898846,421.6304377453941,1.4313,440.11042302246096,1616.305528549988,199.9911565713202,1.0,4.848916585649964,0,No actionable pattern today.,Stop 269.4; to breakeven at +1.0R; trail 2.5×ATR from +1.0R; scale 1/2 at T1 (+1.5R); time-stop 15 bars if < +0.5R,55-day high sits before T1 (resistance),307.489990234375,19.023407918503185,6.18667550901516,58.51642888465341,85.32732657621423,19.617187946841657,1.172311898193107,0.6792356570420236,0.3092480176925547,-0.045773338030676736,1.0621687946866545,0.5617767853736424,1.0879770250374945,1720790021.6545105,0.0,0.0,0.0,1.0,0.19316439786922887,0.6460176991150443,0.19316439786922887,0.6795562744052671,0.28201746402653183,0.01836454166960826,-1.4690779942894296,0.9226901558619843,,,,,,,,2026-10-02,False,max 6 positions in RISK_ON
AMAT,No clean setup,False,47.29136278046447,,,False,True,volume accumulation,540.0399780273438,471.6980990525771,12.654966623842485,642.5527964894937,745.0656149516437,0.7968,430.3038544921875,1580.2909056225585,199.98528666615292,1.0,4.740872716867676,0,No actionable pattern today.,Stop 471.7; to breakeven at +1.0R; trail 2.5×ATR from +1.0R; scale 1/2 at T1 (+1.5R); time-stop 15 bars if < +0.5R,55-day high sits before T1 (resistance),540.0399780273438,19.526251135647613,3.6157047496692813,69.19770320067096,99.30635746485618,18.802576763847636,2.8531022624087927,0.7308900659264209,0.23167447099371863,-0.08801185994862659,0.5533318323201495,1.0248237725098925,0.9010719277487867,2960446695.2609253,0.0,1.0,0.0,0.0,0.1835929368497712,0.6283185840707964,0.1835929368497712,0.4016598927329588,0.21581735041689679,-0.9687170752710502,-0.1865865789249088,1.765542525121494,,,,,,,,2026-10-02,False,max 6 positions in RISK_ON
CAT,No clean setup,False,46.31053210281298,,,False,True,volatility compression; volume accumulation; Bollinger/Keltner squeeze on,845.4199829101562,788.3736957591749,6.747686156484395,930.9894136366283,1016.5588443631003,0.9546,807.0379156860351,2963.8467453569638,199.9910765358652,1.0,8.891540236070892,0,No actionable pattern today.,Stop 788.4; to breakeven at +1.0R; trail 2.5×ATR from +1.0R; scale 1/2 at T1 (+1.5R); time-stop 15 bars if < +0.5R,,845.4199829101562,23.305265791425644,2.756649507053623,58.833391537930815,87.04551921251598,10.950772998728807,1.2227788668031185,0.7890264410410146,0.06707218615675736,-0.12674413355807534,0.1831807521813018,0.6626010329844156,0.8310961943296563,1887538344.5739746,1.0,1.0,0.0,0.0,0.15860907806967658,0.6017699115044248,0.15860907806967658,0.04710358093525914,-0.14198595167729045,-0.0525843139330019,0.8575298243785956,0.7509769884010274,,,,,,,,2026-10-02,False,max 6 positions in RISK_ON
ABNB,No clean setup,False,46.11073838236298,,,False,True,favourable entry timing,162.42999267578125,147.6719442837465,9.08579022194046,184.56706526383334,206.70413785188546,3.6901,599.3829159729004,2201.2337589104764,199.99948162914052,1.0,6.60370127673143,0,No actionable pattern today.,Stop 147.7; to breakeven at +1.0R; trail 2.5×ATR from +1.0R; scale 1/2 at T1 (+1.5R); time-stop 15 bars if < +0.5R,,162.42999267578125,5.312222865013953,3.270469189527963,46.116844601176055,91.63033134491229,22.48864907323494,-0.3439422742030198,0.8396354164366118,-0.11366366067569478,0.10010158747218756,0.2999599571264042,0.4982013976786357,0.8330255083434981,814592069.2205048,0.0,0.0,0.0,0.0,0.1535359557149509,0.5929203539823009,0.1535359557149509,0.07452745334546049,0.3621794877262944,0.5521075711364605,-0.3870056148131176,-0.2673717221786229,,,,,,,,2026-10-02,False,max 6 positions in RISK_ON
HON,No clean setup,False,45.984018268728704,,,False,True,favourable entry timing; volatility compression; volume accumulation,213.99000549316406,203.20595905740188,5.039509397137091,230.16607514680732,246.3421448004506,5.0499,1080.6281287399293,3968.60680279739,199.9983127623963,1.0,11.905820408392172,0,No actionable pattern today.,Stop 203.2; to breakeven at +1.0R; trail 2.5×ATR from +1.0R; scale 1/2 at T1 (+1.5R); time-stop 15 bars if < +0.5R,,213.99000549316406,4.336136914923713,2.0263268393916793,52.65166327727523,88.18724297852638,21.304919709734367,0.5435231226028774,0.8291418194408448,0.038433531748676364,-0.07158016450927651,-0.10317533909625154,0.011312089620271637,0.6832695903197857,617356343.4181213,0.0,0.0,0.0,0.0,0.15032092050695764,0.5752212389380531,0.15032092050695764,-0.1202892404294094,-0.45574339983622547,0.6257383596160722,0.7392755387374644,0.9046212663434708,,,,,,,,2026-10-02,False,max 6 positions in RISK_ON
TSM,Extended (wait),False,44.71974795451803,Earnings in 10d — binary gap risk,2026-10-15,False,True,volume accumulation; quality/growth fundamentals; new 55-day high,472.7799987792969,435.5691352199057,7.870650969894758,528.5962941183836,584.4125894574704,1.4635,691.913528213501,2541.052432364082,199.997367913398,1.0,7.623157297092247,15,Too far above the 21-EMA. Set an alert for a pullback toward it.,Stop 435.6; to breakeven at +1.0R; trail 2.5×ATR from +1.0R; scale 1/2 at T1 (+1.5R); time-stop 15 bars if < +0.5R,,472.7799987792969,10.631675302683181,2.24875741996993,71.67941161944353,98.45853479466443,17.48333351949251,2.7800302829758277,0.9896624571212077,0.1409105718407302,0.049266944835656634,0.40148200858834393,0.4517075744935981,0.8415077102139209,4465359388.865967,0.0,1.0,1.0,1.0,0.3940214064352985,0.7964601769911505,0.3792143769278731,0.6700076379226829,0.6216340672048855,-0.9992108743613991,0.22451419908113193,1.532372920085774,0.6561463421262297,-0.016173824329886972,3.844705390730754,0.75,Technology,Taiwan Semiconductor Manufactur,0.0057,2026-10-02,False,max 6 positions in RISK_ON
COST,No clean setup,False,43.71301940305846,,,False,True,favourable entry timing; volume accumulation,920.6500244140625,879.1869393076284,4.503675012969534,982.8446520737136,1045.0392797333648,1.3134,1209.1817420654295,4440.71994773529,199.99559468210802,1.0,13.32215984320587,0,No actionable pattern today.,Stop 879.2; to breakeven at +1.0R; trail 2.5×ATR from +1.0R; scale 1/2 at T1 (+1.5R); time-stop 15 bars if < +0.5R,,920.6500244140625,15.652145113236125,1.7001189049223953,51.3788986484381,71.12854201994527,13.015758112880402,0.32890118788261813,0.8409609983807743,-0.008433090879067184,-0.02960927760624521,-0.09015944118979036,0.01804916922959965,1.0832258120550573,2181253811.8554688,0.0,0.0,0.0,0.0,0.09299668385934542,0.5398230088495575,0.09299668385934542,-0.4713315558773923,-0.3448750350913131,0.7924949353888048,0.20246739599802616,1.1576143712765974,,,,,,,,2026-10-02,False,max 6 positions in RISK_ON
PG,No clean setup,False,42.67874072329815,,,False,True,favourable entry timing; volume accumulation; Bollinger/Keltner squeeze on,144.91000366210938,140.17814135246587,3.2653800221252607,152.00779712657464,159.10559059103988,9.3952,1361.4584664062502,4999.956217876954,163.26757145356382,1.0,14.999868653630863,0,No actionable pattern today.,Stop 140.2; to breakeven at +1.0R; trail 2.5×ATR from +1.0R; scale 1/2 at T1 (+1.5R); time-stop 15 bars if < +0.5R,size capped at 25% of capital,144.91000366210938,2.365931154821751,1.63269001106263,46.62977921446735,42.84770047711611,7.7789861072551885,-0.49489711532260183,0.8794683974395232,-0.018490895006942676,-0.02222384667457733,0.02774653825708584,-0.007823295831390187,0.8915018642501307,1165504161.969223,1.0,0.0,0.0,0.0,0.06703270102136269,0.5221238938053098,0.06703270102136269,-0.33491940508652196,-0.19058371495276039,0.6800314389206791,0.11862974630521746,0.5438828010396103,,,,,,,,2026-10-02,False,max 6 positions in RISK_ON
REGN,No clean setup,False,42.223042197806,,,False,True,distribution in volume,735.2000122070312,691.900670019313,5.889464291184644,800.1490254886087,865.098038770186,1.2577,924.6610553527833,3395.817725783096,199.99547235371395,1.0,10.18745317734929,0,No actionable pattern today.,Stop 691.9; to breakeven at +1.0R; trail 2.5×ATR from +1.0R; scale 1/2 at T1 (+1.5R); time-stop 15 bars if < +0.5R,,735.2000122070312,21.649671093859137,2.9447321455923237,34.914572571625044,14.092604740273885,20.967053585826374,-1.921180886158951,0.8555402858369165,-0.13711960033410553,0.13272876706660752,-0.03241072092709796,0.4274743559643295,1.1805848150332856,588939642.9296875,0.0,0.0,0.0,1.0,0.0556127187376722,0.504424778761062,0.0556127187376722,0.594094778329902,0.2096840105377737,-0.02883313737296631,-0.38878525915512846,-0.8354628678882826,,,,,,,,2026-10-02,False,max 6 positions in RISK_ON
BLK,No clean setup,False,41.943475376114556,,,False,True,volatility compression,1059.6300048828125,1013.4354416552384,4.359499354935963,1128.9218497241736,1198.2136945655348,1.1789,1249.1978127563477,4587.678967347687,199.99983498805526,1.0,13.763036902043064,0,No actionable pattern today.,Stop 1013; to breakeven at +1.0R; trail 2.5×ATR from +1.0R; scale 1/2 at T1 (+1.5R); time-stop 15 bars if < +0.5R,,1059.6300048828125,23.097281613787057,2.179749677467981,43.15825927636489,29.963154240796356,21.48784372265321,-0.7816900354098143,0.8871541967034082,-0.037948574154969106,0.05326074737137976,0.1081253694075055,-0.014113323763904062,0.8662688420544307,563565126.3641357,0.0,0.0,0.0,0.0,0.048611375588417514,0.49557522123893805,0.048611375588417514,-0.4057120331775907,0.007882113905572141,0.3657475977958786,0.7421744360424096,-0.11018604643763648,,,,,,,,2026-10-02,False,max 6 positions in RISK_ON
KLAC,No clean setup,False,39.63338916651015,,,False,True,volume accumulation,206.88999938964844,180.1581485534119,12.920803767750428,246.98777564400325,287.08555189835806,2.0372,421.4763067565918,1547.8717365635832,199.99746965785144,1.0,4.643615209690751,0,No actionable pattern today.,Stop 180.2; to breakeven at +1.0R; trail 2.5×ATR from +1.0R; scale 1/2 at T1 (+1.5R); time-stop 15 bars if < +0.5R,55-day high sits before T1 (resistance),206.88999938964844,7.63767166749615,3.691658219357264,67.2407901474152,96.12221116741985,15.347476792640087,2.4288012972395268,0.673858379321925,0.20103335647928544,-0.11223764223029198,0.36723851307295985,0.5341824594715177,0.7738747937609899,1754304059.1024017,0.0,1.0,0.0,0.0,-0.009165435088479106,0.48672566371681414,-0.009165435088479106,0.18971717725233803,-0.29918532004709175,-0.7326718120910993,0.06986268254803708,1.3243505004938323,,,,,,,,2026-10-02,False,max 6 positions in RISK_ON
UNP,No clean setup,False,38.95981011689573,,,False,True,favourable entry timing,278.2799987792969,267.0024848548778,4.052577969630947,295.19626966592546,312.11254055255404,4.8289,1343.7862861053466,4935.055135721885,199.9969572194058,1.0,14.805165407165656,0,No actionable pattern today.,Stop 267; to breakeven at +1.0R; trail 2.5×ATR from +1.0R; scale 1/2 at T1 (+1.5R); time-stop 15 bars if < +0.5R,,278.2799987792969,5.030099642988758,1.8075677968426744,44.63830699333437,91.5451075959742,32.26795837797524,-0.30898633070078746,0.8847476318937642,-0.039519593320871294,-0.01068184419562046,0.1483955899250966,0.2602722723647559,0.9995401316431236,692653040.7421875,0.0,0.0,0.0,0.0,-0.026008499652936504,0.4778761061946903,-0.026008499652936504,-0.5436742369325556,0.046451458435835626,0.5866380603255055,0.18462111060958206,-0.3014263705458102,,,,,,,,2026-10-02,False,max 6 positions in RISK_ON
JNJ,No clean setup,False,38.12484181311491,,,False,True,distribution in volume,256.0299987792969,245.75072244436933,4.014871844681174,271.4489132816882,286.8678277840795,5.2979,1356.421330532837,4981.457336381844,199.99912805319943,1.0,14.944372009145534,0,No actionable pattern today.,Stop 245.8; to breakeven at +1.0R; trail 2.5×ATR from +1.0R; scale 1/2 at T1 (+1.5R); time-stop 15 bars if < +0.5R,,256.0299987792969,5.139638167463769,2.0074359223405858,32.639480316151094,1.2502487404955218,15.838768849198384,-2.0433334032371055,0.9109118444073692,-0.06969221057118469,-0.007855823425204744,0.06473187373771094,0.512561291056244,1.1420554289630602,1758857192.7301025,0.0,0.0,0.0,1.0,-0.04690095145600823,0.4690265486725664,-0.04690095145600823,0.18081935336751265,0.17451045325007536,-0.43186651765513034,0.3798901242112281,-0.9052127992368121,,,,,,,,2026-10-02,False,max 6 positions in RISK_ON
LIN,No clean setup,False,38.11803760147325,,,False,True,no dominant factor,479.4800109863281,453.20287123670414,5.480341025180557,518.8957206107641,558.3114302352001,2.0724,993.6743747680664,3649.269141335724,199.99239387187592,1.0,10.947807424007173,0,No actionable pattern today.,Stop 453.2; to breakeven at +1.0R; trail 2.5×ATR from +1.0R; scale 1/2 at T1 (+1.5R); time-stop 15 bars if < +0.5R,,479.4800109863281,8.268471107870877,1.724466279806322,56.43213285687214,80.3623243988134,20.697303431888038,0.9344323419891447,0.8775246395481853,-0.0131110942772934,-0.11000704444594489,-0.03983238440631576,0.05490646449287162,1.0563515970323794,992450460.5506897,0.0,0.0,0.0,0.0,-0.04707129720661075,0.46017699115044247,-0.04707129720661075,-0.10189054687690402,-0.36390142166289086,0.27948721433092716,-0.06838063323105899,0.3861140819928175,,,,,,,,2026-10-02,False,max 6 positions in RISK_ON
AVGO,No clean setup,False,38.02277467556774,,,False,True,favourable entry timing; volatility compression,355.1400146484375,333.409375478987,6.118893471061617,387.73597340261324,420.33193215678904,2.506,889.9808767089843,3268.4547697137446,199.99326550861633,1.0,9.805364309141234,0,No actionable pattern today.,Stop 333.4; to breakeven at +1.0R; trail 2.5×ATR from +1.0R; scale 1/2 at T1 (+1.5R); time-stop 15 bars if < +0.5R,,355.1400146484375,10.86531958472525,3.059446735530807,47.848515128036645,70.67483904226717,21.049381679339376,-0.08496619371349144,0.7198985815161214,-0.031187460179937343,-0.04844417497261788,0.13288763769956558,0.10770584668093464,0.9545711858993415,8862937644.396515,0.0,0.0,0.0,0.0,-0.04945642332706791,0.45132743362831856,-0.04945642332706791,-0.6099429511275413,-0.4439505446461981,0.592204645526163,0.8004826270987895,0.24532128186600033,,,,,,,,2026-10-02,False,max 6 positions in RISK_ON
MDT,No clean setup,False,37.86420630023597,,,False,True,no dominant factor,86.37999725341797,82.2702971218566,4.757698844912561,92.54454745076002,98.70909764810207,13.2512,1144.6386196044923,4203.6853304974975,199.9986884128382,1.0,12.611055991492494,0,No actionable pattern today.,Stop 82.27; to breakeven at +1.0R; trail 2.5×ATR from +1.0R; scale 1/2 at T1 (+1.5R); time-stop 15 bars if < +0.5R,,86.37999725341797,2.054850065780682,2.3788494224562777,38.0732240987979,20.855907895352146,22.90763477005646,-1.3081500817259892,0.8393028211655474,-0.055235043055985256,0.0485003212085926,0.014362158142138481,-0.0036852382377200454,2.630935499806311,1236600181.5866852,0.0,0.0,0.0,0.0,-0.05342735365433181,0.4424778761061947,-0.05342735365433181,0.13005019458532258,-0.15319691189919252,0.20065120681465137,0.17826392451617076,-0.783767673395466,,,,,,,,2026-10-02,False,max 6 positions in RISK_ON
JPM,No clean setup,False,36.96785856356416,,,False,True,no dominant factor,332.3800048828125,319.4589647772451,3.887430024595784,351.7615650411636,371.14312519951466,4.0961,1361.4617380004881,4999.968232806793,194.3702663023825,1.0,14.99990469842038,0,No actionable pattern today.,Stop 319.5; to breakeven at +1.0R; trail 2.5×ATR from +1.0R; scale 1/2 at T1 (+1.5R); time-stop 15 bars if < +0.5R,size capped at 25% of capital,332.3800048828125,6.460520052783684,1.9437150122978892,34.5013126349434,34.75244072851784,24.018192394441883,-1.6730660381872324,0.9069031511127217,-0.06692492351972146,-0.015811904295241597,0.13912438862455745,0.16840381472889754,1.1995862632013188,2898683632.4742126,0.0,0.0,0.0,0.0,-0.07589666532253468,0.4336283185840708,-0.07589666532253468,-0.35344739597857194,0.03267235513510891,-0.07866839673545631,-0.30268171446842335,0.43872489111070206,,,,,,,,2026-10-02,False,max 6 positions in RISK_ON
TSLA,No clean setup,False,36.37167450391128,,,False,True,no dominant factor,370.5899963378906,342.76922217445025,7.507157354046436,412.3211575830512,454.05231882821175,1.9574,725.3928588317871,2664.005274059738,199.99106784376056,1.0,7.992015822179216,0,No actionable pattern today.,Stop 342.8; to breakeven at +1.0R; trail 2.5×ATR from +1.0R; scale 1/2 at T1 (+1.5R); time-stop 15 bars if < +0.5R,55-day high sits before T1 (resistance),370.5899963378906,12.443130833448995,3.3576542692490263,54.99157195561247,89.1978103953212,17.76011467038292,0.6380797085962812,0.7429184417809718,0.03803811153973191,-0.11715938243069457,0.02773232785589963,-0.22297911373088464,1.048892690422202,13895773544.57077,0.0,0.0,0.0,0.0,-0.0908678623078834,0.4247787610619469,-0.0908678623078834,0.11967035909267612,-0.7454658018725634,0.4827037798538188,0.44120222106392215,-0.2678770028116611,,,,,,,,2026-10-02,False,max 6 positions in RISK_ON
UNH,No clean setup,False,36.28166347659276,,,False,True,volatility compression,371.8999938964844,354.6097234773633,4.649172009379952,397.83539952516605,423.7708051538477,3.1496,1171.336220776367,4301.732270801208,199.99493265255435,1.0,12.905196812403625,0,No actionable pattern today.,Stop 354.6; to breakeven at +1.0R; trail 2.5×ATR from +1.0R; scale 1/2 at T1 (+1.5R); time-stop 15 bars if < +0.5R,,371.8999938964844,8.645135209560555,2.3245860046899773,41.30442728185382,67.61835498554427,33.36469127054489,-0.7322195151910734,0.8106017826585825,-0.06372914936732821,-0.10478713788044591,0.3573077135553244,0.17080375645606027,0.877844047993742,1928570434.9398804,0.0,0.0,0.0,0.0,-0.09313035004035872,0.415929203539823,-0.09313035004035872,-0.6200545375494089,-0.18610625235780706,0.26865850158032967,0.6681355120133826,-0.1107913587134113,,,,,,,,2026-10-02,False,max 6 positions in RISK_ON
ISRG,No clean setup,False,35.860414845797465,,,False,True,weak momentum; favourable entry timing; volume accumulation,391.95001220703125,369.43138974249587,5.74527918438764,425.7279459038343,459.5058796006374,2.4183,947.8527145202636,3480.9890940756677,199.99254183273328,1.0,10.442967282227006,0,No actionable pattern today.,Stop 369.4; to breakeven at +1.0R; trail 2.5×ATR from +1.0R; scale 1/2 at T1 (+1.5R); time-stop 15 bars if < +0.5R,55-day high sits before T1 (resistance),391.95001220703125,11.259311232267702,2.8726395921938233,51.21150787542293,5.681004260988573,14.89541101038383,-0.04490459129701735,0.6490528069116845,0.05396904125174262,-0.09444811042085466,-0.1329882410758345,-0.15103644044268738,0.7369749169639754,931017213.4895325,0.0,0.0,0.0,0.0,-0.10372706149128914,0.40707964601769914,-0.10372706149128914,-0.5331189329402676,-0.9646165366670765,0.7716252821506513,-0.1937932490788641,1.6843180414708003,,,,,,,,2026-10-02,False,max 6 positions in RISK_ON
ACN,No clean setup,False,35.507103759006135,,,False,True,no dominant factor,198.89999389648438,169.61915729151485,14.721386376818321,242.82124880393866,286.74250371139294,1.8598,369.9142086486816,1358.509931262283,199.9914959485697,1.0,4.07552979378685,0,No actionable pattern today.,Stop 169.6; to breakeven at +1.0R; trail 2.5×ATR from +1.0R; scale 1/2 at T1 (+1.5R); time-stop 15 bars if < +0.5R,55-day high sits before T1 (resistance),198.89999389648438,9.963373275346871,5.009237597328542,59.07618869252874,54.51218045248944,18.42865468729883,1.3082972786883742,0.697374091707052,0.05978261753284353,0.4697109063016749,0.008288081292318061,-0.21403543838795103,1.9519093462661856,1306194330.9287262,0.0,0.0,0.0,1.0,-0.11262619289357728,0.39823008849557523,-0.11262619289357728,0.4783662041472269,0.13703903325215905,0.05533459310048867,-1.7169125724744005,-0.5664288517498023,,,,,,,,2026-10-02,False,max 6 positions in RISK_ON
PGR,No clean setup,False,34.88984930255863,,,False,True,favourable entry timing,210.30999755859375,199.73717584388444,5.027255878201249,226.1692301306577,242.02846270272167,5.1508,1083.2647354248047,3978.289740847595,199.99880484863795,1.0,11.934869222542787,0,No actionable pattern today.,Stop 199.7; to breakeven at +1.0R; trail 2.5×ATR from +1.0R; scale 1/2 at T1 (+1.5R); time-stop 15 bars if < +0.5R,55-day high sits before T1 (resistance),210.30999755859375,4.503582407052241,2.141401958695527,46.99916049471638,60.744821707693674,14.7052694410514,-0.2954871371796414,0.8789852516936562,-0.049546039161427635,-0.09176199034213328,0.07813021768132256,-0.04340173732284891,1.1592293090598704,605939943.9174652,0.0,0.0,0.0,0.0,-0.12820139164114575,0.3893805309734513,-0.12820139164114575,-0.3962015056902683,-0.3014065881634795,0.7734834794787342,-0.05031717017947874,-0.589599700378553,,,,,,,,2026-10-02,False,max 6 positions in RISK_ON
XLI,No clean setup,False,34.59743600818918,,,False,True,no dominant factor,169.9499969482422,165.20725036092566,2.7906717696269934,177.06411682921697,184.17823671019178,8.011,1361.469425552368,4999.996465341072,139.5334898406208,1.0,14.999989396023217,0,No actionable pattern today.,Stop 165.2; to breakeven at +1.0R; trail 2.5×ATR from +1.0R; scale 1/2 at T1 (+1.5R); time-stop 15 bars if < +0.5R,size capped at 25% of capital,169.9499969482422,2.371373293658268,1.395335884813498,44.55566047659327,77.16153638988072,29.354498677293726,-0.35187045476400325,0.9055037811968669,-0.013735638285767293,-0.08166222305187287,0.04308494144528585,0.1332032982928435,1.0776903446567545,1260940067.3651886,0.0,0.0,0.0,0.0,-0.13559344084690775,0.3805309734513274,-0.13559344084690775,-0.6050900834833222,-0.1655257612259407,0.49650450308928645,-0.20749627656108263,0.0019865651833871115,,,,,,,,2026-10-02,False,max 6 positions in RISK_ON
SNPS,Extended (wait),False,33.129444100072774,,,False,True,volume accumulation,489.8999938964844,423.22287385285756,13.610353311765026,589.9156739619245,689.9313540273648,0.8167,400.1013250152588,1469.3721161185379,199.98673646829124,1.0,4.408116348355614,15,Too far above the 21-EMA. Set an alert for a pullback toward it.,Stop 423.2; to breakeven at +1.0R; trail 2.5×ATR from +1.0R; scale 1/2 at T1 (+1.5R); time-stop 15 bars if < +0.5R,55-day high sits before T1 (resistance),489.8999938964844,19.05060572675051,3.888672374790006,74.10209040874113,95.75256107563854,20.414939751575837,3.5076281989432765,0.9080967072602287,0.17772914503167714,0.10769440854224488,0.23727738045965574,-0.14896271889282087,1.761258796558858,995838482.8056335,0.0,0.0,0.0,1.0,-0.1728573840980995,0.37168141592920356,-0.1728573840980995,0.27442590412427165,0.16462280806467428,-1.317649115679289,-1.5531187620711029,1.1863245343950115,,,,,,,,2026-10-02,False,max 6 positions in RISK_ON
GE,No clean setup,False,31.04500809455572,,,False,True,volatility compression,309.55999755859375,292.54979703491006,5.494960801730847,335.0752983441193,360.59059912964483,3.2015,991.0563321838379,3639.6543799451442,199.99758149646559,1.0,10.918963139835434,0,No actionable pattern today.,Stop 292.5; to breakeven at +1.0R; trail 2.5×ATR from +1.0R; scale 1/2 at T1 (+1.5R); time-stop 15 bars if < +0.5R,,309.55999755859375,8.50510026184184,2.7474804008654212,34.78185747860424,5.767332652419682,24.483865908768035,-1.4404639037802178,0.7961115123805195,-0.060515940641597155,-0.1825287748338127,0.10238251448310898,0.09933913739030853,1.0183610823244202,1407372771.5011597,0.0,0.0,0.0,0.0,-0.22631567544756256,0.36283185840707965,-0.22631567544756256,-0.5737191460137543,-0.5501649559774313,-0.0693934015479943,0.7015892077102672,0.11482617300231089,,,,,,,,2026-10-02,False,max 6 positions in RISK_ON
SBUX,No clean setup,False,30.389565965631768,,,False,True,volatility compression,94.70999908447266,90.64866008883268,4.288183966740015,100.80200757793261,106.89401607139257,13.409,1269.966377723694,4663.951522190266,199.99882139108985,1.0,13.9918545665708,0,No actionable pattern today.,Stop 90.65; to breakeven at +1.0R; trail 2.5×ATR from +1.0R; scale 1/2 at T1 (+1.5R); time-stop 15 bars if < +0.5R,,94.70999908447266,2.0306694978199857,2.1440919833700076,35.12666801268941,49.47330304006288,36.769224744789774,-1.2645569440948157,0.8619496681963182,-0.11253749998927653,-0.06714268044094229,0.06022310769902206,0.29672265216602134,0.8985538398462145,680130958.6953735,0.0,0.0,0.0,0.0,-0.24328696437923933,0.35398230088495575,-0.24328696437923933,-0.7060590692840357,-0.13943993264004698,-0.04694133786478622,0.5253783856722667,-0.6405441237408126,,,,,,,,2026-10-02,False,max 6 positions in RISK_ON
TJX,No clean setup,False,30.27045381119938,,,False,True,favourable entry timing,132.67999267578125,126.33506474735258,4.7821286393444655,142.19738456842427,151.7147764610673,8.583,1138.7923771362305,4182.215005032806,199.9989015146354,1.0,12.54664501509842,0,No actionable pattern today.,Stop 126.3; to breakeven at +1.0R; trail 2.5×ATR from +1.0R; scale 1/2 at T1 (+1.5R); time-stop 15 bars if < +0.5R,,132.67999267578125,2.8597532176209715,2.1553763758557825,48.4256378659488,45.48851973193759,29.99485930151747,0.1964887468689086,0.7829331055320966,0.010433288726368062,-0.12035805942764355,-0.17208393230891927,-0.07904642838720333,1.0029874315380272,1189386738.6281204,0.0,0.0,0.0,0.0,-0.24638047812062785,0.34513274336283184,-0.24638047812062785,-0.9313158159964523,-0.7251995691022635,0.9765722915993393,0.03998995673883885,0.19973833564569285,,,,,,,,2026-10-02,False,max 6 positions in RISK_ON
CDNS,No clean setup,False,30.17564655333569,,,False,True,volume accumulation,351.3500061035156,308.04069112098574,12.326544536837147,416.3139785773104,481.2779510511053,1.2574,441.7874976745606,1622.4645852098238,199.99381969029898,1.0,4.867393755629472,0,No actionable pattern today.,Stop 308; to breakeven at +1.0R; trail 2.5×ATR from +1.0R; scale 1/2 at T1 (+1.5R); time-stop 15 bars if < +0.5R,55-day high sits before T1 (resistance),351.3500061035156,12.374089995008543,3.521869867667757,70.80559570534197,97.5916054093531,25.82573915061635,2.7607050446416213,0.8431927909115637,0.14569403828036775,-0.06498651734869587,0.2605841151145116,-0.12870411579355978,1.0344321947316495,849097182.3059082,0.0,0.0,0.0,0.0,-0.24884488837922278,0.336283185840708,-0.24884488837922278,-0.12553948459272346,-0.25342698106171135,-0.8687910380950825,-1.2917256433621207,1.4887995153106874,,,,,,,,2026-10-02,False,max 6 positions in RISK_ON
LMT,No clean setup,False,27.88445614630698,,,False,True,volatility compression,505.4100036621094,482.178089866734,4.596647004816114,540.2578743551724,575.1057450482355,2.3441,1184.7315895843506,4350.926762748527,199.99674472162292,1.0,13.052780288245582,0,No actionable pattern today.,Stop 482.2; to breakeven at +1.0R; trail 2.5×ATR from +1.0R; scale 1/2 at T1 (+1.5R); time-stop 15 bars if < +0.5R,,505.4100036621094,11.61595689768769,2.2983235024080586,31.098369528841843,0.652169480879266,36.387584651708885,-1.7684666863643237,0.7396895806361256,-0.04917690665255081,-0.05476566328482224,-0.17810938819619715,0.09275537148022428,0.9923396189991488,642134144.7271729,0.0,0.0,0.0,0.0,-0.30903460082735656,0.3274336283185841,-0.30903460082735656,-0.7430507361473772,-0.6177091226618256,0.022898061603549832,1.044534866061518,-0.5207844861363765,,,,,,,,2026-10-02,False,max 6 positions in RISK_ON
EFA,No clean setup,False,27.876496409798207,,,False,True,distribution in volume,103.95999908447266,101.57364990896995,2.2954494002675725,107.53952284772672,111.11904661098076,13.096,1361.460148010254,4999.962393567657,114.77160677675295,1.0,14.999887180702974,0,No actionable pattern today.,Stop 101.6; to breakeven at +1.0R; trail 2.5×ATR from +1.0R; scale 1/2 at T1 (+1.5R); time-stop 15 bars if < +0.5R,size capped at 25% of capital,103.95999908447266,1.1931745877513473,1.1477247001337831,42.22994426017287,59.19076349192279,22.038173086337192,-1.130628531547802,0.9547249487298238,-0.02895571216900572,-0.014223402361292603,0.07760319608862232,0.17617208028692333,1.8577647971652715,1498433614.7190857,0.0,0.0,0.0,0.0,-0.30924601551799474,0.3185840707964602,-0.30924601551799474,-0.45237376967692916,0.09895308601680022,0.20588445567535035,-1.1195807067411538,-1.0058492766039713,,,,,,,,2026-10-02,False,max 6 positions in RISK_ON
WMT,No clean setup,False,27.422451860325197,,,False,True,volatility compression,104.26000213623047,99.91763252125472,4.16494295607421,110.7735565586941,117.28711098115772,12.5412,1307.5455387908935,4801.960991209557,199.99893605681373,1.0,14.405882973628673,0,No actionable pattern today.,Stop 99.92; to breakeven at +1.0R; trail 2.5×ATR from +1.0R; scale 1/2 at T1 (+1.5R); time-stop 15 bars if < +0.5R,,104.26000213623047,2.1711848074878763,2.0824714780371054,40.1670915252336,19.50932567340061,10.960911819677756,-1.2459060645961582,0.7732287687013829,-0.017249451077665512,-0.05549387741448153,-0.1675884640405827,0.049266705502047925,0.9601102166722895,2389803156.0884476,0.0,0.0,0.0,0.0,-0.3213348227716622,0.30973451327433627,-0.3213348227716622,-0.8335941835030971,-0.5643376719694315,0.1904147399967508,0.5633208533726045,-0.3415889986112551,,,,,,,,2026-10-02,False,max 6 positions in RISK_ON
GLD,No clean setup,False,27.265691231585265,,,False,True,no dominant factor,380.1400146484375,366.1749692403668,3.673658354800112,401.08758276054357,422.0351508726496,3.5814,1361.433448461914,4999.8643394763785,183.67793403584542,1.0,14.999593018429138,0,No actionable pattern today.,Stop 366.2; to breakeven at +1.0R; trail 2.5×ATR from +1.0R; scale 1/2 at T1 (+1.5R); time-stop 15 bars if < +0.5R,size capped at 25% of capital,380.1400146484375,6.982522704035335,1.836829177400053,38.80547140457162,28.278495463487218,17.852423874755733,-1.684984014840481,0.7458112724039553,-0.05620930582321426,-0.005207626223921569,-0.1147388011305881,0.13130915979071855,0.9139844478049356,3447219397.062378,0.0,0.0,0.0,0.0,-0.32552211876843584,0.3008849557522124,-0.32552211876843584,-0.7720848024724773,-0.45789968500057515,0.04923537991913407,0.3767085957776277,-0.3658197983574227,,,,,,,,2026-10-02,False,max 6 positions in RISK_ON
SCHW,No clean setup,False,26.866910643869694,,,False,True,no dominant factor,96.69999694824219,92.27958075567133,4.571268182083649,103.33062123709847,109.96124552595475,12.3198,1191.3246224029542,4375.139675774849,199.9993679204134,1.0,13.125419027324549,0,No actionable pattern today.,Stop 92.28; to breakeven at +1.0R; trail 2.5×ATR from +1.0R; scale 1/2 at T1 (+1.5R); time-stop 15 bars if < +0.5R,,96.69999694824219,2.21020809628543,2.2856340910418274,29.90846216343884,16.607912940117984,27.34110610112071,-2.5133761570354904,0.8443202477857902,-0.10661494034812846,-0.036156098663441716,0.037964980789151115,0.1883299986874727,0.991149728991067,879261311.6099548,0.0,0.0,0.0,0.0,-0.33620663086028607,0.2920353982300885,-0.33620663086028607,-0.3173438757493459,-0.18668556093824804,-0.5393928111674289,-0.12415793346461969,-0.6550042428222128,,,,,,,,2026-10-02,False,max 6 positions in RISK_ON
WFC,No clean setup,False,26.840125456830222,,,False,True,no dominant factor,80.44999694824219,76.73419506876145,4.618771933417613,86.02369976746328,91.5974025866844,14.656,1179.0751552734375,4330.153507741699,199.99991488947185,1.0,12.9904605232251,0,No actionable pattern today.,Stop 76.73; to breakeven at +1.0R; trail 2.5×ATR from +1.0R; scale 1/2 at T1 (+1.5R); time-stop 15 bars if < +0.5R,,80.44999694824219,1.8579009397403687,2.309385966708807,33.70420871724809,51.69928488265501,24.602572918894843,-1.8359056799354432,0.8364812153414038,-0.09880138934125593,-0.07476413366365953,0.009608703624004677,0.12794204122395536,1.0834082584095213,1168283708.3458328,0.0,0.0,0.0,0.0,-0.3369259913869642,0.2831858407079646,-0.3369259913869642,-0.5442473093457598,-0.31892468007962427,-0.1378599020681303,-0.041698235896892054,-0.5611135232060457,,,,,,,,2026-10-02,False,max 6 positions in RISK_ON
ADBE,No clean setup,False,26.624949442395597,,,False,True,no dominant factor,237.69000244140625,219.36153978977373,7.711078490207316,265.182696418855,292.6753903963038,2.9712,706.2245352539063,2593.6096057199707,199.99527242662344,1.0,7.780828817159914,0,No actionable pattern today.,Stop 219.4; to breakeven at +1.0R; trail 2.5×ATR from +1.0R; scale 1/2 at T1 (+1.5R); time-stop 15 bars if < +0.5R,,237.69000244140625,9.164231325816266,3.85553924510366,41.01981546747945,39.5654422431211,22.735256933589636,-1.0447888260882217,0.6535331164798105,-0.1504700125728622,0.08997108478112348,-0.021529704293434593,-0.18599439208872726,0.8504955971927577,1399978278.7765503,0.0,0.0,0.0,0.0,-0.34271285796267753,0.2743362831858407,-0.34271285796267753,-0.7408844003415032,-0.5721454293478527,0.3493471241746568,-0.057350102638804905,-0.2962410732719621,,,,,,,,2026-10-02,False,max 6 positions in RISK_ON
RTX,No clean setup,False,26.221919935604802,,,False,True,volatility compression,184.67999267578125,177.45925363441393,3.9098653496504303,195.51110123783224,206.34220979988322,7.372,1361.4609060058594,4999.965177306519,195.49190596209527,1.0,14.999895531919558,0,No actionable pattern today.,Stop 177.5; to breakeven at +1.0R; trail 2.5×ATR from +1.0R; scale 1/2 at T1 (+1.5R); time-stop 15 bars if < +0.5R,size capped at 25% of capital,184.67999267578125,3.6103695206836615,1.954932674825215,24.057914828478673,2.780997844864615,45.08472320025224,-2.3548280091821887,0.8156883074450839,-0.0801873005349164,-0.07983562134155187,-0.051703193899905076,0.21866123694182504,0.8453135263228565,758648876.9794464,0.0,0.0,0.0,0.0,-0.3535906874988447,0.26548672566371684,-0.3535906874988447,-0.7765077663455366,-0.3656221958794935,-0.6612327754095817,0.5739410652491856,0.05625362026423645,,,,,,,,2026-10-02,False,max 6 positions in RISK_ON
XLP,No clean setup,False,26.06966933299136,,,False,True,no dominant factor,80.52999877929688,78.62675069069519,2.3634026045595617,83.3848709121994,86.23974304510193,16.9063,1361.4643183624269,4999.977709186012,118.16960340629973,1.0,14.999933127558041,0,No actionable pattern today.,Stop 78.63; to breakeven at +1.0R; trail 2.5×ATR from +1.0R; scale 1/2 at T1 (+1.5R); time-stop 15 bars if < +0.5R,size capped at 25% of capital,80.52999877929688,0.9516240443008397,1.1817013022797769,34.770412528168805,30.6526910777781,16.75985968057382,-1.8954276776683772,0.9106000991746596,-0.0522666992297981,-0.03615187909341244,-0.003271898247732219,0.1156939395435963,1.1932359381939022,909453754.7236252,0.0,0.0,0.0,0.0,-0.35771348724395075,0.25663716814159293,-0.35771348724395075,-0.45763730196806574,-0.11129169854231433,-0.2557550573077181,-0.5709597353213262,-0.7136117263767852,,,,,,,,2026-10-02,False,max 6 positions in RISK_ON
IWM,No clean setup,False,24.88945267470536,,,False,True,no dominant factor,281.5199890136719,274.30682501656327,2.5622209003277225,292.3397350093348,303.1594810049977,4.8361,1361.4588188690186,4999.957512296471,128.1099563875662,1.0,14.999872536889413,0,No actionable pattern today.,Stop 274.3; to breakeven at +1.0R; trail 2.5×ATR from +1.0R; scale 1/2 at T1 (+1.5R); time-stop 15 bars if < +0.5R,size capped at 25% of capital,281.5199890136719,3.606581998554314,1.2811104501638646,40.03287909601114,84.2769230621439,37.09857571764832,-0.8966561917088277,0.924881222808249,-0.039980755587742944,-0.0556866469625209,0.12589633819484525,0.22159035326048082,1.2551592230372026,6913608979.190216,0.0,0.0,0.0,0.0,-0.3899387409182651,0.24778761061946902,-0.3899387409182651,-0.6671556140298802,0.015709612472044165,-0.09297453626054107,-0.9101395047706693,-0.7748714213049887,,,,,,,,2026-10-02,False,max 6 positions in RISK_ON
SLV,No clean setup,False,24.772305536029208,,,False,True,weak momentum; volatility compression,54.7400016784668,51.333624558506614,6.2228297689295795,59.84956735840707,64.95913303834735,15.9873,875.1448288341522,3213.969383893424,199.99984358520257,1.0,9.641908151680274,0,No actionable pattern today.,Stop 51.33; to breakeven at +1.0R; trail 2.5×ATR from +1.0R; scale 1/2 at T1 (+1.5R); time-stop 15 bars if < +0.5R,,54.7400016784668,1.7031885599800904,3.1114148844647875,40.22260288837025,31.39584158034225,13.276377509527979,-1.5128333064903867,0.4984066353988618,-0.0733028278098471,-0.02441630577405518,-0.1679586423968661,0.3766021884147528,1.0227036908536937,897374624.2759705,0.0,0.0,0.0,0.0,-0.3931643052782436,0.23893805309734514,-0.3931643052782436,-0.7857381260301697,-0.916670158476343,0.21948682519519305,0.7368706798516182,-0.3482637116191589,,,,,,,,2026-10-02,False,max 6 positions in RISK_ON
ABT,No clean setup,False,24.664803091223376,,,False,True,no dominant factor,97.5,92.90469831057769,4.71312993786904,104.39295253413347,111.28590506826694,11.8509,1155.46275,4243.436949374999,199.9986972555898,1.0,12.730310848125,0,No actionable pattern today.,Stop 92.9; to breakeven at +1.0R; trail 2.5×ATR from +1.0R; scale 1/2 at T1 (+1.5R); time-stop 15 bars if < +0.5R,,97.5,2.297650844711156,2.356564968934519,29.73415876736422,33.05151614857094,31.723632203793336,-2.1380003408749078,0.7368958933710297,-0.11740745068691483,0.026826322998503294,-0.03945327054018055,-0.1531927087963244,0.9412857868764606,903205992.0591736,0.0,0.0,0.0,0.0,-0.3961287763907296,0.23008849557522124,-0.3961287763907296,-0.603147466575076,-0.5089268013782987,-0.5547173848805833,0.3693983212756225,-0.2277405184846849,,,,,,,,2026-10-02,False,max 6 positions in RISK_ON
XLB,No clean setup,False,23.814424125915508,,,False,True,distribution in volume,48.86000061035156,47.353406191875095,3.0834924266400394,51.119892238066264,53.379783865780965,27.8647,1361.4692590072632,4999.995853704174,154.1744934812842,1.0,14.999987561112523,0,No actionable pattern today.,Stop 47.35; to breakeven at +1.0R; trail 2.5×ATR from +1.0R; scale 1/2 at T1 (+1.5R); time-stop 15 bars if < +0.5R,size capped at 25% of capital,48.86000061035156,0.7532972092382354,1.5417462133200233,35.195819143907784,55.80097921720487,20.30384725890304,-1.6107595621419537,0.905791755505945,-0.07299612453959592,-0.05569727239162059,-0.02264653065186173,0.21019202171891305,1.2786938757406394,582577866.6271019,0.0,0.0,0.0,0.0,-0.41973443209929007,0.22123893805309736,-0.41973443209929007,-0.5018672952481473,-0.12272006822506878,-0.324297820130666,-0.5058114215120395,-1.0550825440273153,,,,,,,,2026-10-02,False,max 6 positions in RISK_ON
XLY,No clean setup,False,23.23645848832456,,,False,True,distribution in volume,110.04000091552734,106.98252748005672,2.7785109142426383,114.62621106873328,119.21242122193922,12.3725,1361.469911327362,4999.998249349737,138.9254970701233,1.0,14.999994748049215,0,No actionable pattern today.,Stop 107; to breakeven at +1.0R; trail 2.5×ATR from +1.0R; scale 1/2 at T1 (+1.5R); time-stop 15 bars if < +0.5R,size capped at 25% of capital,110.04000091552734,1.5287367177353137,1.3892554571213198,41.57656358033122,85.76902626547579,24.092583630670035,-0.8341367209817243,0.8857219607500707,-0.039854092489970405,-0.06548296710826196,0.021748626184068698,-0.04164705963413018,1.1433141133721527,746984647.0818329,0.0,0.0,0.0,0.0,-0.4359435782221612,0.21238938053097345,-0.4359435782221612,-0.8447769681201276,-0.2752094787243534,0.08016625968065455,-0.3217490768105043,-0.908471305436628,,,,,,,,2026-10-02,False,max 6 positions in RISK_ON
MELI,No clean setup,False,23.211151157834358,,,False,True,no dominant factor,1696.56005859375,1586.011321750251,6.5160520715742285,1862.3831638589986,2028.206269124247,0.4926,835.7254848632812,3069.2018431604,199.99079028204767,1.0,9.207605529481203,0,No actionable pattern today.,Stop 1586; to breakeven at +1.0R; trail 2.5×ATR from +1.0R; scale 1/2 at T1 (+1.5R); time-stop 15 bars if < +0.5R,,1696.56005859375,55.27436842174951,3.2580260357871147,33.48743264295763,35.681501861241486,24.826148625713365,-1.776404235592397,0.698747964824444,-0.15450164172400827,-0.06043152267918661,-0.011052019633487342,-0.0782439158860927,1.063925321098148,1171575678.1396484,0.0,0.0,0.0,0.0,-0.4366565220819649,0.20353982300884957,-0.4366565220819649,-0.7503678477401632,-0.6894574054905628,-0.10324795207004803,0.10392324472153212,-0.21792428406544576,,,,,,,,2026-10-02,False,max 6 positions in RISK_ON
UBER,No clean setup,False,21.436941503395634,,,False,True,weak momentum; volatility compression; distribution in volume,68.11000061035156,64.42733339962592,5.4069405046605405,73.63400142644002,79.15800224252848,14.7878,1007.1970670257568,3698.9312286520917,199.99901084152776,1.0,11.096793685956277,0,No actionable pattern today.,Stop 64.43; to breakeven at +1.0R; trail 2.5×ATR from +1.0R; scale 1/2 at T1 (+1.5R); time-stop 15 bars if < +0.5R,,68.11000061035156,1.841333605362823,2.7034702523302747,36.83137405884916,38.432046153680616,24.882317449580565,-1.3810193120401597,0.6723925350860266,-0.10909086554361713,-0.05951391421661123,-0.0519208785868458,-0.20867408689312517,0.8570474402868532,1355510551.322937,0.0,0.0,0.0,0.0,-0.4873563758765374,0.19469026548672566,-0.4873563758765374,-0.861477268535497,-0.8308284468203002,-0.031068667103076056,0.9693123150335242,-1.0215346672694643,,,,,,,,2026-10-02,False,max 6 positions in RISK_ON
MS,No clean setup,False,20.832118054373087,,,False,True,distribution in volume,190.30999755859375,180.82420846295318,4.984388217818157,204.5386812020546,218.76736484551546,5.741,1092.5696959838867,4012.462208500824,199.99669356492126,1.0,12.037386625502474,0,No actionable pattern today.,Stop 180.8; to breakeven at +1.0R; trail 2.5×ATR from +1.0R; scale 1/2 at T1 (+1.5R); time-stop 15 bars if < +0.5R,,190.30999755859375,4.7428945478202795,2.492194108909076,30.018028255273308,59.75441169454376,36.50618605665755,-2.0887433721871314,0.8239294063202846,-0.10154852715447726,-0.13841692307054643,0.16027967302328605,0.3807242373079438,1.3008142716338191,1119782445.4270172,0.0,0.0,0.0,0.0,-0.504987300328608,0.18584070796460178,-0.504987300328608,-0.7072145154955587,-0.24158944995551532,-0.5367979712820155,0.05297075152036519,-1.2692695413462995,,,,,,,,2026-10-02,False,max 6 positions in RISK_ON
GS,No clean setup,False,20.55786363744599,,,False,True,distribution in volume,902.5599975585938,854.7978465332392,5.291853301115738,974.2032240966256,1045.8464506346575,1.1402,1029.0989092163086,3779.365744096893,199.99849089022885,1.0,11.338097232290682,0,No actionable pattern today.,Stop 854.8; to breakeven at +1.0R; trail 2.5×ATR from +1.0R; scale 1/2 at T1 (+1.5R); time-stop 15 bars if < +0.5R,,902.5599975585938,23.881075512677302,2.645926650557871,32.13762195981903,46.0739044274458,32.960038096643714,-2.0160455706860976,0.7859516763810489,-0.10141174716221646,-0.14053925214839857,0.055545102249277,0.3038347664245067,0.9694375024376194,2041621826.5100098,0.0,0.0,0.0,0.0,-0.5130448629784717,0.17699115044247787,-0.5130448629784717,-0.7392999542355019,-0.42671047456098987,-0.49278681067345775,0.15839240119325054,-0.9781949941373589,,,,,,,,2026-10-02,False,max 6 positions in RISK_ON
AXP,No clean setup,False,19.825918722284083,,,False,True,no dominant factor,302.7799987792969,291.1712188254226,3.83406433736601,320.19316871010824,337.60633864091966,4.4965,1361.4502645111083,4999.926096417045,191.70038335738238,1.0,14.999778289251138,0,No actionable pattern today.,Stop 291.2; to breakeven at +1.0R; trail 2.5×ATR from +1.0R; scale 1/2 at T1 (+1.5R); time-stop 15 bars if < +0.5R,size capped at 25% of capital,302.7799987792969,5.804389976937137,1.9170321686830067,32.807173716233876,33.848679193702424,30.515637785173414,-1.7477845355877841,0.7877499475481446,-0.08242927238449671,-0.1495660483177702,0.011422561477987703,0.01506452166773542,1.2109126476729046,1041598690.332489,0.0,0.0,0.0,0.0,-0.534750786883473,0.168141592920354,-0.534750786883473,-0.93250007736524,-0.6064382645542916,-0.1593914937855111,-0.04170184326650881,-0.6161213950067991,,,,,,,,2026-10-02,False,max 6 positions in RISK_ON
ORCL,No clean setup,False,19.69476392897545,,,False,True,weak momentum; favourable entry timing,142.3000030517578,128.55924620086918,9.656188725372548,162.91113832809077,183.5222736044237,3.9633,563.9776020950317,2071.207743694004,199.99972862562356,1.0,6.213623231082013,0,No actionable pattern today.,Stop 128.6; to breakeven at +1.0R; trail 2.5×ATR from +1.0R; scale 1/2 at T1 (+1.5R); time-stop 15 bars if < +0.5R,,142.3000030517578,6.87037842544432,4.828094362686278,48.31491621725761,89.80275945172583,11.472340209177277,-0.13135430013426067,0.44544109280549854,-0.023670648015383766,-0.006712152106469027,-0.021083535538492737,-0.4899442049580309,1.0732409865411365,5304588783.418121,0.0,0.0,0.0,0.0,-0.538672216419601,0.1592920353982301,-0.538672216419601,-0.5586222598872064,-1.2653717545843923,0.7115812303091638,-0.36168848036673074,-0.7343871902184279,,,,,,,,2026-10-02,False,max 6 positions in RISK_ON
BAC,No clean setup,False,19.122176791926407,,,False,True,no dominant factor,53.75,51.45761217560137,4.264907580276523,57.188581736597946,60.62716347319589,23.7563,1276.9011249999999,4689.419381562499,199.99940267521546,1.0,14.0682581446875,0,No actionable pattern today.,Stop 51.46; to breakeven at +1.0R; trail 2.5×ATR from +1.0R; scale 1/2 at T1 (+1.5R); time-stop 15 bars if < +0.5R,,53.75,1.1461939121993157,2.132453790138262,22.30981836183129,6.226727091521923,42.305804618219646,-3.167562275278617,0.828211477012814,-0.13699301270240127,-0.09809291827452815,0.09973531874454045,0.25512700627666773,1.1529439995455664,2252380355.845108,0.0,0.0,0.0,0.0,-0.555911013670958,0.1504424778761062,-0.555911013670958,-0.7250743044904774,-0.25945699031835173,-0.9687480943089729,-0.3001025114009088,-0.5952723717264604,,,,,,,,2026-10-02,False,max 6 positions in RISK_ON
SPGI,No clean setup,False,18.71639025992647,,,False,True,distribution in volume,386.2699890136719,367.08582409048853,4.966517065477828,415.0462363984469,443.8224837832219,2.8387,1096.5046178131104,4026.913208918648,199.99733173292546,1.0,12.080739626755944,0,No actionable pattern today.,Stop 367.1; to breakeven at +1.0R; trail 2.5×ATR from +1.0R; scale 1/2 at T1 (+1.5R); time-stop 15 bars if < +0.5R,,386.2699890136719,9.592082461591668,2.4832585327389127,31.94658706725528,8.251238090397308,20.17003945630932,-1.9751411997574584,0.7444274657908018,-0.10525585078133304,-0.13434712507287982,-0.048713640092798105,-0.04420968524052704,1.3883232570929571,786127033.5939026,0.0,0.0,0.0,0.0,-0.5682489841398871,0.1415929203539823,-0.5682489841398871,-0.7982930430652385,-0.7349302440658851,-0.2595917928834028,0.3532809271587943,-1.0759734146575963,,,,,,,,2026-10-02,False,max 6 positions in RISK_ON
XLF,No clean setup,False,17.080449687546025,,,False,True,distribution in volume,53.4900016784668,52.08186132515068,2.6325300226770825,55.60221220844097,57.71442273841514,25.4528,1361.4703147216796,4999.999730815368,131.62649404748785,1.0,14.999999192446104,0,No actionable pattern today.,Stop 52.08; to breakeven at +1.0R; trail 2.5×ATR from +1.0R; scale 1/2 at T1 (+1.5R); time-stop 15 bars if < +0.5R,size capped at 25% of capital,53.4900016784668,0.7040701766580553,1.3162650113385381,27.51059426073303,23.98088986687189,34.179697357458885,-2.3979074537739615,0.91602925288324,-0.06903723271328832,-0.043831299344562535,0.08757012893314986,0.09313890032168026,1.340591072427754,2101913031.945343,0.0,0.0,0.0,0.0,-0.619090455707512,0.13274336283185842,-0.619090455707512,-0.5842702660293789,-0.06750179805586409,-0.5783004180296687,-1.2143802349276138,-1.5335977564895602,,,,,,,,2026-10-02,False,max 6 positions in RISK_ON
IBM,No clean setup,False,16.554093087664413,,,False,True,weak momentum,222.63999938964844,208.9497530017664,6.1490506761646015,243.1753689714715,263.71073855329456,3.9779,885.6396535720825,3252.5116277434727,199.9985882380923,1.0,9.757534883230418,0,No actionable pattern today.,Stop 208.9; to breakeven at +1.0R; trail 2.5×ATR from +1.0R; scale 1/2 at T1 (+1.5R); time-stop 15 bars if < +0.5R,,222.63999938964844,6.8451231939410135,3.0745253380822977,41.56147085479684,44.747302929692985,13.655420698814236,-0.9879086647341006,0.6744784719234238,-0.039102277418750275,-0.2513451065582174,-0.08975063760160729,-0.17022059193192096,1.0011826634056535,1377706366.6525269,0.0,0.0,0.0,0.0,-0.6358532961403023,0.12389380530973451,-0.6358532961403023,-0.8773249749195993,-1.1749544915961183,0.13676767147858224,0.18591305942624423,-0.7858547569370407,,,,,,,,2026-10-02,False,max 6 positions in RISK_ON
BA,No clean setup,False,16.396978285517637,,,False,True,no dominant factor,193.55999755859375,180.63133571347674,6.679407939754334,212.95299032626926,232.34598309394477,4.2122,815.3134217163087,2994.2385412531435,199.99740685964682,1.0,8.982715623759432,0,No actionable pattern today.,Stop 180.6; to breakeven at +1.0R; trail 2.5×ATR from +1.0R; scale 1/2 at T1 (+1.5R); time-stop 15 bars if < +0.5R,,193.55999755859375,6.464330922558503,3.339703969877167,41.20412676005549,78.558872026301,31.2455684139875,-0.8558241667698184,0.7609985960834555,-0.07329917133384334,-0.17472498038978157,-0.07040631820269028,-0.02941450706701043,1.939243084068421,1662729134.9617004,0.0,0.0,0.0,0.0,-0.6408978350474425,0.11504424778761062,-0.6408978350474425,-1.0300693058347221,-0.7795669241040412,0.14996320896944157,-0.7339700649111855,-0.6091015069929683,,,,,,,,2026-10-02,False,max 6 positions in RISK_ON
KWEB,No clean setup,False,15.511492065348314,,,False,True,weak momentum,23.860000610351562,23.007853670395104,3.571445591609743,25.138221020286252,26.41644143022094,57.0607,1361.4683368270873,4999.992466997478,178.5720105434007,1.0,14.999977400992437,0,No actionable pattern today.,Stop 23.01; to breakeven at +1.0R; trail 2.5×ATR from +1.0R; scale 1/2 at T1 (+1.5R); time-stop 15 bars if < +0.5R,size capped at 25% of capital,23.860000610351562,0.42607346997823003,1.7857227958048743,33.164905612214355,6.468954208645371,21.668100185435918,-2.3752424948952773,0.5837340506140433,-0.07159533455116673,-0.06760451472921836,-0.15058738053608112,-0.3575464842051018,1.0497496000659587,368479190.63676834,0.0,0.0,0.0,0.0,-0.6696973985645513,0.10619469026548672,-0.6696973985645513,-0.9032584478902618,-1.1619109026020316,-0.4290755548079106,0.4103242469381288,-0.4129959509570699,,,,,,,,2026-10-02,False,max 6 positions in RISK_ON
XLU,No clean setup,False,15.304772268895906,,,False,True,no dominant factor,39.83000183105469,38.65460160917876,2.9510423495875626,41.59310216386858,43.356202496682464,34.182,1361.4691225891115,4999.995352708512,147.55198033583818,1.0,14.999986058125536,0,No actionable pattern today.,Stop 38.65; to breakeven at +1.0R; trail 2.5×ATR from +1.0R; scale 1/2 at T1 (+1.5R); time-stop 15 bars if < +0.5R,size capped at 25% of capital,39.83000183105469,0.5877001109379614,1.4755211747937778,35.381046434417726,77.33675026235363,34.359821136407255,-1.4425406150894817,0.8463440014209626,-0.05969369518491341,-0.11428548161233154,-0.12863460247965186,-0.010410969500814438,2.158142570060202,1197847882.8165245,0.0,0.0,0.0,0.0,-0.6765144994551116,0.09734513274336283,-0.6765144994551116,-1.0611492151865176,-0.5232565060268058,-0.32582975673933573,-0.931922725917837,-0.5610089391740009,,,,,,,,2026-10-02,False,max 6 positions in RISK_ON
BKNG,No clean setup,False,13.719817716586043,,,False,True,distribution in volume,159.02000427246094,147.01512570327733,7.549288294958627,177.02732212623636,195.03463998001175,4.5363,721.3624453811645,2649.2035806623267,199.9960158245659,1.0,7.947610741986981,0,No actionable pattern today.,Stop 147; to breakeven at +1.0R; trail 2.5×ATR from +1.0R; scale 1/2 at T1 (+1.5R); time-stop 15 bars if < +0.5R,,159.02000427246094,6.002439284591798,3.7746441474793113,30.46221278857449,11.516533824241591,32.87513016746594,-1.9067141681757427,0.7132396000243254,-0.20138256945434796,-0.11946061134060626,-0.04749067670023688,-0.061117065604964105,1.056327265293137,1523793865.8691406,0.0,0.0,0.0,0.0,-0.7300639256809683,0.08849557522123894,-0.7300639256809683,-0.9837768877494998,-0.7799053487956027,-0.4337191230122271,-0.29560543588783045,-0.9770101375535685,,,,,,,,2026-10-02,False,max 6 positions in RISK_ON
NEE,No clean setup,False,10.24765106098721,,,False,True,distribution in volume,76.83000183105469,74.07611392730242,3.5843913030328087,80.96083368668309,85.0916655423115,17.7205,1361.4660474472046,4999.984059249859,179.21899377277876,1.0,14.999952177749579,0,No actionable pattern today.,Stop 74.08; to breakeven at +1.0R; trail 2.5×ATR from +1.0R; scale 1/2 at T1 (+1.5R); time-stop 15 bars if < +0.5R,size capped at 25% of capital,76.83000183105469,1.335558939227855,1.738329958867738,33.19029793970225,87.81446229135595,47.29581992725072,-1.555090780219798,0.7896174742656916,-0.07545122452702568,-0.1147329050756396,-0.16291224148730088,0.08666853829230314,1.3378166683502,1004939149.1556549,0.0,0.0,0.0,0.0,-0.8568046282348956,0.07964601769911504,-0.8568046282348956,-1.220596479192965,-0.6155539979108607,-0.5014623876853086,-0.7737993242654685,-1.34836616692265,,,,,,,,2026-10-02,False,max 6 positions in RISK_ON
HD,No clean setup,False,10.236722929000539,,,False,True,weak momentum; distribution in volume,282.8500061035156,269.4775865232705,4.727742369342993,302.90863547388335,322.9672648442511,4.0724,1151.878364855957,4230.273294933502,199.99642290357303,1.0,12.690819884800508,0,No actionable pattern today.,Stop 269.5; to breakeven at +1.0R; trail 2.5×ATR from +1.0R; scale 1/2 at T1 (+1.5R); time-stop 15 bars if < +0.5R,,282.8500061035156,6.686209790122567,2.3638711846714937,26.515071591033788,15.428845841135285,32.591787708596485,-2.5129555726453736,0.7267833289516177,-0.10541459720521595,-0.18741079839681507,-0.10744770943047433,-0.18106433798566812,1.3724650106557985,1527906785.209961,0.0,0.0,0.0,0.0,-0.857227681730727,0.07079646017699115,-0.857227681730727,-1.0299750205049791,-0.9692914268999857,-0.6703778473710602,0.02839134058263359,-1.3974674151119366,,,,,,,,2026-10-02,False,max 6 positions in RISK_ON
PEP,No clean setup,False,9.919064231996146,,,False,True,distribution in volume,125.88999938964844,121.46193368834588,3.5174086287799793,132.53209794160227,139.1741964935561,10.8147,1361.462576399231,4999.971311826176,175.86942235869742,1.0,14.99991393547853,0,No actionable pattern today.,Stop 121.5; to breakeven at +1.0R; trail 2.5×ATR from +1.0R; scale 1/2 at T1 (+1.5R); time-stop 15 bars if < +0.5R,size capped at 25% of capital,125.88999938964844,2.214032850651281,1.7587043143899914,26.050812533965853,23.262424128762376,28.028782500316822,-2.4107144640598084,0.7564858683187374,-0.09454267931651983,-0.11204637323527555,-0.18111255891289413,0.010677256703386373,1.0180863028420972,1214527028.0843735,0.0,0.0,0.0,0.0,-0.8696003410035675,0.061946902654867256,-0.8696003410035675,-0.9808961447009412,-0.7271323100853005,-0.8704455352654082,-0.47781758978180267,-1.3936937707334902,,,,,,,,2026-10-02,False,max 6 positions in RISK_ON
TLT,No clean setup,False,9.838756879829546,,,False,True,distribution in volume,77.4800033569336,75.8559175444607,2.0961354441236755,79.91613207564293,82.35226079435229,17.5718,1361.4631229873658,4999.9733191711,104.80621293987242,1.0,14.999919957513303,0,No actionable pattern today.,Stop 75.86; to breakeven at +1.0R; trail 2.5×ATR from +1.0R; scale 1/2 at T1 (+1.5R); time-stop 15 bars if < +0.5R,size capped at 25% of capital,77.4800033569336,0.8120429062364471,1.0480677220618348,27.02228144922519,20.884985012591528,25.6905096211606,-2.712554396000667,0.8791230827023105,-0.050737582353322264,-0.08244908793869465,-0.08635157311812447,-0.0434837614393776,1.8541310235847182,3802131605.1558304,0.0,0.0,0.0,0.0,-0.8727516891096518,0.05309734513274336,-0.8727516891096518,-0.9455139140719957,-0.38815120615458343,-0.7120629002253753,-2.18240516256046,-0.870108156448242,,,,,,,,2026-10-02,False,max 6 positions in RISK_ON
INTU,No clean setup,False,9.073222610122311,,,False,True,weak momentum; distribution in volume,281.0799865722656,255.91580318083857,8.952677029162071,318.8262616594062,356.5725367465468,2.1641,608.28519894104,2233.927393110969,199.99630457120486,1.0,6.701782179332908,0,No actionable pattern today.,Stop 255.9; to breakeven at +1.0R; trail 2.5×ATR from +1.0R; scale 1/2 at T1 (+1.5R); time-stop 15 bars if < +0.5R,,281.0799865722656,12.582091695713526,4.476338514581034,37.11816743325728,67.9948786096636,22.021587388948006,-1.3987573193145326,0.4116823717179135,-0.1803814528161084,0.03742578555436671,-0.32967822414487014,-0.4896355782306313,0.9506289319445006,1107955559.3736267,0.0,0.0,0.0,0.0,-0.903287105741983,0.04424778761061947,-0.903287105741983,-0.9489125749485642,-1.3807276161891289,0.002657413080182499,-0.44962362111237153,-1.4310151540738145,,,,,,,,2026-10-02,False,max 6 positions in RISK_ON
LOW,No clean setup,False,8.026530305066526,,,False,True,weak momentum; distribution in volume,180.8000030517578,171.82995073165583,4.961312040207277,194.25508153191078,207.71016001206377,6.0711,1097.654898527527,4031.1376148423424,199.99731584249758,1.0,12.093412844527029,0,No actionable pattern today.,Stop 171.8; to breakeven at +1.0R; trail 2.5×ATR from +1.0R; scale 1/2 at T1 (+1.5R); time-stop 15 bars if < +0.5R,,180.8000030517578,4.485026160050997,2.480656020103641,25.497365930748828,1.2568495197983651,27.562595028148323,-2.6068460717734196,0.6237310556424541,-0.09527618912652436,-0.18707045839108694,-0.20880138264839831,-0.1776063155587887,1.140828952247709,635000821.9524384,0.0,0.0,0.0,0.0,-0.9465944225049976,0.035398230088495575,-0.9465944225049976,-1.0755808990731504,-1.243042199064211,-0.7529250746561819,0.2761477891168973,-1.460748261365776,,,,,,,,2026-10-02,False,max 6 positions in RISK_ON
NVO,No clean setup,False,7.33418692485046,,,False,True,weak momentum; distribution in volume,37.31999969482422,35.18829383174463,5.7119664536739725,40.5175584894436,43.715117284062984,25.547,953.4140322036743,3501.413033267994,199.9995378648361,1.0,10.504239099803984,0,No actionable pattern today.,Stop 35.19; to breakeven at +1.0R; trail 2.5×ATR from +1.0R; scale 1/2 at T1 (+1.5R); time-stop 15 bars if < +0.5R,,37.31999969482422,1.0658529315397929,2.855983226836983,27.076037976038705,2.5754676590330803,33.153802034731555,-3.1977540045680475,0.6107088459146764,-0.20205261215409676,-0.23270630948984206,0.02208994905228634,-0.17010569844542311,0.9722386254289801,567133419.0462303,0.0,0.0,0.0,0.0,-0.976328410859054,0.02654867256637168,-0.976328410859054,-1.0371348385795078,-1.2023684941384234,-1.0532981680383147,0.4236160402675079,-1.5741051625773939,,,,,,,,2026-10-02,False,max 6 positions in RISK_ON
NFLX,No clean setup,False,6.951242312564268,,,False,True,weak momentum; distribution in volume,67.05999755859375,63.10416820323914,5.898940500106936,72.99374159162566,78.92748562465758,13.7667,923.1948683898926,3390.4331541618803,199.9996344599082,1.0,10.171299462485642,0,No actionable pattern today.,Stop 63.1; to breakeven at +1.0R; trail 2.5×ATR from +1.0R; scale 1/2 at T1 (+1.5R); time-stop 15 bars if < +0.5R,,67.05999755859375,1.9779146776773044,2.9494702500534675,31.05639503967032,6.694433850346357,25.83663917274907,-2.901226038739281,0.5370815091365146,-0.18941140048952432,-0.11786371323511335,-0.3202919615910341,-0.29344943253566447,1.1760206296413005,2612330058.6914825,0.0,0.0,0.0,0.0,-0.9931792208875309,0.017699115044247787,-0.9931792208875309,-0.9772928656986405,-1.4238436477226757,-0.8060932713404766,0.2793858371627713,-1.5014848465483321,,,,,,,,2026-10-02,False,max 6 positions in RISK_ON
MCD,No clean setup,False,4.091349378520876,,,False,True,weak momentum; distribution in volume,231.88999938964844,222.9157136447045,3.870061567365953,245.35142800706433,258.8128566244802,5.8711,1361.449375416565,4999.922831217335,193.5000918888977,1.0,14.99976849365201,0,No actionable pattern today.,Stop 222.9; to breakeven at +1.0R; trail 2.5×ATR from +1.0R; scale 1/2 at T1 (+1.5R); time-stop 15 bars if < +0.5R,size capped at 25% of capital,231.88999938964844,4.48714287247196,1.935030783682975,24.016014562614473,34.36109302872542,46.71111989403321,-2.689904345141248,0.6918378497943029,-0.11136237385697967,-0.16444278694442727,-0.23447891257838493,-0.10933757033223046,1.10992251299454,1489251773.4804535,0.0,0.0,0.0,0.0,-1.129827149869326,0.008849557522123894,-1.129827149869326,-1.34704711581356,-1.045554244135612,-0.9567518008000165,-0.3712291390738365,-1.924280516714595,,,,,,,,2026-10-02,False,max 6 positions in RISK_ON
