ticker,setup,eligible,conviction,earnings_flag,earnings_date,veto,liquid,why,entry,stop,stop_pct,t1,t2,units,pos_native,pos_aed,risk_aed,risk_pct,cost_aed,hold_days,entry_note,exit_rule,plan_flags,close,atr,atr_pct,rsi14,rsi2,adx,dist21_atr,pct_52w_high,mom_1m,mom_3m,mom_6m,mom_12_1,rvol,adv20,squeeze_on,breakout20,breakout55,uptrend,composite,comp_rank,composite_final,g_trend,g_momentum,g_timing,g_volatility,g_volume,g_fundamentals,g_sentiment,social_buzz,social_bull,sector,shortName,shortPercentOfFloat,date,selected,skip_reason
MU,No clean setup,False,74.9648877369756,,2026-12-23,False,True,momentum leader; strong trend structure; volume accumulation; quality/growth fundamentals,1074.8900146484375,981.9208150514995,8.649182551699976,1214.3438140438445,1353.7976134392516,0.5857,629.5630815795898,2312.0704171010434,199.97519109892036,1.0,6.936211251303131,0,No actionable pattern today.,Stop 981.9; to breakeven at +1.0R; trail 2.5×ATR from +1.0R; scale 1/2 at T1 (+1.5R); time-stop 15 bars if < +0.5R,55-day high sits before T1 (resistance); crowd euphoric on social (contrarian caution); Ex-dividend 2026-10-14,1074.8900146484375,46.48459979846899,4.324591275849988,59.2642943745686,42.45357366619975,15.075832590416303,0.9716741684087947,0.8566178152483285,0.12426783892025339,0.09153593769833712,1.9353850195172875,4.25728605167939,0.9310667042970141,27127676201.046143,0.0,0.0,0.0,1.0,0.9609792954935704,0.9734513274336283,1.0824061265674474,0.9177359521288041,1.680971799759002,0.32086039594287513,0.1403062184184844,1.0283361479606525,1.8218464895436923,1.314380412182217,5.765013846482207,0.9411764705882353,Technology,"Micron Technology, Inc.",0.024500001,2026-10-02,False,not actionable today
ANET,Momentum continuation,True,74.43489195954861,,2026-11-03,False,True,momentum leader; strong trend structure; volatility compression,207.35000610351562,193.6299203764551,6.616872593778001,227.9301346941064,248.51026328469723,1.9846,411.5068221130371,1511.2588042101288,99.99806963683713,0.5,4.533776412630387,15,Half-size starter at market; add on a 2–3 day tight consolidation.,Stop 193.6; to breakeven at +1.0R; trail 2.5×ATR from +1.0R; scale 1/2 at T1 (+1.5R); time-stop 15 bars if < +0.5R,55-day high sits before T1 (resistance),207.35000610351562,6.860042863530268,3.3084362968890004,60.17701825557926,90.49943570957879,17.013239465064384,0.9834859282800672,0.9649123118453691,0.11418591780260323,0.1966182338656004,0.6368014335649153,0.24673411118706268,0.6911166842790228,955404383.8394928,0.0,0.0,0.0,1.0,0.7642712780775502,0.9380530973451328,0.6679352220144575,1.3016536891320751,0.8835492533881173,0.03606068814871743,0.9129832969157173,0.3349153837471646,-0.12308695868831314,0.6882689542124867,2.0284299276066937,1.0,Technology,"Arista Networks, Inc.",0.0127,2026-10-02,True,
MSFT,Momentum continuation,True,71.30195122608598,,2026-10-28,False,True,momentum leader; strong trend structure,517.530029296875,488.32449488391285,5.6432540644339575,561.3383309163182,605.1466325357615,0.9323,482.49324631347656,1771.9564470862426,99.99600422019394,0.5,5.315869341258729,15,Half-size starter at market; add on a 2–3 day tight consolidation.,Stop 488.3; to breakeven at +1.0R; trail 2.5×ATR from +1.0R; scale 1/2 at T1 (+1.5R); time-stop 15 bars if < +0.5R,55-day high sits before T1 (resistance); crowd euphoric on social (contrarian caution),517.530029296875,11.582025347161204,2.237942668350422,62.700696024539106,91.61115529424146,36.379153334231326,1.2756628999361899,0.9423320985128818,0.04168516095838526,0.3407051562809811,0.39138679429888623,-0.03617844986680385,0.7612152810976881,10681883933.50296,0.0,0.0,0.0,1.0,0.6392027932851134,0.911504424778761,0.5688090999924029,1.513599840156786,0.8035129302695888,-0.41592368123311896,0.4767152846269637,0.22481057751607722,-0.0927197872928111,0.6671884409359315,3.736005387979387,0.9090909090909091,Technology,Microsoft Corporation,0.0091,2026-10-02,True,
PANW,Momentum continuation,True,70.88161113450589,,2026-11-19,False,True,momentum leader; strong trend structure; volume accumulation,403.239990234375,353.2769536640306,12.390397227542936,478.18454508989157,553.1290999454081,0.5449,219.72547067871096,806.941791067566,99.983293308321,0.5,2.4208253732026983,15,Half-size starter at market; add on a 2–3 day tight consolidation.,Stop 353.3; to breakeven at +1.0R; trail 2.5×ATR from +1.0R; scale 1/2 at T1 (+1.5R); time-stop 15 bars if < +0.5R,55-day high sits before T1 (resistance),403.239990234375,17.252170695440082,4.278387836834489,62.60249596625163,87.26354823593549,15.676943574032792,1.4892225458353243,0.9847130408653846,0.22759369443384037,0.1278493877748561,1.4706817820387577,0.588394613824625,0.8856297902609557,2327199734.7947693,0.0,0.0,0.0,1.0,0.8962441711099653,0.9646017699115044,0.5560257138217536,1.6585537447098282,1.4336479411563365,-0.14313615064451107,-0.6068564368442236,1.0902866893802126,-0.4243364828605125,-1.1853597478016746,2.2159591060850268,0.6,Technology,"Palo Alto Networks, Inc.",0.0269,2026-10-02,False,sector cap (Technology)
XOM,Pullback in uptrend,True,70.03583501161621,,2026-10-30,False,True,strong trend structure; favourable entry timing; volatility compression; volume accumulation,162.24698136573355,154.96849953296442,4.486050693517766,173.16470411488723,184.08242686404094,7.4821,1213.948139276555,4458.224541493148,199.99821296223263,1.0,13.374673624479444,15,"Limit near the 21-EMA, or at market on the first up-close / reclaim day.",Stop 155; to breakeven at +1.0R; trail 2.5×ATR from +1.0R; scale 1/2 at T1 (+1.5R); time-stop 15 bars if < +0.5R,55-day high sits before T1 (resistance),164.00999450683594,3.5260262822047963,2.149885007195602,55.126384257420106,85.6460773100496,13.49863148209145,0.5194075129936897,0.9420803562701152,-0.0008528747782757806,0.2098504030467554,0.034242340937941984,0.5082373977817229,0.8251149881441237,2297554136.5920258,0.0,0.0,0.0,1.0,0.7589218882131119,0.9203539823008849,0.5306280453157416,0.8019868113142615,0.6068199666280092,0.6619918951479379,0.6480711066786062,1.309292617105835,-0.04884551501145756,-0.7162491375360224,2.171970459808594,0.7,Energy,ExxonMobil Holdings Corporation,0.0108,2026-10-02,True,
ABBV,Pullback in uptrend,True,69.5860926790928,,2026-10-30,False,True,strong trend structure; favourable entry timing,261.65358578697055,251.3456769267773,3.9395251661429986,277.11544907726045,292.57731236755035,5.2033,1361.4621029253437,4999.969572993325,196.97505962756466,1.0,14.999908718979976,15,"Limit near the 21-EMA, or at market on the first up-close / reclaim day.",Stop 251.3; to breakeven at +1.0R; trail 2.5×ATR from +1.0R; scale 1/2 at T1 (+1.5R); time-stop 15 bars if < +0.5R,size capped at 25% of capital; 55-day high sits before T1 (resistance); Ex-dividend 2026-10-15,262.82000732421875,5.153954430096637,1.9610205792813333,53.78302637663336,64.58549484299907,17.221919385679218,0.22631584214964182,0.9756115410112999,0.004202988301944988,0.038980752205142855,0.2779478368923325,0.10417918105600155,0.9712056803527493,1115368080.0350952,0.0,0.0,0.0,1.0,0.5489849076428385,0.8849557522123894,0.5172904675515061,0.9135515094124319,0.32860151623185047,0.5677559438430617,0.44412951695479247,0.4475090190188326,0.16021452022963714,0.6208108941427145,1.7509345374629113,1.0,Healthcare,AbbVie Inc.,0.0123000005,2026-10-02,True,
AMD,Extended (wait),False,69.55108726173583,,2026-11-03,False,True,momentum leader; strong trend structure; volume accumulation,633.9099731445312,576.2180287156938,9.100968098459578,720.4478897877875,806.9858064310437,0.9439,598.3476236511231,2197.4316478587493,199.9875532570794,1.0,6.592294943576248,15,Too far above the 21-EMA. Set an alert for a pullback toward it.,Stop 576.2; to breakeven at +1.0R; trail 2.5×ATR from +1.0R; scale 1/2 at T1 (+1.5R); time-stop 15 bars if < +0.5R,55-day high sits before T1 (resistance),633.9099731445312,24.207963262225014,3.8188330027591486,70.0723975533013,93.38921485283393,25.827877615885022,2.4758613976851342,0.9821057099821214,0.38692945462431516,0.1482836467016857,1.9145286121587644,1.7867813722751116,0.8034101853164892,12885467729.176636,0.0,0.0,0.0,1.0,0.9752923459437793,0.9823008849557522,0.8490435675626746,1.0743203884484234,2.040836344877513,-0.7681939796604526,-0.5245647610731926,2.228462859023477,-0.17155366933969027,0.8596505774162008,5.365053763322259,0.8666666666666667,Technology,"Advanced Micro Devices, Inc.",0.024600001,2026-10-02,False,not actionable today
MRK,Squeeze (pre-breakout),True,68.23308658895293,,2026-10-29,False,True,strong trend structure; favourable entry timing; volatility compression; Bollinger/Keltner squeeze on,153.90589798317401,142.14972491973955,7.638546161966919,171.5401575783257,189.1744171734774,4.6323,712.938291227457,2618.2658745328354,199.9974474692175,1.0,7.8547976235985075,15,Buy-stop just above the 20-day high (+0.1 ATR). Let price trigger it; don't anticipate.,Stop 142.1; to breakeven at +1.0R; trail 2.5×ATR from +1.0R; scale 1/2 at T1 (+1.5R); time-stop 15 bars if < +0.5R,55-day high sits before T1 (resistance),144.3000030517578,3.3589065895527046,2.327724545056264,46.94693848169719,25.319146266471066,25.888300306744615,-0.5891110933434838,0.9250049733246484,-0.04278701829089182,0.1449106965310405,0.2095275033885422,0.7216993577497857,0.866075946855062,1442704312.9659271,1.0,0.0,0.0,1.0,0.7590036770463857,0.9292035398230089,0.4778151865288698,1.2120490546394864,0.6690586333232096,0.8212237043360517,1.0907128226633707,-0.3472636553833595,-0.18443245148715431,-1.1094450995952336,2.034811142365402,0.625,Healthcare,"Merck & Company, Inc.",0.0139999995,2026-10-02,True,
TMO,Pullback in uptrend,True,68.09996969716137,Earnings in 16d — binary gap risk,2026-10-21,False,True,strong trend structure; favourable entry timing; volume accumulation,649.1475703137891,618.0064773995266,4.797228602305217,695.8592096851828,742.5708490565764,1.7487,1135.164356207723,4168.891098172862,199.9912361605046,1.0,12.506673294518588,15,"Limit near the 21-EMA, or at market on the first up-close / reclaim day.",Stop 618; to breakeven at +1.0R; trail 2.5×ATR from +1.0R; scale 1/2 at T1 (+1.5R); time-stop 15 bars if < +0.5R,55-day high sits before T1 (resistance),654.7999877929688,15.570546457131202,2.3779087885466206,56.663828350545536,18.92563520255392,42.11069246165269,0.36301985256213803,0.9578280401914399,0.07684275410549546,0.26603923145795494,0.3347145059578076,0.14975747343055934,1.0029975276590053,1499171467.3980713,0.0,0.0,0.0,1.0,1.0023987063992577,0.9911504424778761,0.7946885302076946,1.9353656525596026,0.7559469801446304,0.7039692261825334,-0.028306827080973995,1.2309438835204534,-0.5007360111801549,0.42843166206303934,0.959563572951109,1.0,Healthcare,Thermo Fisher Scientific Inc,0.0136,2026-10-02,False,sector cap (Healthcare)
NVDA,Momentum continuation,True,67.53891677923578,,2026-11-17,False,True,volatility compression; quality/growth fundamentals,233.9499969482422,219.6144106709106,6.127628324142755,255.4533763642396,276.956755780237,1.8994,444.3646242034912,1631.9290823873214,99.99854868228847,0.5,4.895787247161965,15,Half-size starter at market; add on a 2–3 day tight consolidation.,Stop 219.6; to breakeven at +1.0R; trail 2.5×ATR from +1.0R; scale 1/2 at T1 (+1.5R); time-stop 15 bars if < +0.5R,55-day high sits before T1 (resistance),233.9499969482422,5.902342667920149,2.522907777265734,63.01107968474168,95.186943693792,16.015164822899727,1.5806103183874078,0.9834790320585945,0.04367796703392446,0.1977078628548592,0.32186010798593445,0.20004391571319902,0.9815798149035357,24630934462.001266,0.0,0.0,0.0,1.0,0.44967467660658916,0.8407079646017699,0.45791377759166474,0.693305289614257,0.7027113870546553,-0.5520199962122737,0.7983632526100848,0.4836751076958861,0.8467178125141409,0.13502255054979262,5.391800385658321,0.7142857142857143,Technology,NVIDIA Corporation,0.0127,2026-10-02,False,sector cap (Technology)
CRM,Pullback in uptrend,True,66.90128439248643,,2026-12-02,False,True,strong trend structure; favourable entry timing; distribution in volume,234.69000244140625,217.11855613536753,7.487087700050491,261.0471719004643,287.4043413595224,3.0992,727.3512555664063,2671.197486067627,199.9948984234272,1.0,8.013592458202881,15,"Limit near the 21-EMA, or at market on the first up-close / reclaim day.",Stop 217.1; to breakeven at +1.0R; trail 2.5×ATR from +1.0R; scale 1/2 at T1 (+1.5R); time-stop 15 bars if < +0.5R,,234.69000244140625,8.785723153019365,3.743543850025247,51.49425234331162,62.318079730265396,19.771264007356013,-0.030573710123905445,0.8763666994100537,-0.08495345713668345,0.4192749211426474,0.2624169265128464,0.09743377467229286,0.7485836259176508,2912990248.0052185,0.0,0.0,0.0,1.0,0.4389949697330907,0.831858407079646,0.43982730463125075,0.9011305277348407,0.7915192528321437,0.7365561361964641,-0.019155125737930646,-1.3547785082420807,0.15297148869835103,0.7333417997494299,2.2138415277064882,1.0,Technology,"Salesforce, Inc.",0.0454,2026-10-02,False,sector cap (Technology)
CRWD,Extended (wait),False,66.08647574097465,,2026-12-01,False,True,momentum leader; strong trend structure; volume accumulation; new 55-day high,270.0400085449219,229.98943233066552,14.831349039745653,330.1158728663064,390.19173718769093,1.3597,367.17339961853025,1348.4443100990522,199.9924822373807,1.0,4.045332930297157,15,Too far above the 21-EMA. Set an alert for a pullback toward it.,Stop 230; to breakeven at +1.0R; trail 2.5×ATR from +1.0R; scale 1/2 at T1 (+1.5R); time-stop 15 bars if < +0.5R,,270.0400085449219,11.443021775501817,4.237528297070188,68.74572609292407,95.51452047200755,25.260903150936112,2.144801532376257,0.9872228597057188,0.32749980815871904,0.35439864545915967,1.7063540975002685,0.6274902123821064,0.7622174910189922,2567842016.8593597,0.0,1.0,1.0,1.0,1.0321310412565736,1.0,0.7233914779142878,2.041465815478534,1.8629592870494331,-0.7428333600505141,-0.7207973173747299,1.3517658389224378,-0.47244927633880746,-0.5506842745709027,2.571077661578889,0.7142857142857143,Technology,"CrowdStrike Holdings, Inc.",0.0277,2026-10-02,False,not actionable today
CVX,Pullback in uptrend,True,66.07879085469592,,2026-10-30,False,True,favourable entry timing; quality/growth fundamentals,206.36325525816585,198.1841827456924,3.9634345282260734,218.63186402687603,230.9004727955862,6.5974,1361.4609402402234,4999.965303032221,198.17035121970247,1.0,14.999895909096665,15,"Limit near the 21-EMA, or at market on the first up-close / reclaim day.",Stop 198.2; to breakeven at +1.0R; trail 2.5×ATR from +1.0R; scale 1/2 at T1 (+1.5R); time-stop 15 bars if < +0.5R,size capped at 25% of capital; 55-day high sits before T1 (resistance),206.69000244140625,4.089536256236723,1.9785844539800856,51.93026758882172,67.72555893851603,17.60150729831571,0.07989834611249527,0.9490770667643842,-0.024034358141606593,0.24029633861933886,0.05746318491239122,0.42402075330244293,0.7939793488795033,2052372150.7943726,0.0,0.0,0.0,1.0,0.45732895817647606,0.8584070796460177,0.41675460848798895,0.5087218595520201,0.6496427585888113,0.7927590986963242,0.4399216055523164,-0.6119792037610629,0.5519511534413242,-0.043036733973243535,1.8397338588016192,0.8571428571428571,Energy,Chevron Corporation,0.0106,2026-10-02,False,correlated with XOM (0.85)
AAPL,Pullback in uptrend,True,65.56931228933043,,2026-10-29,False,True,favourable entry timing,331.02398781340383,316.9572094401716,4.249474023363405,352.12415537325217,373.22432293310055,3.8714,1281.5262664208117,4706.405213430431,199.99746697894716,1.0,14.119215640291294,15,"Limit near the 21-EMA, or at market on the first up-close / reclaim day.",Stop 317; to breakeven at +1.0R; trail 2.5×ATR from +1.0R; scale 1/2 at T1 (+1.5R); time-stop 15 bars if < +0.5R,55-day high sits before T1 (resistance),333.69000244140625,7.033389186616132,2.1077614358108163,54.73837266258531,62.385708386206694,17.18980161935695,0.379051202381291,0.9662651473329904,0.026864879418655896,0.06818197581868257,0.306210883034,0.2768071717971887,0.8356896502573355,13988005526.706696,0.0,0.0,0.0,1.0,0.5779472841955589,0.8938053097345132,0.4025997091930598,0.7115797485018062,0.4627865820961727,0.7760082042042319,0.4465838715863955,0.43285614342768275,-0.25539279002089427,-0.3421883916129789,3.7107062686953043,0.7,Technology,Apple Inc.,0.0088,2026-10-02,False,sector cap (Technology)
DE,Squeeze (pre-breakout),True,64.79363195791701,,2026-11-25,False,True,strong trend structure; favourable entry timing; volatility compression; Bollinger/Keltner squeeze on,721.2701539679989,659.4217958749646,8.574922690587083,814.0426911075504,906.8152282471019,0.8805,635.078370568823,2332.325315914002,199.99509273261668,1.0,6.9969759477420075,15,Buy-stop just above the 20-day high (+0.1 ATR). Let price trigger it; don't anticipate.,Stop 659.4; to breakeven at +1.0R; trail 2.5×ATR from +1.0R; scale 1/2 at T1 (+1.5R); time-stop 15 bars if < +0.5R,,687.0,17.67095945515266,2.5721920604297903,56.57491010008266,78.20818162799776,18.75178224852011,0.6032932970799868,0.9548256846721171,-0.013933335114637901,0.08406177600971598,0.19925703608625556,0.559907743574694,1.0094737326443153,866130007.1170044,1.0,0.0,0.0,1.0,0.6145669382175378,0.9026548672566371,0.38123771859163763,1.0371259354269895,0.5369850504988497,0.6037518221615757,0.710247717776933,-0.1160544423800975,-0.7429073267560355,-0.3612509930678906,1.0006617672028886,0.8333333333333334,Industrials,Deere & Company,0.0208,2026-10-02,True,
PLTR,No clean setup,False,64.39988136007517,,2026-11-02,False,True,strong trend structure; volume accumulation,188.75,175.1916768366589,7.18321756998204,209.08748474501164,229.4249694900233,4.0166,758.1332500000001,2784.2443606250004,199.99833010364912,1.0,8.352733081875002,0,No actionable pattern today.,Stop 175.2; to breakeven at +1.0R; trail 2.5×ATR from +1.0R; scale 1/2 at T1 (+1.5R); time-stop 15 bars if < +0.5R,55-day high sits before T1 (resistance),188.75,6.273270680708159,3.323587115606972,61.17985788011922,50.31067997119574,27.517550762378455,1.0399671234778505,0.9095508679355216,0.11383212865501613,0.4240984575313709,0.2713861744852626,-0.08375231408470818,0.5060756695436076,4140820168.4645844,0.0,0.0,0.0,1.0,0.8656844992367793,0.9557522123893806,0.6667858508551795,1.783444491539763,0.7866040590235965,0.009653218259546433,0.31920819650420745,1.0583888393621896,0.2136233942314036,-0.4712408795738437,3.837743270378967,0.6666666666666666,Technology,Palantir Technologies Inc.,0.027999999,2026-10-02,False,max 6 positions in RISK_ON
XLE,Pullback in uptrend,True,64.39564856857562,,,False,True,favourable entry timing,62.68973734110934,60.27663090461443,3.8492846498377307,66.30939699585171,69.92905665059408,21.7175,1361.4643707055423,4999.977901416104,192.4633818544888,1.0,14.999933704248315,15,"Limit near the 21-EMA, or at market on the first up-close / reclaim day.",Stop 60.28; to breakeven at +1.0R; trail 2.5×ATR from +1.0R; scale 1/2 at T1 (+1.5R); time-stop 15 bars if < +0.5R,size capped at 25% of capital; 55-day high sits before T1 (resistance),62.81999969482422,1.2065532182474579,1.9206514232868845,51.64936413588788,87.59674416253682,18.716152252473492,0.10796237724522817,0.9550159741988189,-0.029287222624625575,0.18941096231654475,0.07424704500107349,0.49004905776315777,1.0792720242658578,2191601269.854107,0.0,0.0,0.0,1.0,0.4671970505032667,0.8672566371681416,0.37036137525521967,0.4542669270607029,0.6133124309186128,0.768526521515841,0.22365937433914188,-0.08068768400470774,,-0.4043240267291561,2.4682444709311016,0.75,ETF,State Street Energy Select Sect,,2026-10-02,False,max 6 positions in RISK_ON
AMGN,Pullback in uptrend,True,63.59539291886962,,2026-11-03,False,True,strong trend structure; favourable entry timing,403.0400085449219,379.31700375269713,5.886017340529268,438.624515733259,474.2090229215961,2.2956,925.2186436157226,3397.8654686787413,199.99895069428675,1.0,10.193596406036226,15,"Limit near the 21-EMA, or at market on the first up-close / reclaim day.",Stop 379.3; to breakeven at +1.0R; trail 2.5×ATR from +1.0R; scale 1/2 at T1 (+1.5R); time-stop 15 bars if < +0.5R,,403.0400085449219,10.331960575148951,2.5635074325375258,47.83912144461457,9.60189754925986,27.05154534695476,-0.3982635355598119,0.9015949928315811,-0.0898744199306718,0.10630771768293523,0.1739285718412662,0.5247050667431035,1.0995274981066512,1322948525.081787,0.0,0.0,0.0,1.0,0.5299782188457364,0.8761061946902655,0.3486535590894961,0.8782437193676972,0.43422531417055293,0.7073519263256236,-0.05297541448883846,0.3897225516045167,-0.22117944748883753,-0.5321107123820931,1.23768080318177,0.7857142857142857,Healthcare,Amgen Inc.,0.025999999,2026-10-02,False,max 6 positions in RISK_ON
EEM,Pullback in uptrend,True,63.11937872001764,,,False,True,favourable entry timing,67.26769762235409,65.2011022720765,3.072195754163635,70.36759064777048,73.46748367318688,20.2395,1361.4645660276356,4999.978618736492,153.60913083391208,1.0,14.999935856209477,15,"Limit near the 21-EMA, or at market on the first up-close / reclaim day.",Stop 65.2; to breakeven at +1.0R; trail 2.5×ATR from +1.0R; scale 1/2 at T1 (+1.5R); time-stop 15 bars if < +0.5R,size capped at 25% of capital; 55-day high sits before T1 (resistance),67.66999816894531,1.0332976751387992,1.5269657205532385,52.87016512899395,80.79146159411957,9.424409881293418,0.3893365448027172,0.9455078728167028,0.007743806868954595,0.0014799241464071855,0.20200975469609062,0.27211048207671107,0.9652369526430757,1325869766.1748505,0.0,0.0,0.0,1.0,0.3358384931983831,0.7610619469026548,0.3358384931983831,0.22471951167223952,0.23280175280793483,0.7366825408600749,0.05545459608095453,0.49478613285168144,,,,,ETF,iShares MSCI Emerging Index Fun,,2026-10-02,False,max 6 positions in RISK_ON
META,Momentum continuation,True,63.04384748930763,,2026-10-28,False,True,strong trend structure; volume accumulation,728.0800170898438,673.2434722644393,7.531664588816436,810.3348343279504,892.589651566057,0.4965,361.49172848510744,1327.578372861557,99.98875019759932,0.5,3.9827351185846713,15,Half-size starter at market; add on a 2–3 day tight consolidation.,Stop 673.2; to breakeven at +1.0R; trail 2.5×ATR from +1.0R; scale 1/2 at T1 (+1.5R); time-stop 15 bars if < +0.5R,55-day high sits before T1 (resistance),728.0800170898438,25.42601328599273,3.492200402315836,61.53780691427509,48.65340923975958,39.68607701698363,1.3223445524056645,0.9336513685870802,0.2290708842756044,0.21383774642211906,0.2695921368463412,-0.17139455110645996,0.9785252567674365,16626034997.92389,0.0,0.0,0.0,1.0,0.3810083052080181,0.7787610619469026,0.33381145848569577,0.9648827312421071,0.41663612220542967,-0.12120555253886432,-0.5571025692499952,0.8156215717246481,-0.043763315292882764,,,,Communication Services,"Meta Platforms, Inc.",0.014099999,2026-10-02,False,max 6 positions in RISK_ON
LLY,Mean-reversion bounce,True,62.05115322012665,,,False,True,favourable entry timing; volatility compression,1142.8499755859375,1079.024934073495,5.584726156179823,1238.5875378546014,1334.3251001232652,0.8532,975.0795991699218,3580.979827951538,199.98791709913274,1.0,10.742939483854617,7,Buy at market; exit on a close above the 8-EMA or after 5–7 days.,Stop 1079; to breakeven at +1.0R; trail 2.5×ATR from +1.0R; scale 1/2 at T1 (+1.5R); time-stop 15 bars if < +0.5R,,1142.8499755859375,31.912520756221284,2.7923630780899114,43.04863914324693,3.640632677162216,17.531826052441744,-0.6075074916085695,0.8841139937346716,-0.01485240769726548,-0.046308047663068286,0.2253979223582252,0.41430604223269984,0.8885077349356526,2597997029.538574,0.0,0.0,0.0,0.0,0.31965793741946413,0.7256637168141593,0.3073249883228545,0.03976728769140072,0.10434002835672086,0.6403725532152362,0.7736733937176828,0.482646629540572,0.20866139554997692,,,,Healthcare,Eli Lilly and Company,0.0084,2026-10-02,False,max 6 positions in RISK_ON
XBI,Squeeze (pre-breakout),True,61.296973659092195,,,False,True,volatility compression; Bollinger/Keltner squeeze on,166.3666821462819,152.13304201176723,8.555583336090937,187.71714234805393,209.06760254982592,3.826,636.5189258916746,2337.615755337175,199.99666402546364,1.0,7.0128472660115255,15,Buy-stop just above the 20-day high (+0.1 ATR). Let price trigger it; don't anticipate.,Stop 152.1; to breakeven at +1.0R; trail 2.5×ATR from +1.0R; scale 1/2 at T1 (+1.5R); time-stop 15 bars if < +0.5R,55-day high sits before T1 (resistance),154.42999267578125,4.0667543241470465,2.633396695604987,43.54840709599934,17.592550431193132,11.488095795926531,-0.735629621246101,0.9089999012925467,-0.06615470015375968,-0.03967418058375283,0.1986784686201437,0.6380309811087483,1.0099499229064812,1377620081.261673,1.0,0.0,0.0,1.0,0.2873829221098506,0.6814159292035398,0.2873829221098506,0.17577351914909323,0.25866556712891037,0.46765131727937553,0.7879459014806273,-0.18857045664134822,,,,,ETF,State Street SPDR S&P Biotech E,,2026-10-02,False,max 6 positions in RISK_ON
MRVL,No clean setup,False,61.26850574188137,,2026-12-01,False,True,momentum leader; strong trend structure; volume accumulation; new 55-day high,272.2900085449219,241.7386257798446,11.220162990312945,318.1170826925378,363.9441568401537,1.7825,485.3569402313232,1782.4733629995344,199.9964165874603,1.0,5.347420088998604,0,No actionable pattern today.,Stop 241.7; to breakeven at +1.0R; trail 2.5×ATR from +1.0R; scale 1/2 at T1 (+1.5R); time-stop 15 bars if < +0.5R,Ex-dividend 2026-10-09,272.2900085449219,13.005518853277819,4.7763481747925365,64.99195427292499,92.2225952312931,22.499939816402712,1.7678009670444923,0.825625004996225,0.31872343170823436,0.0926191501047322,1.5440529967380296,1.466562336832736,0.7465962062122121,4334792136.428375,0.0,1.0,1.0,1.0,0.8095495618283286,0.9469026548672567,0.567787895700116,1.0213772589398227,1.4672627217069014,-0.3254721410119095,-0.35170944085293915,1.6054028248505323,-0.3053363085165673,-0.4931812291089024,2.5512946544325596,0.7272727272727273,Technology,"Marvell Technology, Inc.",0.0418,2026-10-02,False,max 6 positions in RISK_ON
COP,Pullback in uptrend,True,60.74280278727922,,,False,True,favourable entry timing,126.75,120.4291981359072,4.986825928278344,136.2312027961392,145.7124055922784,8.6158,1092.05265,4010.563357125,199.99981336313985,1.0,12.031690071375001,15,"Limit near the 21-EMA, or at market on the first up-close / reclaim day.",Stop 120.4; to breakeven at +1.0R; trail 2.5×ATR from +1.0R; scale 1/2 at T1 (+1.5R); time-stop 15 bars if < +0.5R,,126.75,3.1604009320464,2.493412964139172,44.897870892043805,61.641120964703774,20.001535995307794,-0.7537004569769125,0.895000736973032,-0.07616616020905875,0.23185366683757858,-0.015142150546991862,0.4825628349004478,0.9287470982087592,902110895.7458496,0.0,0.0,0.0,1.0,0.28494827673878437,0.672566371681416,0.2728211291683785,0.20360040610592772,0.5057331029590835,0.6358989077651841,0.3525587134858634,-0.6983544308329287,0.17580394860513165,,,,Energy,ConocoPhillips,0.0134000005,2026-10-02,False,max 6 positions in RISK_ON
NOW,Squeeze (pre-breakout),True,59.83607062190437,,,False,True,strong trend structure; favourable entry timing; Bollinger/Keltner squeeze on,148.17394920319012,127.03598343919187,14.265642427476829,179.8808978491875,211.58784649518486,2.5763,381.74054533217867,1401.9421527324262,199.99605454887896,1.0,4.205826458197279,15,Buy-stop just above the 20-day high (+0.1 ATR). Let price trigger it; don't anticipate.,Stop 127; to breakeven at +1.0R; trail 2.5×ATR from +1.0R; scale 1/2 at T1 (+1.5R); time-stop 15 bars if < +0.5R,55-day high sits before T1 (resistance),134.3800048828125,6.039418789713787,4.494283799870766,50.348044298580824,42.558365459132624,19.030025656235196,-0.10947466224722457,0.696392123496191,-0.01711524515065821,0.2450662883614234,0.31745102826286775,-0.25079180380423705,0.580298435291449,1612095306.066742,1.0,0.0,0.0,1.0,0.3094377735453847,0.7168141592920354,0.24914959568254558,0.973529609010158,-0.024156827224245225,0.8889621026577867,-0.05072952458780213,-0.6938785909955033,-0.23315582722016764,,,,Technology,"ServiceNow, Inc.",0.0279,2026-10-02,False,max 6 positions in RISK_ON
PFE,Pullback in uptrend,True,59.64389400484899,,,False,True,favourable entry timing; volume accumulation,27.799999237060547,26.770946736426975,3.7016278017077373,29.343577988010907,30.887156738961263,48.9737,1361.4688226360322,4999.994251130828,185.0811772836473,1.0,14.999982753392487,15,"Limit near the 21-EMA, or at market on the first up-close / reclaim day.",Stop 26.77; to breakeven at +1.0R; trail 2.5×ATR from +1.0R; scale 1/2 at T1 (+1.5R); time-stop 15 bars if < +0.5R,size capped at 25% of capital; 55-day high sits before T1 (resistance),27.799999237060547,0.5145262503167854,1.8508139008538664,47.885719512173516,3.028834035327634,29.469936197307483,-0.487400428081504,0.9517288636903234,-0.04204001383386402,0.19250975369192114,0.01529822074200915,0.14131711723105633,0.8734387527538037,906464677.5559807,0.0,0.0,0.0,1.0,0.40957086881714266,0.8053097345132744,0.24415566909458936,-0.012774276621559015,0.4065008802900416,0.8241866695313435,0.14337299828755487,0.9062103004705854,-0.008912964555621895,-0.8260972950356257,2.3780063708632926,0.6666666666666666,Healthcare,"Pfizer, Inc.",0.0272,2026-10-02,False,max 6 positions in RISK_ON
ETN,Pullback in uptrend,True,59.33294350453023,,,False,True,volume accumulation,429.12358963156584,401.17800675157923,6.512245785411132,471.04196395154577,512.9603382715256,1.9487,836.2331391150324,3071.066203399956,199.9953793980993,1.0,9.21319861019987,15,"Limit near the 21-EMA, or at market on the first up-close / reclaim day.",Stop 401.2; to breakeven at +1.0R; trail 2.5×ATR from +1.0R; scale 1/2 at T1 (+1.5R); time-stop 15 bars if < +0.5R,,436.1099853515625,13.972791439993298,3.203960447896962,56.30673818386746,60.98815910822413,11.305079953166631,0.6928270882713952,0.9123639860911349,0.11579884493096282,0.05747901129653776,0.2140435504171072,0.05715739176400403,0.9271879668505075,891145561.4924622,0.0,0.0,0.0,1.0,0.3258936167078441,0.7345132743362832,0.2360914684254052,0.5324135265854169,0.168497993152095,0.4327846309128426,-0.13697568274324493,0.6088756339856628,-0.48232571783410616,,,,Industrials,"Eaton Corporation, PLC",0.02,2026-10-02,False,max 6 positions in RISK_ON
GILD,Pullback in uptrend,True,59.08560125246434,,,False,True,volatility compression,144.74000549316406,137.8578239784603,4.754857850982196,155.0632777652197,165.38655003727538,7.913,1145.3276634674073,4206.215844084053,199.99958429168765,1.0,12.618647532252162,15,"Limit near the 21-EMA, or at market on the first up-close / reclaim day.",Stop 137.9; to breakeven at +1.0R; trail 2.5×ATR from +1.0R; scale 1/2 at T1 (+1.5R); time-stop 15 bars if < +0.5R,55-day high sits before T1 (resistance),144.74000549316406,3.441090757351882,2.3774289254910945,44.47660643147732,2.971389717737779,28.576166048049892,-0.949582378807199,0.9367657548976168,-0.027102356766363522,0.12302457761442898,0.04868524101114091,0.37155884738395706,0.8288388702556909,880393569.9530792,0.0,0.0,0.0,1.0,0.2876337470947329,0.6902654867256637,0.22969075774185663,0.15323043982262988,0.38364491897982955,0.44395790542853536,0.5152674482597484,-0.14570750673952207,-0.2338531570811536,,,,Healthcare,"Gilead Sciences, Inc.",0.0148,2026-10-02,False,max 6 positions in RISK_ON
SMH,Extended (wait),False,58.36463507537857,,,False,True,volume accumulation; new 55-day high,630.5999755859375,577.034456784017,8.494373751307037,710.9482537888182,791.2965319916989,1.0166,641.067935180664,2354.3219919509884,199.98490930553376,1.0,7.062965975852966,15,Too far above the 21-EMA. Set an alert for a pullback toward it.,Stop 577; to breakeven at +1.0R; trail 2.5×ATR from +1.0R; scale 1/2 at T1 (+1.5R); time-stop 15 bars if < +0.5R,,630.5999755859375,15.304433943405861,2.42696392894487,68.60750947533504,97.55892744128518,17.970256833476554,2.6044989117926445,0.9386302480462219,0.1455457018599713,0.04352141043229518,0.6073612454457384,0.654807936122922,0.6803655444719534,3769767338.3502197,0.0,1.0,1.0,1.0,0.4346168606410879,0.8230088495575221,0.4816125136605878,0.6823285660032093,0.7341261620116089,-0.8971459293834615,0.2491491635094962,1.3735320786589578,,0.857577737816587,2.7248983245987644,1.0,ETF,VanEck Semiconductor ETF,,2026-10-02,False,max 6 positions in RISK_ON
BRK-B,Pullback in uptrend,True,57.376356393470076,,,False,True,favourable entry timing; volume accumulation,502.6499938964844,491.1416277427239,2.2895387035716306,519.912543127125,537.1750923577657,2.7085,1361.4275084686278,4999.842524851036,114.47332972409748,1.0,14.99952757455311,15,"Limit near the 21-EMA, or at market on the first up-close / reclaim day.",Stop 491.1; to breakeven at +1.0R; trail 2.5×ATR from +1.0R; scale 1/2 at T1 (+1.5R); time-stop 15 bars if < +0.5R,size capped at 25% of capital,502.6499938964844,5.754183076880216,1.1447693517858137,46.50038243192086,71.35544578857062,10.307707042326987,-0.4106438402700977,0.934745421625428,-0.005126269471838807,-0.007757891705065689,0.05300091645433502,0.014130826685765374,1.0318402857438471,2368481074.551239,0.0,0.0,0.0,1.0,0.18576449712273976,0.6371681415929203,0.18576449712273976,-0.037744306384043344,-0.024385144101345346,0.6679934498646873,-0.2650823040936825,0.8856595793000196,,,,,,,,2026-10-02,False,max 6 positions in RISK_ON
VRTX,Pullback in uptrend,True,56.50188993431073,,,False,True,volatility compression,504.7300109863281,480.7316595022128,4.75469081721899,540.7275382125011,576.7250654386742,2.2692,1145.3333409301758,4206.236694566071,199.99354986702855,1.0,12.618710083698213,15,"Limit near the 21-EMA, or at market on the first up-close / reclaim day.",Stop 480.7; to breakeven at +1.0R; trail 2.5×ATR from +1.0R; scale 1/2 at T1 (+1.5R); time-stop 15 bars if < +0.5R,,504.7300109863281,11.999175742057686,2.377345408609498,39.03390027350097,2.9553126489803105,16.39118270169661,-1.2676355847285907,0.9009014029207106,-0.09343509477085199,-0.04694200156440109,0.15048670150474597,0.37737812466190457,0.8419582385340443,522942407.9766846,0.0,0.0,0.0,1.0,0.16347287335794153,0.6194690265486725,0.16347287335794153,0.17352106732978137,0.07272578345464048,0.1839266236257761,0.7128471317394254,-0.2098106736107215,,,,,,,,2026-10-02,False,max 6 positions in RISK_ON
KO,Pullback in uptrend,True,56.3421887877675,,,False,True,no dominant factor,85.6500015258789,83.21899652120501,2.8383011808112704,89.29650903288974,92.94301653990058,15.8957,1361.4667292549134,4999.98656318867,141.91467766338886,1.0,14.99995968956601,15,"Limit near the 21-EMA, or at market on the first up-close / reclaim day.",Stop 83.22; to breakeven at +1.0R; trail 2.5×ATR from +1.0R; scale 1/2 at T1 (+1.5R); time-stop 15 bars if < +0.5R,size capped at 25% of capital,85.6500015258789,1.2155025023369497,1.4191505904056394,38.37412702783242,2.167452484851921,15.389454676679662,-1.389521456458734,0.9315719514398593,-0.023559760873702373,0.03858590151586139,0.13030978131348436,0.3484340148382785,1.051451075196829,1385694870.9542084,0.0,0.0,0.0,1.0,0.1594133712600935,0.6106194690265486,0.1594133712600935,0.12050328586076263,0.26217076802513706,0.18363737379706993,0.2337493683951573,-0.1303319507943824,,,,,,,,2026-10-02,False,max 6 positions in RISK_ON
QQQ,Momentum continuation,True,55.999239820567375,,,False,True,volume accumulation; new 55-day high,749.5800170898438,725.4378537427873,3.220758664403243,785.7932621104285,822.0065071310131,1.1278,845.3763432739257,3104.644620673492,99.99311061927071,0.5,9.313933862020479,15,Half-size starter at market; add on a 2–3 day tight consolidation.,Stop 725.4; to breakeven at +1.0R; trail 2.5×ATR from +1.0R; scale 1/2 at T1 (+1.5R); time-stop 15 bars if < +0.5R,,749.5800170898438,9.488575263225908,1.2658522168272555,65.59189801654321,94.5277181045528,14.088433749988587,1.9722057210149073,0.9934265100830479,0.05797912352865575,0.038102234624215914,0.28412209550049283,0.17999281519373045,0.951581919550708,24662063354.744568,0.0,1.0,1.0,1.0,0.15070700339748858,0.584070796460177,0.15070700339748858,0.546921419603897,0.40421648344495054,-0.7061715113453718,-0.8895053824011826,1.0500346287789786,,,,,,,,2026-10-02,False,max 6 positions in RISK_ON
CSCO,No clean setup,False,54.63648269337895,,2026-11-12,False,True,volatility compression; Bollinger/Keltner squeeze on,112.19999694824219,103.44629684812503,7.8018719591901915,125.33054709841792,138.46109724859366,6.2212,698.0186210144043,2563.4733856753996,199.99891125831243,1.0,7.6904201570262,0,No actionable pattern today.,Stop 103.4; to breakeven at +1.0R; trail 2.5×ATR from +1.0R; scale 1/2 at T1 (+1.5R); time-stop 15 bars if < +0.5R,55-day high sits before T1 (resistance),112.19999694824219,2.640468580048177,2.3533588697566756,58.15803183486655,99.3686901289306,26.74089917217983,1.3114985947637818,0.8671958951285795,0.029005713511640607,-0.01180064849272544,0.43073058984465096,0.6251131698683989,0.808511573559099,1988587216.3223648,1.0,1.0,0.0,0.0,0.388795086760846,0.7876106194690266,0.3769364342441214,0.35697821346068137,0.36244968807910294,0.20782816921128427,0.7995969464213644,0.3789408467293573,-0.14645709526039977,0.8054607436148452,2.51050992350666,1.0,Technology,"Cisco Systems, Inc.",0.0146,2026-10-02,False,max 6 positions in RISK_ON
XLV,Pullback in uptrend,True,54.518435813511246,,,False,True,no dominant factor,166.17999267578125,161.41933300979838,2.8647610276833766,173.32098217475556,180.46197167372986,8.1927,1361.4628259948731,4999.972228466171,143.23725579609092,1.0,14.999916685398516,15,"Limit near the 21-EMA, or at market on the first up-close / reclaim day.",Stop 161.4; to breakeven at +1.0R; trail 2.5×ATR from +1.0R; scale 1/2 at T1 (+1.5R); time-stop 15 bars if < +0.5R,size capped at 25% of capital,166.17999267578125,2.3803298329914324,1.4323805138416865,42.55154819768103,4.511980426074956,15.04296203094064,-0.9936446583963952,0.9445978323243092,-0.035466970052353886,0.029982568142372212,0.14128254507458315,0.22094971903934235,1.044227047698679,1362824265.5350494,0.0,0.0,0.0,1.0,0.1132699094637875,0.5663716814159292,0.1132699094637875,0.15154495271402932,0.2189365520266548,0.4625958953804809,-0.1524518686611918,-0.4857139841939253,,,,,,,,2026-10-02,False,max 6 positions in RISK_ON
DHR,Pullback in uptrend,True,54.365308094708496,Earnings in 16d — binary gap risk,2026-10-21,False,True,strong trend structure; favourable entry timing; volume accumulation,214.05999755859375,202.1487110160425,5.5644616828937465,231.9269273724206,249.79385718624746,4.572,978.6823088378907,3594.2107792071533,199.99848161141878,1.0,10.782632337621463,15,"Limit near the 21-EMA, or at market on the first up-close / reclaim day.",Stop 202.1; to breakeven at +1.0R; trail 2.5×ATR from +1.0R; scale 1/2 at T1 (+1.5R); time-stop 15 bars if < +0.5R,55-day high sits before T1 (resistance),214.05999755859375,5.955643271275619,2.7822308414468733,50.37645998650118,29.67511229995641,26.969440768410575,-0.18837739733159117,0.8869122725579162,0.021577553576866748,0.10752692586316548,0.12434194955806177,-0.008428804935960654,1.1156173333132888,941810227.6176453,0.0,0.0,0.0,1.0,0.456299352521943,0.8495575221238938,0.3695344616937996,0.8216407607045068,0.11742215676956962,0.7378078942554682,-0.25401937605830427,0.860865441517708,-0.2820010296804952,0.32695082644294726,0.5421121365565842,1.0,Healthcare,Danaher Corporation,0.013300001,2026-10-02,False,max 6 positions in RISK_ON
SPY,Pullback in uptrend,True,54.300726703533236,,,False,True,no dominant factor,766.2683788953069,752.7818358827848,1.760028651053701,786.4981934140901,806.7280079328733,1.7767,1361.4290287832916,4999.848108206638,87.99875921360331,1.0,14.999544324619917,15,"Limit near the 21-EMA, or at market on the first up-close / reclaim day.",Stop 752.8; to breakeven at +1.0R; trail 2.5×ATR from +1.0R; scale 1/2 at T1 (+1.5R); time-stop 15 bars if < +0.5R,size capped at 25% of capital; costs > 15% of risk budget; 55-day high sits before T1 (resistance),769.6400146484375,6.74327150626107,0.8761591624548416,55.39130248546723,86.84498242687026,9.564164333701095,0.6982813325731573,0.9899677453473794,0.008352759719697067,0.02698216277875387,0.17948079498941172,0.15416136478562836,1.0702246464092486,35162410153.09601,0.0,0.0,0.0,1.0,0.10778450862988193,0.5575221238938053,0.10778450862988193,0.4937305810492066,0.29878714350809643,0.2999919963348607,-0.9325275525466168,-0.3896133937852729,,,,,,,,2026-10-02,False,max 6 positions in RISK_ON
V,Pullback in uptrend,True,53.801414556986984,,,False,True,no dominant factor,360.6600036621094,349.1923604107852,3.1796271099880014,377.8614685390956,395.0629334160818,3.7749,1361.4554478240968,4999.945132133996,158.9796109058579,1.0,14.999835396401988,15,"Limit near the 21-EMA, or at market on the first up-close / reclaim day.",Stop 349.2; to breakeven at +1.0R; trail 2.5×ATR from +1.0R; scale 1/2 at T1 (+1.5R); time-stop 15 bars if < +0.5R,size capped at 25% of capital,360.6600036621094,5.733821625662066,1.5898135549939985,41.30592254427723,38.31879161150111,16.76054119355969,-1.045797189050455,0.9353943429495982,-0.04688158171384105,0.011420613743094554,0.20372045867262156,0.09658828105336204,0.8669289997057181,2252514686.101532,0.0,0.0,0.0,1.0,0.0952191126253364,0.5486725663716814,0.0952191126253364,0.14072439802931141,0.14606166448485017,0.34322974626297015,0.297059042808085,-0.6967537184705973,,,,,,,,2026-10-02,False,max 6 positions in RISK_ON
MA,Pullback in uptrend,True,52.956090396411454,,,False,True,no dominant factor,552.260009765625,533.6947862185466,3.3616816750786183,580.1078450862426,607.9556804068602,2.4652,1361.4313760742186,4999.856728632568,168.0792674266263,1.0,14.999570185897705,15,"Limit near the 21-EMA, or at market on the first up-close / reclaim day.",Stop 533.7; to breakeven at +1.0R; trail 2.5×ATR from +1.0R; scale 1/2 at T1 (+1.5R); time-stop 15 bars if < +0.5R,size capped at 25% of capital,552.260009765625,9.282611773539207,1.6808408375393102,38.87549632916764,36.06561241115129,20.038743788288663,-1.3181331994228145,0.9185503512899582,-0.06100588973572885,0.037677358595078925,0.123006722604595,0.03143250738833481,1.1392835959816636,1552468750.2749634,0.0,0.0,0.0,1.0,0.0739885466411523,0.5309734513274337,0.0739885466411523,0.15345897626177665,0.07602019956326894,0.10187392591221983,0.31933691255417335,-0.37720787972501046,,,,,,,,2026-10-02,False,max 6 positions in RISK_ON
ADI,Extended (wait),False,52.82423036906458,,,False,True,volume accumulation; new 55-day high,417.1499938964844,377.654113801859,9.468028448401764,476.3938140384224,535.6376341803605,1.3788,575.1664115844727,2112.298646543976,199.99303676998906,1.0,6.336895939631928,15,Too far above the 21-EMA. Set an alert for a pullback toward it.,Stop 377.7; to breakeven at +1.0R; trail 2.5×ATR from +1.0R; scale 1/2 at T1 (+1.5R); time-stop 15 bars if < +0.5R,,417.1499938964844,11.284537169892957,2.705150985257646,72.28148129716882,97.41981475309538,25.31858809199048,2.799286823333871,0.9383529136918162,0.1727249836027318,0.07610254060624388,0.31798404284450354,0.5051775119274926,0.7661905046388182,1223242746.0656738,0.0,1.0,1.0,1.0,0.37099701779818367,0.7699115044247787,0.32792727369555547,0.659993414955653,0.5372139488595499,-1.0153725128009972,-0.1265720130469268,1.9545852225737106,-0.016630679125469842,,,,Technology,"Analog Devices, Inc.",0.0199,2026-10-02,False,max 6 positions in RISK_ON
QCOM,Pullback in uptrend,True,52.32755257112166,,,False,True,no dominant factor,183.66439760007304,166.98276712716245,9.082669635970843,208.68684330943893,233.70928901880484,3.2645,599.5724259654385,2201.929734358073,199.9940033879541,1.0,6.60578920307422,15,"Limit near the 21-EMA, or at market on the first up-close / reclaim day.",Stop 167; to breakeven at +1.0R; trail 2.5×ATR from +1.0R; scale 1/2 at T1 (+1.5R); time-stop 15 bars if < +0.5R,55-day high sits before T1 (resistance),184.8699951171875,8.340815236455304,4.511719292883701,52.56667843874293,56.30178648466518,17.156841430342556,0.14454192820926368,0.7177695542417492,0.09364639003824271,-0.003238091586844183,0.4713144957140134,0.03646011386815484,0.8771372262704059,2784792700.4730225,0.0,0.0,0.0,1.0,0.058230900740152615,0.5132743362831859,0.058230900740152615,0.47720121302388824,-0.18862019364590843,0.45476144651428096,-0.5360938487493261,-0.16305305703387984,,,,,,,,2026-10-02,False,max 6 positions in RISK_ON
ASML,Extended (wait),False,52.251842941736086,,,False,True,volume accumulation,1867.31005859375,1688.7849295536928,9.560550922887572,2135.0977521538357,2402.8854457139214,0.305,569.5295678710937,2091.5973380065916,199.96822860188107,1.0,6.274792014019775,15,Too far above the 21-EMA. Set an alert for a pullback toward it.,Stop 1689; to breakeven at +1.0R; trail 2.5×ATR from +1.0R; scale 1/2 at T1 (+1.5R); time-stop 15 bars if < +0.5R,55-day high sits before T1 (resistance),1867.31005859375,51.007179725730616,2.7315859779678764,64.78162086812219,90.0655104425905,16.906938364657748,2.3386476881116325,0.9348812227342811,0.10997444236805509,0.02446760447698315,0.4225373868152198,0.687861420343985,1.0070634994923784,2339889962.235718,0.0,1.0,0.0,1.0,0.43200958987857757,0.8141592920353983,0.312657178463526,0.6505766025720096,0.5918220529778662,-0.6097837661014281,0.3053189971161985,1.2847250334758795,-0.18640501777312185,-0.14309991662023888,1.8980477579431299,0.8333333333333334,Technology,ASML Holding N.V. - New York Re,0.0038,2026-10-02,False,max 6 positions in RISK_ON
XLK,Extended (wait),False,51.71409688110757,,,False,True,volume accumulation; new 55-day high,199.80999755859375,190.1679797788896,4.825593262357488,214.27302422815,228.73605089770624,5.648,1128.5268662109374,4144.514916159667,199.99743255160203,1.0,12.433544748479003,15,Too far above the 21-EMA. Set an alert for a pullback toward it.,Stop 190.2; to breakeven at +1.0R; trail 2.5×ATR from +1.0R; scale 1/2 at T1 (+1.5R); time-stop 15 bars if < +0.5R,,199.80999755859375,3.208085767254139,1.6055681930096497,68.95756561371095,96.33093900935735,16.7906040990095,2.396416195589127,0.9921545169281335,0.08955970373723265,0.08973778465318416,0.47276778037196343,0.295247333878373,1.1388901587315328,1406248558.990326,0.0,1.0,1.0,1.0,0.2983941348337442,0.7079646017699115,0.2983941348337442,0.655740182892156,0.6685094687905309,-0.9317416252189913,-0.3171187601499672,1.1191302388877686,,,,,ETF,State Street Technology Select ,,2026-10-02,False,max 6 positions in RISK_ON
TXN,Extended (wait),False,50.05460693792088,,,False,True,volume accumulation,293.79998779296875,265.2964937085008,9.701666190862278,336.55522891967064,379.3104700463726,1.9106,561.3342566772461,2061.500057647186,199.99985411736344,1.0,6.18450017294156,15,Too far above the 21-EMA. Set an alert for a pullback toward it.,Stop 265.3; to breakeven at +1.0R; trail 2.5×ATR from +1.0R; scale 1/2 at T1 (+1.5R); time-stop 15 bars if < +0.5R,55-day high sits before T1 (resistance),293.79998779296875,8.143855452705125,2.7719046259606497,70.44351230577927,96.95690249100771,18.226067495276048,2.498715623456418,0.8840650906712451,0.15306116277121395,-0.027004087553115785,0.5230908598455652,0.4490746867453266,0.725819670031911,1577921585.0704956,0.0,1.0,0.0,1.0,0.328562565280658,0.7522123893805309,0.2548380724889471,0.512967516439552,0.3431556102331525,-0.9804672527932934,0.3169218405971486,1.8984555023760699,-0.33495786984474046,,,,Technology,Texas Instruments Incorporated,0.0241,2026-10-02,False,max 6 positions in RISK_ON
SHOP,No clean setup,False,49.93136440196795,,,False,True,strong trend structure,151.38999938964844,128.85083265517795,14.88814771473712,185.19874949135416,219.0074995930599,2.4161,365.77337752532964,1343.302728961773,199.99289454392357,1.0,4.0299081868853195,0,No actionable pattern today.,Stop 128.9; to breakeven at +1.0R; trail 2.5×ATR from +1.0R; scale 1/2 at T1 (+1.5R); time-stop 15 bars if < +0.5R,55-day high sits before T1 (resistance),151.38999938964844,6.43976192413442,4.253756489924889,61.1387544182458,96.24553478757522,14.89680286705922,1.3834655247950638,0.8309457015257281,0.06710371889839872,0.26011320258665305,0.2802536946270482,-0.05148099104080506,0.6903588188936394,1448549444.651451,0.0,0.0,0.0,1.0,0.32668235887639546,0.7433628318584071,0.2516288169983334,1.1738068681343914,0.35260498975474713,-0.36974285992091666,-0.5055981764765499,0.44454512671343743,-0.34879951802616294,,,,Technology,Shopify Inc.,0.0136,2026-10-02,False,max 6 positions in RISK_ON
AMZN,No clean setup,False,49.83759006024373,,,False,True,favourable entry timing; volatility compression; Bollinger/Keltner squeeze on,251.52000427246094,240.2510534343316,4.480339792743549,268.423430529655,285.32685678684896,4.8326,1215.4955726470948,4463.907490546456,199.99822361021285,1.0,13.391722471639369,0,No actionable pattern today.,Stop 240.3; to breakeven at +1.0R; trail 2.5×ATR from +1.0R; scale 1/2 at T1 (+1.5R); time-stop 15 bars if < +0.5R,,251.52000427246094,5.634475419064669,2.2401698963717736,48.56366800923155,84.3953373186355,8.87956659807369,-0.06911765768427698,0.8757659943661493,-0.013569658455776734,0.03014416980652168,0.1990275022627772,0.15569047765271793,0.8799054710387317,8852990822.20787,1.0,0.0,0.0,0.0,0.2719092574460537,0.6637168141592921,0.24918911109669456,-0.08705644950119477,0.0823831643060404,0.6209698790608815,1.0076967215749695,0.20427750763942631,0.06742794030182138,,,,Consumer Cyclical,"Amazon.com, Inc.",0.0083,2026-10-02,False,max 6 positions in RISK_ON
LRCX,Extended (wait),False,49.77035803490282,,,False,True,volume accumulation; new 55-day high,347.489990234375,299.13573731133425,13.915293758656697,420.0213696189361,492.55274900349724,1.1262,391.34322700195315,1437.2080011646729,199.99171528498238,1.0,4.311624003494019,15,Too far above the 21-EMA. Set an alert for a pullback toward it.,Stop 299.1; to breakeven at +1.0R; trail 2.5×ATR from +1.0R; scale 1/2 at T1 (+1.5R); time-stop 15 bars if < +0.5R,,347.489990234375,13.815500835154499,3.9757982167590558,67.76360857404939,99.51766044958943,15.712877686249273,2.536222208337499,0.7932933399793229,0.20650365705678242,-0.006684360425068925,0.5935916815915774,1.0263626020439163,0.8691443404926733,2891489039.9531555,0.0,1.0,1.0,1.0,0.2920038851488698,0.6991150442477876,0.2474411042539262,0.6101563854527238,0.5158868818173282,-0.7055143500240212,-0.22160388680475007,1.1058765175829723,-0.1090611429056229,,,,Technology,Lam Research Corporation,0.0233,2026-10-02,False,max 6 positions in RISK_ON
GOOGL,No clean setup,False,49.57316148669258,,,False,True,favourable entry timing; volatility compression; Bollinger/Keltner squeeze on,343.5,325.49428344074306,5.241838881879749,370.5085748388854,397.5171496777708,3.0245,1038.9157500000001,3815.4180918750003,199.9980690461782,1.0,11.446254275625003,0,No actionable pattern today.,Stop 325.5; to breakeven at +1.0R; trail 2.5×ATR from +1.0R; scale 1/2 at T1 (+1.5R); time-stop 15 bars if < +0.5R,,343.5,9.002858279628459,2.6209194409398715,50.01208299972647,64.92194644025534,13.486928155288902,0.03434194436797957,0.8416976941386004,0.019579965020636525,-0.062050938602537076,0.16281602977917697,0.379255321076148,1.0136609066644362,9386006231.347504,1.0,0.0,0.0,0.0,0.24124948372144553,0.6548672566371682,0.2423195487401551,0.14921227990841152,-0.06751306821890989,0.6099244005539918,0.5426757875214819,0.34279159214954597,0.2508800688898315,,,,Communication Services,Alphabet Inc.,0.0149,2026-10-02,False,max 6 positions in RISK_ON
ARM,No clean setup,False,47.66565401434682,,,False,True,volume accumulation,307.489990234375,269.44317439736864,12.373351018030316,364.5602139898846,421.6304377453941,1.4313,440.11042302246096,1616.305528549988,199.9911565713202,1.0,4.848916585649964,0,No actionable pattern today.,Stop 269.4; to breakeven at +1.0R; trail 2.5×ATR from +1.0R; scale 1/2 at T1 (+1.5R); time-stop 15 bars if < +0.5R,55-day high sits before T1 (resistance),307.489990234375,19.023407918503185,6.18667550901516,58.51642888465341,85.32732657621423,19.617187946841657,1.172311898193107,0.6792356570420236,0.3092480176925547,-0.045773338030676736,1.0621687946866545,0.5617767853736424,1.0879770250374945,1720790021.6545105,0.0,0.0,0.0,1.0,0.19316439175331734,0.6460176991150443,0.19316439175331734,0.6795562576892947,0.28201745491796404,0.018364541426358124,-1.4690779866484827,0.9226901558619843,,,,,,,,2026-10-02,False,max 6 positions in RISK_ON
AMAT,No clean setup,False,47.29136249042405,,,False,True,volume accumulation,540.0399780273438,471.69809904887745,12.654966624527557,642.5527964950431,745.0656149627426,0.7968,430.3038544921875,1580.2909056225585,199.98528667697903,1.0,4.740872716867676,0,No actionable pattern today.,Stop 471.7; to breakeven at +1.0R; trail 2.5×ATR from +1.0R; scale 1/2 at T1 (+1.5R); time-stop 15 bars if < +0.5R,55-day high sits before T1 (resistance),540.0399780273438,19.526251136704666,3.6157047498650177,69.19770319670272,99.30635746485618,18.802576749598288,2.853102262282054,0.7308900659264209,0.23167447099371863,-0.08801185994862659,0.5533318323201495,1.0248237725098925,0.9010719277487867,2960446695.2609253,0.0,1.0,0.0,0.0,0.1835929294412136,0.6283185840707964,0.1835929294412136,0.40165987689454286,0.21581733958477856,-0.9687170750683589,-0.18658657974027906,1.765542525121494,,,,,,,,2026-10-02,False,max 6 positions in RISK_ON
CAT,No clean setup,False,46.31053149672666,,,False,True,volatility compression; volume accumulation; Bollinger/Keltner squeeze on,845.4199829101562,788.3736957593505,6.74768615646362,930.9894136363648,1016.5588443625734,0.9546,807.0379156860351,2963.8467453569638,199.99107653524942,1.0,8.891540236070892,0,No actionable pattern today.,Stop 788.4; to breakeven at +1.0R; trail 2.5×ATR from +1.0R; scale 1/2 at T1 (+1.5R); time-stop 15 bars if < +0.5R,,845.4199829101562,23.305265790722952,2.756649506970505,58.83339153669992,87.04551921251598,10.9507730071757,1.222778866842719,0.7890264410410146,0.06707218615675736,-0.12674413355807534,0.1831807521813018,0.6626009265094717,0.8310961943296563,1887538344.5739746,1.0,1.0,0.0,0.0,0.1586090626722514,0.6017699115044248,0.1586090626722514,0.04710359240062667,-0.1419860104793138,-0.05258431412972697,0.8575298255686051,0.7509769884010273,,,,,,,,2026-10-02,False,max 6 positions in RISK_ON
ABNB,No clean setup,False,46.11073924840632,,,False,True,favourable entry timing,162.42999267578125,147.6719442837465,9.08579022194046,184.56706526383334,206.70413785188546,3.6901,599.3829159729004,2201.2337589104764,199.99948162914052,1.0,6.60370127673143,0,No actionable pattern today.,Stop 147.7; to breakeven at +1.0R; trail 2.5×ATR from +1.0R; scale 1/2 at T1 (+1.5R); time-stop 15 bars if < +0.5R,,162.42999267578125,5.312222865013953,3.270469189527963,46.116844601176055,91.63033134491229,22.48864907323494,-0.3439422742030198,0.8396354164366118,-0.11366366067569478,0.10010158747218756,0.2999599571264042,0.4982013976786357,0.8330255083434981,814592069.2205048,0.0,0.0,0.0,0.0,0.15353597769432792,0.5929203539823009,0.15353597769432792,0.07452754956152417,0.3621794796089975,0.5521075711997087,-0.38700561121185895,-0.2673717221786229,,,,,,,,2026-10-02,False,max 6 positions in RISK_ON
HON,No clean setup,False,45.98401798968241,,,False,True,favourable entry timing; volatility compression; volume accumulation,213.99000549316406,203.20595905739677,5.039509397139481,230.166075146815,246.34214480046595,5.0499,1080.6281287399293,3968.60680279739,199.99831276249117,1.0,11.905820408392172,0,No actionable pattern today.,Stop 203.2; to breakeven at +1.0R; trail 2.5×ATR from +1.0R; scale 1/2 at T1 (+1.5R); time-stop 15 bars if < +0.5R,,213.99000549316406,4.336136914944141,2.026326839401226,52.65166327725244,88.18724297852638,21.304919712076188,0.5435231226004282,0.8291418194408448,0.038433531748676364,-0.07158016450927651,-0.10317533909625154,0.011312089620271637,0.6832695903197857,617356343.4181213,0.0,0.0,0.0,0.0,0.15032091342942602,0.5752212389380531,0.15032091342942602,-0.12028926369531097,-0.45574340258731316,0.6257383593756111,0.7392755358874258,0.9046212663434706,,,,,,,,2026-10-02,False,max 6 positions in RISK_ON
TSM,Extended (wait),False,43.830794604866384,Earnings in 10d — binary gap risk,2026-10-15,False,True,volume accumulation; quality/growth fundamentals; new 55-day high,472.7799987792969,435.5691353033394,7.870650952247292,528.5962939932331,584.4125892071693,1.4635,691.913528213501,2541.052432364082,199.99736746496663,1.0,7.623157297092247,15,Too far above the 21-EMA. Set an alert for a pullback toward it.,Stop 435.6; to breakeven at +1.0R; trail 2.5×ATR from +1.0R; scale 1/2 at T1 (+1.5R); time-stop 15 bars if < +0.5R,,472.7799987792969,10.631675278844991,2.248757414927798,71.67941172658354,98.45853479466443,17.483333640689175,2.7800302891694892,0.9896624571212077,0.1409105718407302,0.049266944835656634,0.40148200858834393,0.4517075744935981,0.8415077102139209,4465359388.865967,0.0,1.0,1.0,1.0,0.3940213950976127,0.7964601769911505,0.3550172942828593,0.670007621470834,0.6216340592184317,-0.9992108812244237,0.22451417154401582,1.5323729200857734,0.6568179435660748,-0.25881616151838344,3.771705960380663,0.7142857142857143,Technology,Taiwan Semiconductor Manufactur,0.0057,2026-10-02,False,max 6 positions in RISK_ON
COST,No clean setup,False,43.71301975315607,,,False,True,favourable entry timing; volume accumulation,920.6500244140625,879.1869393071694,4.503675013019398,982.8446520744021,1045.0392797347417,1.3134,1209.1817420654295,4440.71994773529,199.99559468432233,1.0,13.32215984320587,0,No actionable pattern today.,Stop 879.2; to breakeven at +1.0R; trail 2.5×ATR from +1.0R; scale 1/2 at T1 (+1.5R); time-stop 15 bars if < +0.5R,,920.6500244140625,15.6521451150724,1.7001189051218497,51.37889864714469,71.12854201994527,13.015758110954014,0.3289011878260046,0.8409609983807743,-0.008433090879067184,-0.02960927760624521,-0.09015944118979036,0.01804910109856328,1.0832258120550573,2181253811.8554688,0.0,0.0,0.0,0.0,0.09299669266031947,0.5398230088495575,0.09299669266031947,-0.47133147944713283,-0.3448750711216815,0.7924949351873022,0.20246740392347515,1.157614371276597,,,,,,,,2026-10-02,False,max 6 positions in RISK_ON
PG,No clean setup,False,42.678740703151824,,,False,True,favourable entry timing; volume accumulation; Bollinger/Keltner squeeze on,144.91000366210938,140.1781413523496,3.265380022205499,152.00779712674904,159.1055905913887,9.3952,1361.4584664062502,4999.956217876954,163.26757145757568,1.0,14.999868653630863,0,No actionable pattern today.,Stop 140.2; to breakeven at +1.0R; trail 2.5×ATR from +1.0R; scale 1/2 at T1 (+1.5R); time-stop 15 bars if < +0.5R,size capped at 25% of capital,144.91000366210938,2.365931154879883,1.6326900111027458,46.629779218681136,42.84770047711611,7.778986190940193,-0.49489711527048713,0.8794683974395232,-0.018490895006942676,-0.02222384667457733,0.02774653825708584,-0.007823397571930957,0.8915018642501307,1165504161.969223,1.0,0.0,0.0,0.0,0.06703270051625485,0.5221238938053098,0.06703270051625485,-0.3349193436312877,-0.1905837674405983,0.6800314392726802,0.11862975004547915,0.5438828010396104,,,,,,,,2026-10-02,False,max 6 positions in RISK_ON
REGN,No clean setup,False,42.22304480196562,,,False,True,distribution in volume,735.2000122070312,691.9006700194816,5.889464291161712,800.1490254883557,865.0980387696802,1.2577,924.6610553527833,3395.817725783096,199.9954723529352,1.0,10.18745317734929,0,No actionable pattern today.,Stop 691.9; to breakeven at +1.0R; trail 2.5×ATR from +1.0R; scale 1/2 at T1 (+1.5R); time-stop 15 bars if < +0.5R,,735.2000122070312,21.649671093774803,2.944732145580853,34.91457257155203,14.092604740273885,20.967053584867305,-1.9211808861664559,0.8555402858369165,-0.13711960033410553,0.13272876706660752,-0.03241072092709796,0.4274746479031666,1.1805848150332856,588939642.9296875,0.0,0.0,0.0,1.0,0.05561278397061304,0.504424778761062,0.05561278397061304,0.594094866585447,0.20968414445114497,-0.02883313715268138,-0.3887852489165477,-0.8354628678882824,,,,,,,,2026-10-02,False,max 6 positions in RISK_ON
BLK,No clean setup,False,41.9434769564126,,,False,True,volatility compression,1059.6300048828125,1013.4354416547387,4.359499354983116,1128.921849724923,1198.2136945670338,1.1789,1249.1978127563477,4587.678967347687,199.9998349902185,1.0,13.763036902043064,0,No actionable pattern today.,Stop 1013; to breakeven at +1.0R; trail 2.5×ATR from +1.0R; scale 1/2 at T1 (+1.5R); time-stop 15 bars if < +0.5R,,1059.6300048828125,23.097281614036913,2.1797496774915603,43.158259276372334,29.963154240796356,21.48784372580299,-0.7816900354016831,0.8871541967034082,-0.037948574154969106,0.05326074737137976,0.1081253694075055,-0.014113216040978704,0.8662688420544307,563565126.3641357,0.0,0.0,0.0,0.0,0.04861141515564849,0.49557522123893805,0.04861141515564849,-0.40571193660857013,0.007882161935968315,0.36574759791445643,0.7421744391883593,-0.11018604643763656,,,,,,,,2026-10-02,False,max 6 positions in RISK_ON
KLAC,No clean setup,False,39.63338964941439,,,False,True,volume accumulation,206.88999938964844,180.15814855341256,12.920803767750114,246.98777564400226,287.0855518983561,2.0372,421.4763067565918,1547.8717365635832,199.99746965784655,1.0,4.643615209690751,0,No actionable pattern today.,Stop 180.2; to breakeven at +1.0R; trail 2.5×ATR from +1.0R; scale 1/2 at T1 (+1.5R); time-stop 15 bars if < +0.5R,55-day high sits before T1 (resistance),206.88999938964844,7.637671667495963,3.6916582193571736,67.24079014741562,96.12221116741985,15.34747679264852,2.4288012972395863,0.673858379321925,0.20103335647928544,-0.11223764223029198,0.36723851307295985,0.5341825637175899,0.7738747937609899,1754304059.1024017,0.0,1.0,0.0,0.0,-0.009165423015223828,0.48672566371681414,-0.009165423015223828,0.1897171723641826,-0.2991852765277374,-0.7326718121953524,0.0698626802683837,1.3243505004938323,,,,,,,,2026-10-02,False,max 6 positions in RISK_ON
UNP,No clean setup,False,38.95981132140004,,,False,True,favourable entry timing,278.2799987792969,267.00248485503005,4.0525779695762445,295.1962696656971,312.11254055209736,4.8289,1343.7862861053466,4935.055135721885,199.99695721670616,1.0,14.805165407165656,0,No actionable pattern today.,Stop 267; to breakeven at +1.0R; trail 2.5×ATR from +1.0R; scale 1/2 at T1 (+1.5R); time-stop 15 bars if < +0.5R,,278.2799987792969,5.030099642379814,1.8075677966238504,44.63830700344806,91.5451075959742,32.26795856806468,-0.3089863305524558,0.8847476318937642,-0.039519593320871294,-0.01068184419562046,0.1483955899250966,0.2602722723647559,0.9995401316431236,692653040.7421875,0.0,0.0,0.0,0.0,-0.026008469527290617,0.4778761061946903,-0.026008469527290617,-0.5436741087226785,0.046451452917271444,0.5866380607883335,0.1846211082971635,-0.30142637054581006,,,,,,,,2026-10-02,False,max 6 positions in RISK_ON
JNJ,No clean setup,False,38.12484407631327,,,False,True,distribution in volume,256.0299987792969,245.7507224426207,4.014871845364148,271.4489132843111,286.86782778932536,5.2979,1356.421330532837,4981.457336381844,199.99912808722146,1.0,14.944372009145534,0,No actionable pattern today.,Stop 245.8; to breakeven at +1.0R; trail 2.5×ATR from +1.0R; scale 1/2 at T1 (+1.5R); time-stop 15 bars if < +0.5R,,256.0299987792969,5.139638168338083,2.007435922682075,32.63948033387864,1.2502487404955218,15.838768830006208,-2.043333402903932,0.9109118444073692,-0.06969221057118469,-0.007855823425204744,0.06473187373771094,0.5125615447512422,1.1420554289630602,1758857192.7301025,0.0,0.0,0.0,1.0,-0.04690089479635837,0.4690265486725664,-0.04690089479635837,0.18081943203052223,0.17451056870568735,-0.43186651660874126,0.37989012995379434,-0.9052127992368121,,,,,,,,2026-10-02,False,max 6 positions in RISK_ON
LIN,No clean setup,False,38.11803782488013,,,False,True,no dominant factor,479.4800109863281,453.2028712367043,5.480341025180522,518.8957206107639,558.3114302351996,2.0724,993.6743747680664,3649.269141335724,199.99239387187464,1.0,10.947807424007173,0,No actionable pattern today.,Stop 453.2; to breakeven at +1.0R; trail 2.5×ATR from +1.0R; scale 1/2 at T1 (+1.5R); time-stop 15 bars if < +0.5R,,479.4800109863281,8.268471107870358,1.7244662798062138,56.43213285687137,80.3623243988134,20.69730343201646,0.9344323419892033,0.8775246395481853,-0.0131110942772934,-0.11000704444594489,-0.03983238440631576,0.054906534392644035,1.0563515970323794,992450460.5506897,0.0,0.0,0.0,0.0,-0.047071291613514823,0.46017699115044247,-0.047071291613514823,-0.10189056766711427,-0.3639013909320573,0.2794872140817319,-0.06838062335916191,0.38611408199281744,,,,,,,,2026-10-02,False,max 6 positions in RISK_ON
AVGO,No clean setup,False,38.02277562886796,,,False,True,favourable entry timing; volatility compression,355.1400146484375,333.4093755345609,6.1188934554131595,387.73597331925237,420.33193199006723,2.506,889.9808767089843,3268.4547697137446,199.99326499715357,1.0,9.805364309141234,0,No actionable pattern today.,Stop 333.4; to breakeven at +1.0R; trail 2.5×ATR from +1.0R; scale 1/2 at T1 (+1.5R); time-stop 15 bars if < +0.5R,,355.1400146484375,10.865319556938275,3.0594467277065758,47.84851511291123,70.67483904226717,21.049382102161523,-0.08496619403357004,0.7198985815161214,-0.031187460179937343,-0.04844417497261788,0.1328877479865278,0.10770574453077164,0.9545711858993415,8862937644.396515,0.0,0.0,0.0,0.0,-0.04945639945723537,0.45132743362831856,-0.04945639945723537,-0.6099428652570765,-0.4439505283993609,0.5922046447996752,0.8004826067891592,0.24532128186600033,,,,,,,,2026-10-02,False,max 6 positions in RISK_ON
MDT,No clean setup,False,37.864205631193485,,,False,True,no dominant factor,86.37999725341797,82.27029712177189,4.757698845010628,92.54454745088708,98.7090976483562,13.2512,1144.6386196044923,4203.6853304974975,199.99868841696068,1.0,12.611055991492494,0,No actionable pattern today.,Stop 82.27; to breakeven at +1.0R; trail 2.5×ATR from +1.0R; scale 1/2 at T1 (+1.5R); time-stop 15 bars if < +0.5R,,86.37999725341797,2.054850065823039,2.3788494225053136,38.07322409979899,20.855907895352146,22.907634769893445,-1.3081500817007183,0.8393027581717133,-0.055235043055985256,0.0485003212085926,0.014362158142138481,-0.0036852382377200454,2.630935499806311,1236600181.5866852,0.0,0.0,0.0,0.0,-0.05342737041096873,0.4424778761061947,-0.05342737041096873,0.13005029258226836,-0.1531970453202384,0.2006512069726575,0.1782639277847893,-0.783767673395466,,,,,,,,2026-10-02,False,max 6 positions in RISK_ON
JPM,No clean setup,False,36.967859549929194,,,False,True,no dominant factor,332.3800048828125,319.4589647771134,3.887430024635409,351.7615650413611,371.1431251999098,4.0961,1361.4617380004881,4999.968232806793,194.37026630436372,1.0,14.99990469842038,0,No actionable pattern today.,Stop 319.5; to breakeven at +1.0R; trail 2.5×ATR from +1.0R; scale 1/2 at T1 (+1.5R); time-stop 15 bars if < +0.5R,size capped at 25% of capital,332.3800048828125,6.460520052849535,1.9437150123177014,34.50131263627729,34.75244072851784,24.018192417410717,-1.6730660381685425,0.9069031511127217,-0.06692492351972146,-0.015811904295241597,0.13912438862455745,0.16840381472889754,1.1995862632013188,2898683632.4742126,0.0,0.0,0.0,0.0,-0.07589664057238876,0.4336283185840708,-0.07589664057238876,-0.3534472924727237,0.032672350249060594,-0.07866839657389516,-0.3026817115061735,0.4387248911107023,,,,,,,,2026-10-02,False,max 6 positions in RISK_ON
TSLA,No clean setup,False,36.371674373634995,,,False,True,no dominant factor,370.5899963378906,342.76922217445025,7.507157354046436,412.3211575830512,454.05231882821175,1.9574,725.3928588317871,2664.005274059738,199.99106784376056,1.0,7.992015822179216,0,No actionable pattern today.,Stop 342.8; to breakeven at +1.0R; trail 2.5×ATR from +1.0R; scale 1/2 at T1 (+1.5R); time-stop 15 bars if < +0.5R,55-day high sits before T1 (resistance),370.5899963378906,12.443130833448995,3.3576542692490263,54.99157195561247,89.1978103953212,17.76011467038292,0.6380797085962812,0.7429184417809718,0.03803811153973191,-0.11715938243069457,0.02773232785589963,-0.22297911373088464,1.048892690422202,13895773544.57077,0.0,0.0,0.0,0.0,-0.09086786558203155,0.4247787610619469,-0.09086786558203155,0.11967034621952079,-0.7454658029057489,0.4827037795427657,0.441202223666591,-0.2678770028116611,,,,,,,,2026-10-02,False,max 6 positions in RISK_ON
UNH,No clean setup,False,36.28166529573842,,,False,True,volatility compression,371.8999938964844,354.609723493594,4.6491720050156795,397.8353995008199,423.7708051051555,3.1496,1171.336220776367,4301.732270801208,199.99493246481504,1.0,12.905196812403625,0,No actionable pattern today.,Stop 354.6; to breakeven at +1.0R; trail 2.5×ATR from +1.0R; scale 1/2 at T1 (+1.5R); time-stop 15 bars if < +0.5R,,371.8999938964844,8.645135201445179,2.324586002507838,41.304427242902264,67.61835498554427,33.36469106691891,-0.7322195156561956,0.8106017826585825,-0.06372914936732821,-0.10478713788044591,0.357307864730533,0.17080365114025042,0.877844047993742,1928570434.9398804,0.0,0.0,0.0,0.0,-0.09313030430880312,0.415929203539823,-0.09313030430880312,-0.6200543972438978,-0.18610621262754284,0.26865849975709677,0.6681355006639941,-0.11079135871341128,,,,,,,,2026-10-02,False,max 6 positions in RISK_ON
ISRG,No clean setup,False,35.86041564334819,,,False,True,weak momentum; favourable entry timing; volume accumulation,391.95001220703125,369.43138974249587,5.74527918438764,425.7279459038343,459.5058796006374,2.4183,947.8527145202636,3480.9890940756677,199.99254183273328,1.0,10.442967282227006,0,No actionable pattern today.,Stop 369.4; to breakeven at +1.0R; trail 2.5×ATR from +1.0R; scale 1/2 at T1 (+1.5R); time-stop 15 bars if < +0.5R,55-day high sits before T1 (resistance),391.95001220703125,11.259311232267702,2.8726395921938233,51.21150787542293,5.681004260988573,14.89541101038383,-0.04490459129701735,0.6490528069116845,0.05396904125174262,-0.09444811042085466,-0.1329882410758345,-0.15103644044268738,0.7369749169639754,931017213.4895325,0.0,0.0,0.0,0.0,-0.10372704141490803,0.40707964601769914,-0.10372704141490803,-0.5331188527150248,-0.9646165377803406,0.771625282020532,-0.19379324593996133,1.6843180414708003,,,,,,,,2026-10-02,False,max 6 positions in RISK_ON
ACN,No clean setup,False,35.50710354693622,,,False,True,no dominant factor,198.89999389648438,169.61915729151485,14.721386376818321,242.82124880393866,286.74250371139294,1.8598,369.9142086486816,1358.509931262283,199.9914959485697,1.0,4.07552979378685,0,No actionable pattern today.,Stop 169.6; to breakeven at +1.0R; trail 2.5×ATR from +1.0R; scale 1/2 at T1 (+1.5R); time-stop 15 bars if < +0.5R,55-day high sits before T1 (resistance),198.89999389648438,9.963373275346871,5.009237597328542,59.076188692528746,54.51218045248944,18.428654687298987,1.3082972786883742,0.697374091707052,0.05978261753284353,0.4697109063016749,0.008288081292318061,-0.21403543838795103,1.9519093462661856,1306194330.9287262,0.0,0.0,0.0,1.0,-0.11262619823848236,0.39823008849557523,-0.11262619823848236,0.47836618601626796,0.1370390301213602,0.055334592890383706,-1.7169125708295683,-0.5664288517498023,,,,,,,,2026-10-02,False,max 6 positions in RISK_ON
PGR,No clean setup,False,34.8898504377628,,,False,True,favourable entry timing,210.30999755859375,199.73717584384454,5.027255878220223,226.16923013071755,242.02846270284138,5.1508,1083.2647354248047,3978.289740847595,199.9988048493928,1.0,11.934869222542787,0,No actionable pattern today.,Stop 199.7; to breakeven at +1.0R; trail 2.5×ATR from +1.0R; scale 1/2 at T1 (+1.5R); time-stop 15 bars if < +0.5R,55-day high sits before T1 (resistance),210.30999755859375,4.503582407211845,2.1414019587714166,46.99916049532851,60.744821707693674,14.70526942541022,-0.2954871371691443,0.8789852516936562,-0.049546039161427635,-0.09176199034213328,0.07813021768132256,-0.04340167421978591,1.1592293090598704,605939943.9174652,0.0,0.0,0.0,0.0,-0.1282013629614693,0.3893805309734513,-0.1282013629614693,-0.3962014275498974,-0.30140656045622866,0.7734834795921572,-0.05031716646107078,-0.5895997003785528,,,,,,,,2026-10-02,False,max 6 positions in RISK_ON
XLI,No clean setup,False,34.597436598623254,,,False,True,no dominant factor,169.9499969482422,165.20725035232692,2.7906717746865595,177.06411684211508,184.17823673598798,8.011,1361.469425552368,4999.996465341072,139.5334900935989,1.0,14.999989396023217,0,No actionable pattern today.,Stop 165.2; to breakeven at +1.0R; trail 2.5×ATR from +1.0R; scale 1/2 at T1 (+1.5R); time-stop 15 bars if < +0.5R,size capped at 25% of capital,169.9499969482422,2.371373297957634,1.3953358873432808,44.55566051173328,77.16153638988072,29.35449875713438,-0.351870452762001,0.9055037811968669,-0.013735638285767293,-0.08166222305187287,0.04308484375796051,0.1332032982928435,1.0776903446567545,1260940067.3651886,0.0,0.0,0.0,0.0,-0.13559342591168613,0.3805309734513274,-0.13559342591168613,-0.6050899539193753,-0.16552582677332223,0.4965045052711522,-0.20749625561154808,0.0019865651833871115,,,,,,,,2026-10-02,False,max 6 positions in RISK_ON
SNPS,Extended (wait),False,33.129443857888376,,,False,True,volume accumulation,489.8999938964844,423.22287385285756,13.610353311765026,589.9156739619245,689.9313540273648,0.8167,400.1013250152588,1469.3721161185379,199.98673646829124,1.0,4.408116348355614,15,Too far above the 21-EMA. Set an alert for a pullback toward it.,Stop 423.2; to breakeven at +1.0R; trail 2.5×ATR from +1.0R; scale 1/2 at T1 (+1.5R); time-stop 15 bars if < +0.5R,55-day high sits before T1 (resistance),489.8999938964844,19.05060572675051,3.888672374790006,74.10209040874113,95.75256107563854,20.414939751575837,3.5076281989432765,0.9080967072602287,0.17772914503167714,0.10769440854224488,0.23727738045965574,-0.14896271889282087,1.761258796558858,995838482.8056335,0.0,0.0,0.0,1.0,-0.17285739026923158,0.37168141592920356,-0.17285739026923158,0.2744258837598814,0.16462280427076578,-1.317649115634494,-1.5531187612938,1.1863245343950115,,,,,,,,2026-10-02,False,max 6 positions in RISK_ON
GE,No clean setup,False,31.045009098560833,,,False,True,volatility compression,309.55999755859375,292.5497970349081,5.494960801731471,335.0752983441222,360.5905991296506,3.2015,991.0563321838379,3639.6543799451442,199.9975814964883,1.0,10.918963139835434,0,No actionable pattern today.,Stop 292.5; to breakeven at +1.0R; trail 2.5×ATR from +1.0R; scale 1/2 at T1 (+1.5R); time-stop 15 bars if < +0.5R,,309.55999755859375,8.505100261842815,2.7474804008657365,34.781857478597715,5.767332652419682,24.48386590839249,-1.4404639037800593,0.7961115123805195,-0.060515940641597155,-0.1825287748338127,0.10238251448310898,0.09933913739030853,1.0183610823244202,1407372771.5011597,0.0,0.0,0.0,0.0,-0.2263156495156226,0.36283185840707965,-0.2263156495156226,-0.573719039420738,-0.5501649590236525,-0.06939340153882136,0.7015892095815471,0.11482617300231084,,,,,,,,2026-10-02,False,max 6 positions in RISK_ON
SBUX,No clean setup,False,30.389567255121527,,,False,True,volatility compression,94.70999908447266,90.6486600888346,4.288183966737989,100.80200757792974,106.89401607138682,13.409,1269.966377723694,4663.951522190266,199.99882139099537,1.0,13.9918545665708,0,No actionable pattern today.,Stop 90.65; to breakeven at +1.0R; trail 2.5×ATR from +1.0R; scale 1/2 at T1 (+1.5R); time-stop 15 bars if < +0.5R,,94.70999908447266,2.0306694978190274,2.1440919833689955,35.12666801267035,49.47330304006288,36.769224744322294,-1.2645569440953845,0.8619496681963182,-0.11253749998927653,-0.06714268044094229,0.06022310769902206,0.29672265216602134,0.8985538398462145,680130958.6953735,0.0,0.0,0.0,0.0,-0.24328693090532932,0.35398230088495575,-0.24328693090532932,-0.7060589258463947,-0.13943993778484692,-0.04694133791712924,0.5253783795287787,-0.6405441237408124,,,,,,,,2026-10-02,False,max 6 positions in RISK_ON
TJX,No clean setup,False,30.27045500871926,,,False,True,favourable entry timing,132.67999267578125,126.33506474735258,4.7821286393444655,142.19738456842427,151.7147764610673,8.583,1138.7923771362305,4182.215005032806,199.9989015146354,1.0,12.54664501509842,0,No actionable pattern today.,Stop 126.3; to breakeven at +1.0R; trail 2.5×ATR from +1.0R; scale 1/2 at T1 (+1.5R); time-stop 15 bars if < +0.5R,,132.67999267578125,2.8597532176209564,2.155376375855771,48.42563786594911,45.48851973193759,29.99485930145218,0.19648874686890963,0.7829331055320966,0.010433288726368062,-0.12035805942764355,-0.17208393230891927,-0.07904642838720333,1.0029874315380272,1189386738.6281204,0.0,0.0,0.0,0.0,-0.2463804470043956,0.34513274336283184,-0.2463804470043956,-0.9313156898681793,-0.7251995706807464,0.9765722914947385,0.039989957515259536,0.19973833564569285,,,,,,,,2026-10-02,False,max 6 positions in RISK_ON
CDNS,No clean setup,False,30.17564626016773,,,False,True,volume accumulation,351.3500061035156,308.04069112098574,12.326544536837147,416.3139785773104,481.2779510511053,1.2574,441.7874976745606,1622.4645852098238,199.99381969029898,1.0,4.867393755629472,0,No actionable pattern today.,Stop 308; to breakeven at +1.0R; trail 2.5×ATR from +1.0R; scale 1/2 at T1 (+1.5R); time-stop 15 bars if < +0.5R,55-day high sits before T1 (resistance),351.3500061035156,12.374089995008543,3.521869867667757,70.80559570534197,97.5916054093531,25.82573915061635,2.7607050446416213,0.8431927909115637,0.14569403828036775,-0.06498651734869587,0.2605841151145116,-0.12870411579355978,1.0344321947316495,849097182.3059082,0.0,0.0,0.0,0.0,-0.24884489600274431,0.336283185840708,-0.24884489600274431,-0.1255395182009578,-0.2534269838027969,-0.8687910382218966,-1.291725630090889,1.4887995153106874,,,,,,,,2026-10-02,False,max 6 positions in RISK_ON
LMT,No clean setup,False,27.884459166152105,,,False,True,volatility compression,505.4100036621094,482.1780898277346,4.5966470125325065,540.2578744136715,575.1057451652337,2.3441,1184.7315895843506,4350.926762748527,199.9967450573575,1.0,13.052780288245582,0,No actionable pattern today.,Stop 482.2; to breakeven at +1.0R; trail 2.5×ATR from +1.0R; scale 1/2 at T1 (+1.5R); time-stop 15 bars if < +0.5R,,505.4100036621094,11.615956917187386,2.2983235062662524,31.0983695839504,0.652169480879266,36.387584363685136,-1.768466683541732,0.7396896482047658,-0.04917690665255081,-0.05476566328482224,-0.17810938819619715,0.09275537148022428,0.9923396189991488,642134144.7271729,0.0,0.0,0.0,0.0,-0.3090345206220077,0.3274336283185841,-0.3090345206220077,-0.7430505955802025,-0.6177089866208166,0.022898064907632583,1.0445348815113122,-0.5207844861363764,,,,,,,,2026-10-02,False,max 6 positions in RISK_ON
EFA,No clean setup,False,27.876497349713304,,,False,True,distribution in volume,103.95999908447266,101.57364990897072,2.2954494002668344,107.53952284772555,111.11904661097846,13.096,1361.460148010254,4999.962393567657,114.77160677671603,1.0,14.999887180702974,0,No actionable pattern today.,Stop 101.6; to breakeven at +1.0R; trail 2.5×ATR from +1.0R; scale 1/2 at T1 (+1.5R); time-stop 15 bars if < +0.5R,size capped at 25% of capital,103.95999908447266,1.193174587750965,1.1477247001334152,42.22994426016908,59.19076349192279,22.03817308669379,-1.1306285315481641,0.9547249487298238,-0.02895571216900572,-0.014223402361292603,0.07760319608862232,0.17617208028692333,1.8577647971652715,1498433614.7190857,0.0,0.0,0.0,0.0,-0.3092459905523433,0.3185840707964602,-0.3092459905523433,-0.4523736694782343,0.09895308112717713,0.20588445589952567,-1.1195806955255376,-1.0058492766039713,,,,,,,,2026-10-02,False,max 6 positions in RISK_ON
WMT,No clean setup,False,27.42245205212221,,,False,True,volatility compression,104.26000213623047,99.91763252096841,4.164942956348818,110.77355655912356,117.28711098201664,12.5412,1307.5455387908935,4801.960991209557,199.9989360700003,1.0,14.405882973628673,0,No actionable pattern today.,Stop 99.92; to breakeven at +1.0R; trail 2.5×ATR from +1.0R; scale 1/2 at T1 (+1.5R); time-stop 15 bars if < +0.5R,,104.26000213623047,2.171184807631028,2.082471478174408,40.16709153454213,19.50932567340061,10.96091170493047,-1.2459060644758475,0.7732287687013829,-0.017249451077665512,-0.05549387741448153,-0.1675884640405827,0.049266626327171936,0.9601102166722895,2389803156.0884476,0.0,0.0,0.0,0.0,-0.32133481765282795,0.30973451327433627,-0.32133481765282795,-0.8335941142515952,-0.5643377130684448,0.19041474061493477,0.5633208576405315,-0.3415889986112552,,,,,,,,2026-10-02,False,max 6 positions in RISK_ON
GLD,No clean setup,False,27.26569201637544,,,False,True,no dominant factor,380.1400146484375,366.1749692403668,3.673658354800112,401.08758276054357,422.0351508726496,3.5814,1361.433448461914,4999.8643394763785,183.67793403584542,1.0,14.999593018429138,0,No actionable pattern today.,Stop 366.2; to breakeven at +1.0R; trail 2.5×ATR from +1.0R; scale 1/2 at T1 (+1.5R); time-stop 15 bars if < +0.5R,size capped at 25% of capital,380.1400146484375,6.982522704035335,1.836829177400053,38.80547140457162,28.278495463487218,17.852423874755733,-1.684984014840481,0.7458112724039553,-0.05620930582321426,-0.005207626223921569,-0.1147388011305881,0.13130915979071855,0.9139844478049356,3447219397.062378,0.0,0.0,0.0,0.0,-0.3255220977877696,0.3008849557522124,-0.3255220977877696,-0.7720847140142756,-0.45789968881215143,0.04923538022492827,0.3767085957768032,-0.3658197983574227,,,,,,,,2026-10-02,False,max 6 positions in RISK_ON
SCHW,No clean setup,False,26.866911032272363,,,False,True,no dominant factor,96.69999694824219,92.27958075564632,4.571268182109514,103.33062123713599,109.96124552602978,12.3198,1191.3246224029542,4375.139675774849,199.99936792154503,1.0,13.125419027324549,0,No actionable pattern today.,Stop 92.28; to breakeven at +1.0R; trail 2.5×ATR from +1.0R; scale 1/2 at T1 (+1.5R); time-stop 15 bars if < +0.5R,,96.69999694824219,2.2102080962979342,2.2856340910547583,29.90846215840648,16.607912940117984,27.341106050557578,-2.513376157023039,0.8443202477857902,-0.10661494034812846,-0.036156098663441716,0.037964895787183206,0.1883299986874727,0.991149728991067,879261311.6099548,0.0,0.0,0.0,0.0,-0.3362066204306673,0.2920353982300885,-0.3362066204306673,-0.317343761838738,-0.18668561903594597,-0.5393928111297718,-0.12415793266112658,-0.6550042428222128,,,,,,,,2026-10-02,False,max 6 positions in RISK_ON
WFC,No clean setup,False,26.840125815261437,,,False,True,no dominant factor,80.44999694824219,76.73419506808928,4.61877193425313,86.02369976847154,91.59740258870092,14.656,1179.0751552734375,4330.153507741699,199.99991492565104,1.0,12.9904605232251,0,No actionable pattern today.,Stop 76.73; to breakeven at +1.0R; trail 2.5×ATR from +1.0R; scale 1/2 at T1 (+1.5R); time-stop 15 bars if < +0.5R,,80.44999694824219,1.857900940076455,2.3093859671265653,33.7042087158577,51.69928488265501,24.602572830925364,-1.8359056796299233,0.8364812153414038,-0.09880138934125593,-0.07476413366365953,0.009608703624004677,0.12794193249177876,1.0834082584095213,1168283708.3458328,0.0,0.0,0.0,0.0,-0.33692598175924343,0.2831858407079646,-0.33692598175924343,-0.5442472013323599,-0.3189247363930033,-0.13785990189226935,-0.04169823438226934,-0.5611135232060457,,,,,,,,2026-10-02,False,max 6 positions in RISK_ON
ADBE,No clean setup,False,26.624950355934224,,,False,True,no dominant factor,237.69000244140625,219.36153978977373,7.711078490207316,265.182696418855,292.6753903963038,2.9712,706.2245352539063,2593.6096057199707,199.99527242662344,1.0,7.780828817159914,0,No actionable pattern today.,Stop 219.4; to breakeven at +1.0R; trail 2.5×ATR from +1.0R; scale 1/2 at T1 (+1.5R); time-stop 15 bars if < +0.5R,,237.69000244140625,9.164231325816266,3.85553924510366,41.01981546747945,39.5654422431211,22.735256933589636,-1.0447888260882217,0.6535331164798105,-0.1504700125728622,0.08997108478112348,-0.021529704293434593,-0.18599439208872726,0.8504955971927577,1399978278.7765503,0.0,0.0,0.0,0.0,-0.3427128333640102,0.2743362831858407,-0.3427128333640102,-0.740884298936661,-0.5721454317014587,0.34934712430459436,-0.0573501029700418,-0.2962410732719621,,,,,,,,2026-10-02,False,max 6 positions in RISK_ON
RTX,No clean setup,False,26.22192077802157,,,False,True,volatility compression,184.67999267578125,177.45925363436362,3.9098653496776703,195.5111012379077,206.34220980003414,7.372,1361.4609060058594,4999.965177306519,195.49190596345724,1.0,14.999895531919558,0,No actionable pattern today.,Stop 177.5; to breakeven at +1.0R; trail 2.5×ATR from +1.0R; scale 1/2 at T1 (+1.5R); time-stop 15 bars if < +0.5R,size capped at 25% of capital,184.67999267578125,3.6103695207088133,1.9549326748388343,24.057914828907144,2.780997844864615,45.084723190257755,-2.3548280091659963,0.8156883074450839,-0.0801873005349164,-0.07983562134155187,-0.051703193899905076,0.21866112407519034,0.8453135263228565,758648876.9794464,0.0,0.0,0.0,0.0,-0.35359066470780665,0.26548672566371684,-0.35359066470780665,-0.7765075994339219,-0.3656222545832601,-0.6612327754810712,0.5739410606209119,0.05625362026423634,,,,,,,,2026-10-02,False,max 6 positions in RISK_ON
XLP,No clean setup,False,26.069670084862366,,,False,True,no dominant factor,80.52999877929688,78.6267506906952,2.363402604559544,83.38487091219937,86.23974304510189,16.9063,1361.4643183624269,4999.977709186012,118.16960340629885,1.0,14.999933127558041,0,No actionable pattern today.,Stop 78.63; to breakeven at +1.0R; trail 2.5×ATR from +1.0R; scale 1/2 at T1 (+1.5R); time-stop 15 bars if < +0.5R,size capped at 25% of capital,80.52999877929688,0.9516240443008348,1.1817013022797709,34.77041252816883,30.6526910777781,16.759859680577186,-1.895427677668387,0.9106000991746596,-0.0522666992297981,-0.03615187909341244,-0.003271898247732219,0.1156939395435963,1.1932359381939022,909453754.7236252,0.0,0.0,0.0,0.0,-0.35771346686535577,0.25663716814159293,-0.35771346686535577,-0.45763721658195905,-0.11129170261066013,-0.25575505709980484,-0.570959733205785,-0.7136117263767855,,,,,,,,2026-10-02,False,max 6 positions in RISK_ON
IWM,No clean setup,False,24.88945372468713,,,False,True,no dominant factor,281.5199890136719,274.3068250336637,2.5622208942533997,292.33973498368414,303.1594809536964,4.8361,1361.4588188690186,4999.957512296471,128.10995608385267,1.0,14.999872536889413,0,No actionable pattern today.,Stop 274.3; to breakeven at +1.0R; trail 2.5×ATR from +1.0R; scale 1/2 at T1 (+1.5R); time-stop 15 bars if < +0.5R,size capped at 25% of capital,281.5199890136719,3.6065819900040736,1.2811104471266948,40.03287899605784,84.2769230621439,37.098576146082095,-0.8966561940744265,0.924881222808249,-0.039980755587742944,-0.0556866469625209,0.12589633819484525,0.22159035326048082,1.2551592230372026,6913608979.190216,0.0,0.0,0.0,0.0,-0.38993871203034525,0.24778761061946902,-0.38993871203034525,-0.6671554772945186,0.01570960748739708,-0.0929745413357456,-0.9101395270636105,-0.7748714213049887,,,,,,,,2026-10-02,False,max 6 positions in RISK_ON
SLV,No clean setup,False,24.772306163116887,,,False,True,weak momentum; volatility compression,54.7400016784668,51.333624558506614,6.2228297689295795,59.84956735840707,64.95913303834735,15.9873,875.1448288341522,3213.969383893424,199.99984358520257,1.0,9.641908151680274,0,No actionable pattern today.,Stop 51.33; to breakeven at +1.0R; trail 2.5×ATR from +1.0R; scale 1/2 at T1 (+1.5R); time-stop 15 bars if < +0.5R,,54.7400016784668,1.7031885599800904,3.1114148844647875,40.22260288837025,31.39584158034225,13.276377509527979,-1.5128333064903867,0.4984066353988618,-0.0733028278098471,-0.02441630577405518,-0.1679586423968661,0.3766021884147528,1.0227036908536937,897374624.2759705,0.0,0.0,0.0,0.0,-0.39316428799828207,0.23893805309734514,-0.39316428799828207,-0.7857380507175856,-0.916670163235389,0.21948682549237994,0.7368706789179761,-0.3482637116191589,,,,,,,,2026-10-02,False,max 6 positions in RISK_ON
ABT,No clean setup,False,24.664804237600684,,,False,True,no dominant factor,97.5,92.90469831016799,4.713129938289244,104.39295253474802,111.28590506949604,11.8509,1155.46275,4243.436949374999,199.9986972734209,1.0,12.730310848125,0,No actionable pattern today.,Stop 92.9; to breakeven at +1.0R; trail 2.5×ATR from +1.0R; scale 1/2 at T1 (+1.5R); time-stop 15 bars if < +0.5R,,97.5,2.297650844916003,2.3565649691446184,29.73415876878134,33.05151614857094,31.723632175684855,-2.138000340683082,0.7368958933710297,-0.11740745068691483,0.026826322998503294,-0.03945334273772394,-0.15319260974850046,0.9412857868764606,903205992.0591736,0.0,0.0,0.0,0.0,-0.3961287447554517,0.23008849557522124,-0.3961287447554517,-0.6031473422239719,-0.5089268013035605,-0.5547173846775968,0.36939832516431176,-0.2277405184846847,,,,,,,,2026-10-02,False,max 6 positions in RISK_ON
XLB,No clean setup,False,23.814424490319574,,,False,True,distribution in volume,48.86000061035156,47.35340619139409,3.083492427624489,51.11989223878777,53.37978386722397,27.8647,1361.4692590072632,4999.995853704174,154.17449353050662,1.0,14.999987561112523,0,No actionable pattern today.,Stop 47.35; to breakeven at +1.0R; trail 2.5×ATR from +1.0R; scale 1/2 at T1 (+1.5R); time-stop 15 bars if < +0.5R,size capped at 25% of capital,48.86000061035156,0.7532972094787345,1.5417462138122437,35.19581914871712,55.80097921720487,20.303847001762115,-1.6107595614437766,0.905791755505945,-0.07299612453959592,-0.05569727239162059,-0.022646605229717842,0.21019202171891305,1.2786938757406394,582577866.6271019,0.0,0.0,0.0,0.0,-0.41973442192280286,0.22123893805309736,-0.41973442192280286,-0.5018671951088669,-0.12272011974142752,-0.32429781958354437,-0.5058114124084875,-1.0550825440273155,,,,,,,,2026-10-02,False,max 6 positions in RISK_ON
XLY,No clean setup,False,23.236459424433264,,,False,True,distribution in volume,110.04000091552734,106.98252747995386,2.778510914336112,114.62621106888757,119.2124212222478,12.3725,1361.469911327362,4999.998249349737,138.92549707479697,1.0,14.999994748049215,0,No actionable pattern today.,Stop 107; to breakeven at +1.0R; trail 2.5×ATR from +1.0R; scale 1/2 at T1 (+1.5R); time-stop 15 bars if < +0.5R,size capped at 25% of capital,110.04000091552734,1.5287367177867437,1.3892554571680573,41.57656358102222,85.76902626547579,24.09258361995382,-0.8341367209533369,0.8857219607500707,-0.039854092489970405,-0.06548296710826196,0.021748626184068698,-0.04164705963413018,1.1433141133721527,746984647.0818329,0.0,0.0,0.0,0.0,-0.43594355185567885,0.21238938053097345,-0.43594355185567885,-0.8447768610424955,-0.2752094815582514,0.08016625978394235,-0.321749073104097,-0.908471305436628,,,,,,,,2026-10-02,False,max 6 positions in RISK_ON
MELI,No clean setup,False,23.211152079320534,,,False,True,no dominant factor,1696.56005859375,1586.011321750251,6.5160520715742285,1862.3831638589986,2028.206269124247,0.4926,835.7254848632812,3069.2018431604,199.99079028204767,1.0,9.207605529481203,0,No actionable pattern today.,Stop 1586; to breakeven at +1.0R; trail 2.5×ATR from +1.0R; scale 1/2 at T1 (+1.5R); time-stop 15 bars if < +0.5R,,1696.56005859375,55.27436842174951,3.2580260357871147,33.48743264295763,35.681501861241486,24.826148625713365,-1.776404235592397,0.698747964824444,-0.15450164172400827,-0.06043152267918661,-0.011052019633487342,-0.0782439158860927,1.063925321098148,1171575678.1396484,0.0,0.0,0.0,0.0,-0.4366564961174058,0.20353982300884957,-0.4366564961174058,-0.7503677404360334,-0.6894574076941524,-0.10324795197460422,0.10392324319555407,-0.21792428406544576,,,,,,,,2026-10-02,False,max 6 positions in RISK_ON
UBER,No clean setup,False,21.436942399827448,,,False,True,weak momentum; volatility compression; distribution in volume,68.11000061035156,64.42733339962592,5.4069405046605405,73.63400142644002,79.15800224252848,14.7878,1007.1970670257568,3698.9312286520917,199.99901084152776,1.0,11.096793685956277,0,No actionable pattern today.,Stop 64.43; to breakeven at +1.0R; trail 2.5×ATR from +1.0R; scale 1/2 at T1 (+1.5R); time-stop 15 bars if < +0.5R,,68.11000061035156,1.841333605362823,2.7034702523302747,36.83137405884916,38.432046153680616,24.882317449580565,-1.3810193120401597,0.6723925350860266,-0.10909086554361713,-0.05951391421661123,-0.0519208785868458,-0.20867408689312517,0.8570474402868532,1355510551.322937,0.0,0.0,0.0,0.0,-0.487356349882915,0.19469026548672566,-0.487356349882915,-0.861477159866326,-0.8308284480086914,-0.031068667023203562,0.9693123084953311,-1.0215346672694643,,,,,,,,2026-10-02,False,max 6 positions in RISK_ON
MS,No clean setup,False,20.832119216131918,,,False,True,distribution in volume,190.30999755859375,180.82420846296063,4.984388217814245,204.53868120204345,218.76736484549312,5.741,1092.5696959838867,4012.462208500824,199.99669356476429,1.0,12.037386625502474,0,No actionable pattern today.,Stop 180.8; to breakeven at +1.0R; trail 2.5×ATR from +1.0R; scale 1/2 at T1 (+1.5R); time-stop 15 bars if < +0.5R,,190.30999755859375,4.742894547816557,2.49219410890712,30.01802825530892,59.75441169454376,36.5061860561554,-2.0887433721887225,0.8239294063202846,-0.10154852715447726,-0.13841692307054643,0.16027967302328605,0.3807242373079438,1.3008142716338191,1119782445.4270172,0.0,0.0,0.0,0.0,-0.5049872662808782,0.18584070796460178,-0.5049872662808782,-0.7072143719040774,-0.24158945536801668,-0.5367979712122533,0.05297075014585107,-1.2692695413462995,,,,,,,,2026-10-02,False,max 6 positions in RISK_ON
GS,No clean setup,False,20.55786468321394,,,False,True,distribution in volume,902.5599975585938,854.7978465337567,5.291853301058401,974.2032240958494,1045.846450633105,1.1402,1029.0989092163086,3779.365744096893,199.99849088806187,1.0,11.338097232290682,0,No actionable pattern today.,Stop 854.8; to breakeven at +1.0R; trail 2.5×ATR from +1.0R; scale 1/2 at T1 (+1.5R); time-stop 15 bars if < +0.5R,,902.5599975585938,23.88107551241854,2.6459266505292014,32.13762195925386,46.0739044274458,32.96003810066911,-2.0160455707083376,0.7859516763810489,-0.10141174716221646,-0.14053925214839857,0.055545102249277,0.3038347664245067,0.9694375024376194,2041621826.5100098,0.0,0.0,0.0,0.0,-0.5130448321771552,0.17699115044247787,-0.5130448321771552,-0.7392998228317413,-0.4267104791257277,-0.4927868105685243,0.1583923960507054,-0.978194994137359,,,,,,,,2026-10-02,False,max 6 positions in RISK_ON
AXP,No clean setup,False,19.82592112730775,,,False,True,no dominant factor,302.7799987792969,291.1712188254932,3.8340643373426926,320.1931687100024,337.60633864070786,4.4965,1361.4502645111083,4999.926096417045,191.70038335621655,1.0,14.999778289251138,0,No actionable pattern today.,Stop 291.2; to breakeven at +1.0R; trail 2.5×ATR from +1.0R; scale 1/2 at T1 (+1.5R); time-stop 15 bars if < +0.5R,size capped at 25% of capital,302.7799987792969,5.804389976901828,1.9170321686713456,32.807173717610056,33.848679193702424,30.515637767686464,-1.747784535595958,0.7877500109001863,-0.08242927238449671,-0.1495660483177702,0.011422561477987703,0.01506452166773542,1.2109126476729046,1041598690.332489,0.0,0.0,0.0,0.0,-0.5347507150662189,0.168141592920354,-0.5347507150662189,-0.9324999499178552,-0.6064381365905267,-0.1593914936783284,-0.041701843693430905,-0.6161213950067991,,,,,,,,2026-10-02,False,max 6 positions in RISK_ON
ORCL,No clean setup,False,19.69476395193345,,,False,True,weak momentum; favourable entry timing,142.3000030517578,128.55924620086918,9.656188725372548,162.91113832809077,183.5222736044237,3.9633,563.9776020950317,2071.207743694004,199.99972862562356,1.0,6.213623231082013,0,No actionable pattern today.,Stop 128.6; to breakeven at +1.0R; trail 2.5×ATR from +1.0R; scale 1/2 at T1 (+1.5R); time-stop 15 bars if < +0.5R,,142.3000030517578,6.87037842544432,4.828094362686278,48.31491621725761,89.80275945172583,11.472340209177261,-0.13135430013426067,0.44544109280549854,-0.023670648015383766,-0.006712152106469027,-0.021083535538492737,-0.4899442049580309,1.0732409865411365,5304588783.418121,0.0,0.0,0.0,0.0,-0.5386722157323006,0.1592920353982301,-0.5386722157323006,-0.5586222542796692,-1.2653717577518209,0.7115812303532258,-0.36168847823092504,-0.7343871902184279,,,,,,,,2026-10-02,False,max 6 positions in RISK_ON
BAC,No clean setup,False,19.122178567384047,,,False,True,no dominant factor,53.75,51.45761217565212,4.264907580182096,57.18858173652181,60.62716347304363,23.7563,1276.9011249999999,4689.419381562499,199.99940267078745,1.0,14.0682581446875,0,No actionable pattern today.,Stop 51.46; to breakeven at +1.0R; trail 2.5×ATR from +1.0R; scale 1/2 at T1 (+1.5R); time-stop 15 bars if < +0.5R,,53.75,1.1461939121739384,2.132453790091048,22.309818261956025,6.226727091521923,42.3058050686243,-3.167562275246264,0.828211477012814,-0.13699301270240127,-0.09809291827452815,0.09973540457827124,0.25512700627666773,1.1529439995455664,2252380355.845108,0.0,0.0,0.0,0.0,-0.5559109599113469,0.1504424778761062,-0.5559109599113469,-0.7250741482464866,-0.2594569409261075,-0.9687480984064776,-0.30010251114635583,-0.5952723717264604,,,,,,,,2026-10-02,False,max 6 positions in RISK_ON
SPGI,No clean setup,False,18.71638950180535,,,False,True,distribution in volume,386.2699890136719,367.0858240882541,4.966517066056284,415.0462364017985,443.8224837899251,2.8387,1096.5046178131104,4026.913208918648,199.99733175621935,1.0,12.080739626755944,0,No actionable pattern today.,Stop 367.1; to breakeven at +1.0R; trail 2.5×ATR from +1.0R; scale 1/2 at T1 (+1.5R); time-stop 15 bars if < +0.5R,,386.2699890136719,9.592082462708861,2.4832585330281387,31.946587094021652,8.251238090397308,20.17003939798707,-1.9751411994513342,0.7444273771302337,-0.10525585078133304,-0.13434712507287982,-0.048713640092798105,-0.044209620662727045,1.3883232570929571,786127033.5939026,0.0,0.0,0.0,0.0,-0.5682490072871202,0.1415929203539823,-0.5682490072871202,-0.7982929445974155,-0.7349303973506113,-0.25959179152073636,0.3532809262130988,-1.0759734146575963,,,,,,,,2026-10-02,False,max 6 positions in RISK_ON
XLF,No clean setup,False,17.080400779440247,,,False,True,distribution in volume,53.4900016784668,52.08186131926554,2.6325300336794024,55.60221221726868,57.71442275607056,25.4528,1361.4703147216796,4999.999730815368,131.62649459760385,1.0,14.999999192446104,0,No actionable pattern today.,Stop 52.08; to breakeven at +1.0R; trail 2.5×ATR from +1.0R; scale 1/2 at T1 (+1.5R); time-stop 15 bars if < +0.5R,size capped at 25% of capital,53.4900016784668,0.7040701796006258,1.316265016839698,27.51059458468096,23.98088986687189,34.18022656910874,-2.3979074435568672,0.91602925288324,-0.06903723271328832,-0.043831299344562535,0.08757021328644288,0.09313890032168026,1.340591072427754,2101913031.945343,0.0,0.0,0.0,0.0,-0.6190920036729264,0.13274336283185842,-0.6190920036729264,-0.5842765604295987,-0.06750174899260986,-0.5783004005676123,-1.21438017870171,-1.53359775648956,,,,,,,,2026-10-02,False,max 6 positions in RISK_ON
IBM,No clean setup,False,16.55409370733507,,,False,True,weak momentum,222.63999938964844,208.94975299934495,6.149050677252207,243.17536897510365,263.71073856055887,3.9779,885.6396535720825,3252.5116277434727,199.9985882734668,1.0,9.757534883230418,0,No actionable pattern today.,Stop 208.9; to breakeven at +1.0R; trail 2.5×ATR from +1.0R; scale 1/2 at T1 (+1.5R); time-stop 15 bars if < +0.5R,,222.63999938964844,6.845123195151739,3.0745253386261013,41.56147085992472,44.747302929692985,13.655420672433763,-0.9879086645256415,0.6744784719234238,-0.039102277418750275,-0.2513451065582174,-0.08975063760160729,-0.17022059193192096,1.0011826634056535,1377706366.6525269,0.0,0.0,0.0,0.0,-0.6358532762820109,0.12389380530973451,-0.6358532762820109,-0.8773248970678297,-1.1749544917057788,0.1367676719000676,0.18591306223095894,-0.7858547569370407,,,,,,,,2026-10-02,False,max 6 positions in RISK_ON
BA,No clean setup,False,16.396979310691005,,,False,True,no dominant factor,193.55999755859375,180.63133571347674,6.679407939754334,212.95299032626926,232.34598309394477,4.2122,815.3134217163087,2994.2385412531435,199.99740685964682,1.0,8.982715623759432,0,No actionable pattern today.,Stop 180.6; to breakeven at +1.0R; trail 2.5×ATR from +1.0R; scale 1/2 at T1 (+1.5R); time-stop 15 bars if < +0.5R,,193.55999755859375,6.464330922558503,3.339703969877167,41.20412676005549,78.558872026301,31.2455684139875,-0.8558241667698184,0.7609985960834555,-0.07329917133384334,-0.17472498038978157,-0.07040631820269028,-0.02941450706701043,1.939243084068421,1662729134.9617004,0.0,0.0,0.0,0.0,-0.6408978020692029,0.11504424778761062,-0.6408978020692029,-1.0300691781498383,-0.7795669258626134,0.14996320902537993,-0.7339700521425144,-0.6091015069929683,,,,,,,,2026-10-02,False,max 6 positions in RISK_ON
KWEB,No clean setup,False,15.511492836821425,,,False,True,weak momentum,23.860000610351562,23.007853670395104,3.571445591609743,25.138221020286252,26.41644143022094,57.0607,1361.4683368270873,4999.992466997478,178.5720105434007,1.0,14.999977400992437,0,No actionable pattern today.,Stop 23.01; to breakeven at +1.0R; trail 2.5×ATR from +1.0R; scale 1/2 at T1 (+1.5R); time-stop 15 bars if < +0.5R,size capped at 25% of capital,23.860000610351562,0.42607346997823003,1.7857227958048743,33.164905612214355,6.468954208645371,21.668100185435918,-2.3752424948952773,0.5837340506140433,-0.07159533455116673,-0.06760451472921836,-0.15058738053608112,-0.3575464842051018,1.0497496000659587,368479190.63676834,0.0,0.0,0.0,0.0,-0.6696973731913263,0.10619469026548672,-0.6696973731913263,-0.9032583484080215,-1.1619109023423744,-0.4290755544656465,0.4103242497969078,-0.41299595095707,,,,,,,,2026-10-02,False,max 6 positions in RISK_ON
XLU,No clean setup,False,15.304774033937306,,,False,True,no dominant factor,39.83000183105469,38.65460160629687,2.951042356823039,41.59310216819141,43.356202505328135,34.182,1361.4691225891115,4999.995352708512,147.55198069761164,1.0,14.999986058125536,0,No actionable pattern today.,Stop 38.65; to breakeven at +1.0R; trail 2.5×ATR from +1.0R; scale 1/2 at T1 (+1.5R); time-stop 15 bars if < +0.5R,size capped at 25% of capital,39.83000183105469,0.5877001123789064,1.4755211784115156,35.38104657062334,77.33675026235363,34.35982038826024,-1.4425406114758703,0.8463440014209626,-0.05969369518491341,-0.11428548161233154,-0.12863460247965186,-0.010410881308877018,2.158142570060202,1197847882.8165245,0.0,0.0,0.0,0.0,-0.6765144410918418,0.09734513274336283,-0.6765144410918418,-1.0611490571763273,-0.5232564657267306,-0.3258297496268653,-0.9319226864509527,-0.5610089391740011,,,,,,,,2026-10-02,False,max 6 positions in RISK_ON
BKNG,No clean setup,False,13.71981891258432,,,False,True,distribution in volume,159.02000427246094,147.01512570793378,7.5492882920304165,177.02732211925166,195.03463996604242,4.5363,721.3624453811645,2649.2035806623267,199.9960157469916,1.0,7.947610741986981,0,No actionable pattern today.,Stop 147; to breakeven at +1.0R; trail 2.5×ATR from +1.0R; scale 1/2 at T1 (+1.5R); time-stop 15 bars if < +0.5R,,159.02000427246094,6.002439282263586,3.7746441460152114,30.462212802735124,11.516533824241591,32.87513036995678,-1.9067141688434606,0.7132396000243254,-0.20138256945434796,-0.11946061134060626,-0.04749067670023688,-0.06111699805423898,1.056327265293137,1523793865.8691406,0.0,0.0,0.0,0.0,-0.7300638843678959,0.08849557522123894,-0.7300638843678959,-0.9837767583891038,-0.77990531804156,-0.43371912262141044,-0.2956054415753744,-0.9770101375535685,,,,,,,,2026-10-02,False,max 6 positions in RISK_ON
NEE,No clean setup,False,10.247652181650668,,,False,True,distribution in volume,76.83000183105469,74.07611392730242,3.5843913030328087,80.96083368668309,85.0916655423115,17.7205,1361.4660474472046,4999.984059249859,179.21899377277876,1.0,14.999952177749579,0,No actionable pattern today.,Stop 74.08; to breakeven at +1.0R; trail 2.5×ATR from +1.0R; scale 1/2 at T1 (+1.5R); time-stop 15 bars if < +0.5R,size capped at 25% of capital,76.83000183105469,1.3355589392278224,1.7383299588676953,33.19029793969845,87.81446229135595,47.295819927280036,-1.555090780219836,0.7896174742656916,-0.07545122452702568,-0.1147329050756396,-0.16291224148730088,0.08666853829230314,1.3378166683502,1004939149.1556549,0.0,0.0,0.0,0.0,-0.8568045848601353,0.07964601769911504,-0.8568045848601353,-1.2205963053441113,-0.6155540006734486,-0.5014623877008569,-0.773799318035303,-1.3483661669226503,,,,,,,,2026-10-02,False,max 6 positions in RISK_ON
HD,No clean setup,False,10.236722580810245,,,False,True,weak momentum; distribution in volume,282.8500061035156,269.4775865325209,4.727742366072563,302.90863546000776,322.96726481649983,4.0724,1151.878364855957,4230.273294933502,199.99642276522488,1.0,12.690819884800508,0,No actionable pattern today.,Stop 269.5; to breakeven at +1.0R; trail 2.5×ATR from +1.0R; scale 1/2 at T1 (+1.5R); time-stop 15 bars if < +0.5R,,282.8500061035156,6.686209785497371,2.363871183036282,26.51507158527413,15.428845841135285,32.591787620724205,-2.512955574282503,0.7267832708787364,-0.10541459720521595,-0.18741079839681507,-0.10744770943047433,-0.1810644027170999,1.3724650106557985,1527906785.209961,0.0,0.0,0.0,0.0,-0.8572276952127016,0.07079646017699115,-0.8572276952127016,-1.0299748817674337,-0.9692915782319902,-0.6703778480852661,0.028391334653066015,-1.3974674151119366,,,,,,,,2026-10-02,False,max 6 positions in RISK_ON
PEP,No clean setup,False,9.919064973848329,,,False,True,distribution in volume,125.88999938964844,121.46193368834582,3.5174086287800246,132.53209794160236,139.17419649355628,10.8147,1361.462576399231,4999.971311826176,175.8694223586997,1.0,14.99991393547853,0,No actionable pattern today.,Stop 121.5; to breakeven at +1.0R; trail 2.5×ATR from +1.0R; scale 1/2 at T1 (+1.5R); time-stop 15 bars if < +0.5R,size capped at 25% of capital,125.88999938964844,2.214032850651304,1.7587043143900098,26.050812533964518,23.262424128762376,28.028782500223638,-2.4107144640597706,0.7564858683187374,-0.09454267931651983,-0.11204637323527555,-0.18111255891289413,0.010677256703386373,1.0180863028420972,1214527028.0843735,0.0,0.0,0.0,0.0,-0.8696003119366272,0.061946902654867256,-0.8696003119366272,-0.980896026431796,-0.7271323122514639,-0.8704455352425673,-0.4778175884034237,-1.3936937707334902,,,,,,,,2026-10-02,False,max 6 positions in RISK_ON
TLT,No clean setup,False,9.838756027726888,,,False,True,distribution in volume,77.4800033569336,75.85591758524065,2.0961353914908023,79.91613201447302,82.35226067201243,17.5718,1361.4631229873658,4999.9733191711,104.80621030824283,1.0,14.999919957513303,0,No actionable pattern today.,Stop 75.86; to breakeven at +1.0R; trail 2.5×ATR from +1.0R; scale 1/2 at T1 (+1.5R); time-stop 15 bars if < +0.5R,size capped at 25% of capital,77.4800033569336,0.8120428858464768,1.0480676957454054,27.02228198616949,20.884985012591528,25.690506845589223,-2.7125544749342096,0.8791230827023105,-0.050737582353322264,-0.08244917083988113,-0.08635157311812447,-0.0434837614393776,1.8541310235847182,3802131605.1558304,0.0,0.0,0.0,0.0,-0.8727517225979476,0.05309734513274336,-0.8727517225979476,-0.9455137397118117,-0.3881513568942885,-0.7120629038111285,-2.1824053969593007,-0.870108156448242,,,,,,,,2026-10-02,False,max 6 positions in RISK_ON
INTU,No clean setup,False,9.073223230254865,,,False,True,weak momentum; distribution in volume,281.0799865722656,255.91580317958577,8.95267702960778,318.8262616612854,356.5725367503052,2.1641,608.28519894104,2233.927393110969,199.99630458116167,1.0,6.701782179332908,0,No actionable pattern today.,Stop 255.9; to breakeven at +1.0R; trail 2.5×ATR from +1.0R; scale 1/2 at T1 (+1.5R); time-stop 15 bars if < +0.5R,,281.0799865722656,12.582091696339926,4.4763385148038894,37.11816743437444,67.9948786096636,22.02158737301506,-1.3987573192448366,0.4116823717179135,-0.1803814528161084,0.03742578555436671,-0.32967822414487014,-0.4896355782306313,0.9506289319445006,1107955559.3736267,0.0,0.0,0.0,0.0,-0.9032870806318959,0.04424778761061947,-0.9032870806318959,-0.9489124710322213,-1.3807276189149775,0.002657413252953664,-0.4496236215088958,-1.4310151540738147,,,,,,,,2026-10-02,False,max 6 positions in RISK_ON
LOW,No clean setup,False,8.026531189127223,,,False,True,weak momentum; distribution in volume,180.8000030517578,171.82995073166757,4.961312040200784,194.25508153189318,207.71016001202855,6.0711,1097.654898527527,4031.1376148423424,199.99731584223588,1.0,12.093412844527029,0,No actionable pattern today.,Stop 171.8; to breakeven at +1.0R; trail 2.5×ATR from +1.0R; scale 1/2 at T1 (+1.5R); time-stop 15 bars if < +0.5R,,180.8000030517578,4.4850261600451296,2.4806560201003958,25.49736593062684,1.2568495197983651,27.562595028098606,-2.6068460717768174,0.6237310556424541,-0.09527618912652436,-0.18707045839108694,-0.20880138264839831,-0.1776062639174828,1.140828952247709,635000821.9524384,0.0,0.0,0.0,0.0,-0.9465943851131752,0.035398230088495575,-0.9465943851131752,-1.0755807815841587,-1.243042174225855,-0.7529250745799292,0.27614779106322473,-1.460748261365776,,,,,,,,2026-10-02,False,max 6 positions in RISK_ON
NVO,No clean setup,False,7.334187658208894,,,False,True,weak momentum; distribution in volume,37.31999969482422,35.18829383174463,5.7119664536739725,40.5175584894436,43.715117284062984,25.547,953.4140322036743,3501.413033267994,199.9995378648361,1.0,10.504239099803984,0,No actionable pattern today.,Stop 35.19; to breakeven at +1.0R; trail 2.5×ATR from +1.0R; scale 1/2 at T1 (+1.5R); time-stop 15 bars if < +0.5R,,37.31999969482422,1.0658529315397927,2.8559832268369822,27.076037976038705,2.5754676590330803,33.15380203473153,-3.197754004568048,0.6107088459146764,-0.20205261215409676,-0.23270630948984206,0.02208994905228634,-0.17010569844542311,0.9722386254289801,567133419.0462303,0.0,0.0,0.0,0.0,-0.9763283788725421,0.02654867256637168,-0.9763283788725421,-1.0371347060087868,-1.2023684945197355,-1.0532981676228217,0.4236160313482031,-1.5741051625773939,,,,,,,,2026-10-02,False,max 6 positions in RISK_ON
NFLX,No clean setup,False,6.951242934122632,,,False,True,weak momentum; distribution in volume,67.05999755859375,63.10416820323914,5.898940500106936,72.99374159162566,78.92748562465758,13.7667,923.1948683898926,3390.4331541618803,199.9996344599082,1.0,10.171299462485642,0,No actionable pattern today.,Stop 63.1; to breakeven at +1.0R; trail 2.5×ATR from +1.0R; scale 1/2 at T1 (+1.5R); time-stop 15 bars if < +0.5R,,67.05999755859375,1.9779146776773044,2.9494702500534675,31.05639503967032,6.694433850346357,25.83663917274907,-2.901226038739281,0.5370815091365146,-0.18941140048952432,-0.11786371323511335,-0.3202919615910341,-0.29344943253566447,1.1760206296413005,2612330058.6914825,0.0,0.0,0.0,0.0,-0.9931791932927306,0.017699115044247787,-0.9931791932927306,-0.9772927541870342,-1.4238436470788756,-0.8060932708673435,0.2793858325787597,-1.5014848465483321,,,,,,,,2026-10-02,False,max 6 positions in RISK_ON
MCD,No clean setup,False,4.091350209351333,,,False,True,weak momentum; distribution in volume,231.88999938964844,222.91571364470468,3.8700615673658794,245.35142800706407,258.8128566244797,5.8711,1361.449375416565,4999.922831217335,193.50009188889402,1.0,14.99976849365201,0,No actionable pattern today.,Stop 222.9; to breakeven at +1.0R; trail 2.5×ATR from +1.0R; scale 1/2 at T1 (+1.5R); time-stop 15 bars if < +0.5R,size capped at 25% of capital,231.88999938964844,4.487142872471873,1.9350307836829375,24.016014562609172,34.36109302872542,46.71111989421989,-2.6899043451413003,0.6918378497943029,-0.11136237385697967,-0.16444278694442727,-0.23447891257838493,-0.10933757033223046,1.10992251299454,1489251773.4804535,0.0,0.0,0.0,0.0,-1.129827106974695,0.008849557522123894,-1.129827106974695,-1.3470469428550473,-1.0455542449096455,-0.9567518007510141,-0.3712291399722346,-1.924280516714595,,,,,,,,2026-10-02,False,max 6 positions in RISK_ON
