ticker,setup,eligible,conviction,earnings_flag,earnings_date,veto,liquid,why,entry,stop,stop_pct,t1,t2,units,pos_native,pos_aed,risk_aed,risk_pct,cost_aed,hold_days,entry_note,exit_rule,plan_flags,close,atr,atr_pct,rsi14,rsi2,adx,dist21_atr,pct_52w_high,mom_1m,mom_3m,mom_6m,mom_12_1,rvol,adv20,squeeze_on,breakout20,breakout55,uptrend,composite,comp_rank,composite_final,g_trend,g_momentum,g_timing,g_volatility,g_volume,g_fundamentals,g_sentiment,social_buzz,social_bull,sector,shortName,shortPercentOfFloat,date,selected,skip_reason
ANET,Momentum continuation,True,74.44900254991161,,2026-11-03,False,True,momentum leader; strong trend structure; volatility compression,207.35000610351562,193.6299203764551,6.616872593778001,227.9301346941064,248.51026328469723,1.9846,411.5068221130371,1511.2588042101288,99.99806963683713,0.5,4.533776412630387,15,Half-size starter at market; add on a 2–3 day tight consolidation.,Stop 193.6; to breakeven at +1.0R; trail 2.5×ATR from +1.0R; scale 1/2 at T1 (+1.5R); time-stop 15 bars if < +0.5R,55-day high sits before T1 (resistance),207.35000610351562,6.860042863530268,3.3084362968890004,60.17701825557926,90.49943570957879,17.013239465064384,0.9834859282800672,0.9649123118453691,0.11418591780260323,0.1966182338656004,0.6368014335649153,0.24673411118706268,0.6911166842790228,955404383.8394928,0.0,0.0,0.0,1.0,0.7642712828128629,0.9380530973451328,0.6683987540166899,1.3016536993688852,0.8835492610011115,0.03606068891805676,0.912983294138104,0.3349153837471646,-0.12354358103120998,0.6933608586952055,1.9859787738064636,1.0,Technology,"Arista Networks, Inc.",0.0127,2026-10-02,True,
PANW,Momentum continuation,True,73.74096324182074,,2026-11-19,False,True,momentum leader; strong trend structure; volume accumulation,403.239990234375,353.2769536640306,12.390397227542936,478.18454508989157,553.1290999454081,0.5449,219.72547067871096,806.941791067566,99.983293308321,0.5,2.4208253732026983,15,Half-size starter at market; add on a 2–3 day tight consolidation.,Stop 353.3; to breakeven at +1.0R; trail 2.5×ATR from +1.0R; scale 1/2 at T1 (+1.5R); time-stop 15 bars if < +0.5R,55-day high sits before T1 (resistance),403.239990234375,17.252170695440082,4.278387836834489,62.60249596625163,87.26354823593549,15.676943574032792,1.4892225458353243,0.9847130408653846,0.22759369443384037,0.1278493877748561,1.4706817820387577,0.588394613824625,0.8856297902609557,2327199734.7947693,0.0,0.0,0.0,1.0,0.8962441760158405,0.9646017699115044,0.6453426675930357,1.6585537569451136,1.4336479449820065,-0.1431361493140254,-0.6068564336276944,1.0902866893802126,-0.4241631320606683,-0.2923636001356993,2.2028468980333336,0.8,Technology,"Palo Alto Networks, Inc.",0.0269,2026-10-02,True,
MU,No clean setup,False,73.16018754017823,,2026-12-23,False,True,momentum leader; strong trend structure; volume accumulation; quality/growth fundamentals,1074.8900146484375,981.9208150514995,8.649182551699976,1214.3438140438445,1353.7976134392516,0.5857,629.5630815795898,2312.0704171010434,199.97519109892036,1.0,6.936211251303131,0,No actionable pattern today.,Stop 981.9; to breakeven at +1.0R; trail 2.5×ATR from +1.0R; scale 1/2 at T1 (+1.5R); time-stop 15 bars if < +0.5R,55-day high sits before T1 (resistance); Ex-dividend 2026-10-14,1074.8900146484375,46.48459979846899,4.324591275849988,59.2642943745686,42.45357366619975,15.075832590416303,0.9716741684087947,0.8566178152483285,0.12426783892025339,0.09153593769833712,1.9353850195172875,4.25728605167939,0.9310667042970141,27127676201.046143,0.0,0.0,0.0,1.0,0.9609792985663504,0.9734513274336283,0.9981392787488471,0.9177359539543841,1.6809718068656507,0.32086039659196514,0.14030622060930772,1.0283361479606525,1.8224047258022744,0.4711536731553921,7.5103196877516964,0.7857142857142857,Technology,"Micron Technology, Inc.",0.024500001,2026-10-02,False,not actionable today
MRK,Squeeze (pre-breakout),True,71.43510788229162,,2026-10-29,False,True,strong trend structure; favourable entry timing; volatility compression; Bollinger/Keltner squeeze on,153.9058979831719,142.14972491981163,7.638546161918824,171.54015757821233,189.17441717325275,4.6323,712.9382912274473,2618.2658745328,199.9974474679555,1.0,7.8547976235984,15,Buy-stop just above the 20-day high (+0.1 ATR). Let price trigger it; don't anticipate.,Stop 142.1; to breakeven at +1.0R; trail 2.5×ATR from +1.0R; scale 1/2 at T1 (+1.5R); time-stop 15 bars if < +0.5R,55-day high sits before T1 (resistance),144.3000030517578,3.3589065895315113,2.327724545041577,46.94693848181746,25.319146266471066,25.88830030732615,-0.5891110933470062,0.9250049733246484,-0.04278701829089182,0.1449106965310405,0.2095275033885422,0.7216993577497857,0.866075946855062,1442704312.9659271,1.0,0.0,0.0,1.0,0.7590036817519795,0.9292035398230089,0.5728819000580131,1.2120490666635813,0.6690586393645582,0.8212237038218475,1.0907128219278663,-0.3472636553833593,-0.1839240150902716,-0.1592864383454341,1.9686462141804757,0.8333333333333334,Healthcare,"Merck & Company, Inc.",0.0139999995,2026-10-02,True,
XOM,Pullback in uptrend,True,70.55771658689197,,2026-10-30,False,True,strong trend structure; favourable entry timing; volatility compression; volume accumulation,162.24698136573505,154.96849953296518,4.48605069351818,173.16470411488984,184.08242686404466,7.4821,1213.9481392765663,4458.2245414931895,199.99821296225295,1.0,13.37467362447957,15,"Limit near the 21-EMA, or at market on the first up-close / reclaim day.",Stop 155; to breakeven at +1.0R; trail 2.5×ATR from +1.0R; scale 1/2 at T1 (+1.5R); time-stop 15 bars if < +0.5R,55-day high sits before T1 (resistance),164.00999450683594,3.526026282201785,2.149885007193766,55.12638425741608,85.6460773100496,13.498631481239647,0.5194075129941171,0.9420803562701152,-0.0008528747782757806,0.2098504030467554,0.034242340937941984,0.5082373977817229,0.8251149881441237,2297554136.5920258,0.0,0.0,0.0,1.0,0.7589218921307102,0.9203539823008849,0.546249498399084,0.801986818011421,0.6068199733374029,0.6619918950488205,0.6480711080002656,1.309292617105835,-0.04918922626866871,-0.5596909267861724,2.1244594051836776,0.75,Energy,ExxonMobil Holdings Corporation,0.0108,2026-10-02,True,
ABBV,Pullback in uptrend,True,69.67649590339765,,2026-10-30,False,True,strong trend structure; favourable entry timing,261.65358578697044,251.34567692677714,3.939525166143011,277.1154490772604,292.57731236755035,5.2033,1361.4621029253433,4999.969572993323,196.9750596275652,1.0,14.99990871897997,15,"Limit near the 21-EMA, or at market on the first up-close / reclaim day.",Stop 251.3; to breakeven at +1.0R; trail 2.5×ATR from +1.0R; scale 1/2 at T1 (+1.5R); time-stop 15 bars if < +0.5R,size capped at 25% of capital; 55-day high sits before T1 (resistance); Ex-dividend 2026-10-15,262.82000732421875,5.153954430096641,1.9610205792813347,53.783026376642496,64.58549484299907,17.22191938600217,0.22631584214966372,0.9756115410112999,0.004202988301944988,0.038980752205142855,0.2779478368923325,0.10417918105600155,0.9712056803527493,1115368080.0350952,0.0,0.0,0.0,1.0,0.5489849122272473,0.8849557522123894,0.5199624489388317,0.913551516948125,0.32860152427015044,0.5677559435011819,0.44412951897574654,0.4475090190188329,0.15852620361421563,0.6492189879561222,1.705860455245638,1.0,Healthcare,AbbVie Inc.,0.0123000005,2026-10-02,True,
TMO,Pullback in uptrend,True,68.3658030357354,Earnings in 16d — binary gap risk,2026-10-21,False,True,strong trend structure; favourable entry timing; volume accumulation,649.1475703183094,618.0064773609319,4.797228608913607,695.8592097543756,742.5708491904419,1.7487,1135.1643562156275,4168.891098201892,199.9912364373938,1.0,12.50667329460568,15,"Limit near the 21-EMA, or at market on the first up-close / reclaim day.",Stop 618; to breakeven at +1.0R; trail 2.5×ATR from +1.0R; scale 1/2 at T1 (+1.5R); time-stop 15 bars if < +0.5R,55-day high sits before T1 (resistance),654.7999877929688,15.570546478688762,2.3779087918388564,56.66382832672018,18.92563520255392,42.11069179050728,0.36301985176922275,0.9578280401914399,0.07684275410549546,0.26603923145795494,0.3347145059578076,0.14975747343055934,1.0029975276590053,1499171467.3980713,0.0,0.0,0.0,1.0,1.0023987087225021,0.9911504424778761,0.8044452442996041,1.9353656410603624,0.755946988492306,0.703969227488212,-0.028306808324244894,1.2309438835204536,-0.5040398093907091,0.5293025826067325,0.9448872279694298,1.0,Healthcare,Thermo Fisher Scientific Inc,0.0136,2026-10-02,False,sector cap (Healthcare)
NVDA,Momentum continuation,True,67.72397061822511,,2026-11-17,False,True,volatility compression; quality/growth fundamentals,233.9499969482422,219.6144106708739,6.127628324158439,255.45337636429463,276.95675578034707,1.8994,444.3646242034912,1631.9290823873214,99.99854868254441,0.5,4.895787247161965,15,Half-size starter at market; add on a 2–3 day tight consolidation.,Stop 219.6; to breakeven at +1.0R; trail 2.5×ATR from +1.0R; scale 1/2 at T1 (+1.5R); time-stop 15 bars if < +0.5R,55-day high sits before T1 (resistance),233.9499969482422,5.902342668066933,2.5229077773284754,63.011079683792,95.186943693792,16.01516481752035,1.5806103183477243,0.9834790320585945,0.04367796703392446,0.1977078628548592,0.32186010798593445,0.200043817683474,0.9815798149035357,24630934462.001266,0.0,0.0,0.0,1.0,0.44967466527693883,0.8407079646017699,0.4631970988158362,0.6933052926142612,0.7027113469445143,-0.5520199947298579,0.7983632540246025,0.4836751076958861,0.8550247751775215,0.17954889076532962,7.354920062980432,0.7333333333333333,Technology,NVIDIA Corporation,0.0127,2026-10-02,False,sector cap (Technology)
PLTR,No clean setup,False,67.04732050994744,,2026-11-02,False,True,strong trend structure; volume accumulation,188.75,175.1916768366589,7.18321756998204,209.08748474501164,229.4249694900233,4.0166,758.1332500000001,2784.2443606250004,199.99833010364912,1.0,8.352733081875002,0,No actionable pattern today.,Stop 175.2; to breakeven at +1.0R; trail 2.5×ATR from +1.0R; scale 1/2 at T1 (+1.5R); time-stop 15 bars if < +0.5R,55-day high sits before T1 (resistance),188.75,6.273270680708159,3.323587115606972,61.17985788011922,50.31067997119574,27.517550762378455,1.0399671234778505,0.9095508679355216,0.11383212865501613,0.4240984575313709,0.2713861744852626,-0.08375231408470818,0.5060756695436076,4140820168.4645844,0.0,0.0,0.0,1.0,0.865684502942364,0.9557522123893806,0.756865688812826,1.783444491903645,0.7866040702494045,0.009653219183164915,0.3192081959711725,1.0583888393621896,0.21356728512402165,0.42961357946532597,5.705725772150655,0.8333333333333334,Technology,Palantir Technologies Inc.,0.027999999,2026-10-02,False,not actionable today
CRM,Pullback in uptrend,True,66.87218550126924,,2026-12-02,False,True,strong trend structure; favourable entry timing; distribution in volume,234.69000244140625,217.11855612548405,7.487087704261782,261.04717191528954,287.4043413891728,3.0992,727.3512555664063,2671.197486067627,199.9948985359191,1.0,8.013592458202881,15,"Limit near the 21-EMA, or at market on the first up-close / reclaim day.",Stop 217.1; to breakeven at +1.0R; trail 2.5×ATR from +1.0R; scale 1/2 at T1 (+1.5R); time-stop 15 bars if < +0.5R,,234.69000244140625,8.785723157961105,3.7435438521308924,51.49425233757553,62.318079730265396,19.771263945495814,-0.030573710216377864,0.8763666994100537,-0.08495345713668345,0.4192749211426474,0.2624169265128464,0.09743377467229286,0.7485836259176508,2912990248.0052185,0.0,0.0,0.0,1.0,0.43899497441229857,0.831858407079646,0.4390061697948769,0.9011305287843429,0.7915192640557752,0.736556135914099,-0.019155118038802845,-1.3547785082420807,0.16559049421189903,0.7125114084384809,2.10750556240385,1.0,Technology,"Salesforce, Inc.",0.0454,2026-10-02,False,sector cap (Technology)
CVX,Pullback in uptrend,True,66.35747846558272,,2026-10-30,False,True,favourable entry timing; quality/growth fundamentals,206.36325525816585,198.1841827456924,3.9634345282260734,218.63186402687603,230.9004727955862,6.5974,1361.4609402402234,4999.965303032221,198.17035121970247,1.0,14.999895909096665,15,"Limit near the 21-EMA, or at market on the first up-close / reclaim day.",Stop 198.2; to breakeven at +1.0R; trail 2.5×ATR from +1.0R; scale 1/2 at T1 (+1.5R); time-stop 15 bars if < +0.5R,size capped at 25% of capital; 55-day high sits before T1 (resistance),206.69000244140625,4.089536256236722,1.978584453980085,51.93026758882173,67.72555893851603,17.601507298316132,0.07989834611249529,0.9490770667643842,-0.024034358141606593,0.24029633861933886,0.05746318491239122,0.42402075330244293,0.7939793488795033,2052372150.7943726,0.0,0.0,0.0,1.0,0.4573289622313549,0.8584070796460177,0.42454104879072185,0.508721866892964,0.6496427655700109,0.7927590981975161,0.43992160660467244,-0.6119792037610629,0.5524775891215129,0.03430120093486666,1.8487642337952552,0.875,Energy,Chevron Corporation,0.0106,2026-10-02,False,correlated with XOM (0.85)
MSFT,Momentum continuation,True,66.19609858779819,,2026-10-28,False,True,momentum leader; strong trend structure,517.530029296875,488.32449488391205,5.643254064434112,561.3383309163194,605.1466325357638,0.9323,482.49324631347656,1771.9564470862426,99.99600422019667,0.5,5.315869341258729,15,Half-size starter at market; add on a 2–3 day tight consolidation.,Stop 488.3; to breakeven at +1.0R; trail 2.5×ATR from +1.0R; scale 1/2 at T1 (+1.5R); time-stop 15 bars if < +0.5R,55-day high sits before T1 (resistance),517.530029296875,11.582025347164238,2.237942668351008,62.70069602450997,91.61115529424146,36.37915331893406,1.2756628999356792,0.942332205489123,0.04168516095838526,0.3407051562809811,0.39138679429888623,-0.036178563990071355,0.7612152810976881,10681883933.50296,0.0,0.0,0.0,1.0,0.6392028508668627,0.911504424778761,0.4200283157892997,1.5135998487969105,0.8035131053179985,-0.4159236799976896,0.47671528852654094,0.22481057751607722,-0.09626715575756473,-0.81707249328434,5.8846023522493995,0.5833333333333334,Technology,Microsoft Corporation,0.0091,2026-10-02,False,sector cap (Technology)
AAPL,Pullback in uptrend,True,65.80919779436876,,2026-10-29,False,True,favourable entry timing,331.0239878138702,316.9572094405557,4.249474023382266,352.1241553738419,373.22432293381365,3.8714,1281.526266422617,4706.405213437061,199.9974669801166,1.0,14.119215640311186,15,"Limit near the 21-EMA, or at market on the first up-close / reclaim day.",Stop 317; to breakeven at +1.0R; trail 2.5×ATR from +1.0R; scale 1/2 at T1 (+1.5R); time-stop 15 bars if < +0.5R,55-day high sits before T1 (resistance),333.69000244140625,7.0333891866572555,2.1077614358231402,54.738372654607815,62.385708386206694,17.189801349286032,0.3790512023127705,0.9662651473329904,0.026864879418655896,0.06818197581868257,0.306210883034,0.27680709524796754,0.8356896502573355,13988005526.706696,0.0,0.0,0.0,1.0,0.5779472744921409,0.8938053097345132,0.4092518413311222,0.7115797448434095,0.4627865524583736,0.7760082043507054,0.4465838751506322,0.4328561434276827,-0.2559502886170234,-0.27510949400888157,5.797338494145545,0.6923076923076923,Technology,Apple Inc.,0.0088,2026-10-02,False,sector cap (Technology)
AMD,Extended (wait),False,65.65884851336097,,2026-11-03,False,True,momentum leader; strong trend structure; volume accumulation,633.9099731445312,576.2180287156938,9.100968098459578,720.4478897877875,806.9858064310437,0.9439,598.3476236511231,2197.4316478587493,199.9875532570794,1.0,6.592294943576248,15,Too far above the 21-EMA. Set an alert for a pullback toward it.,Stop 576.2; to breakeven at +1.0R; trail 2.5×ATR from +1.0R; scale 1/2 at T1 (+1.5R); time-stop 15 bars if < +0.5R,55-day high sits before T1 (resistance),633.9099731445312,24.207963262225014,3.8188330027591486,70.0723975533013,93.38921485283393,25.827877615885022,2.4758613976851342,0.9821057099821214,0.38692945462431516,0.1482836467016857,1.9145286121587644,1.7867813722751116,0.8034101853164892,12885467729.176636,0.0,0.0,0.0,1.0,0.9752923483247409,0.9823008849557522,0.7087912531344863,1.0743203901367997,2.0408363480026255,-0.7681939768925445,-0.5245647573668971,2.228462859023477,-0.1594127356085724,-0.5550135196444911,5.831494839027497,0.6363636363636364,Technology,"Advanced Micro Devices, Inc.",0.024600001,2026-10-02,False,not actionable today
DE,Squeeze (pre-breakout),True,64.96523635205861,,2026-11-25,False,True,strong trend structure; favourable entry timing; volatility compression; Bollinger/Keltner squeeze on,721.2701539679749,659.4217958757816,8.574922690470762,814.0426911062648,906.8152282445548,0.8805,635.0783705688019,2332.325315913925,199.995092729897,1.0,6.996975947741776,15,Buy-stop just above the 20-day high (+0.1 ATR). Let price trigger it; don't anticipate.,Stop 659.4; to breakeven at +1.0R; trail 2.5×ATR from +1.0R; scale 1/2 at T1 (+1.5R); time-stop 15 bars if < +0.5R,,687.0,17.67095945491236,2.5721920603948125,56.57491009959208,78.20818162799776,18.751782242851505,0.6032932970858425,0.9548256846721171,-0.013933335114637901,0.08406177600971598,0.19925703608625556,0.559907850160031,1.0094737326443153,866130007.1170044,1.0,0.0,0.0,1.0,0.6145669581974889,0.9026548672566371,0.38594467865165544,1.037125941174011,0.5369851080146125,0.6037518223055115,0.7102477221171867,-0.11605444238009738,-0.7425091679793054,-0.3145797110840511,0.9831761895756143,0.8333333333333334,Industrials,Deere & Company,0.0208,2026-10-02,True,
CRWD,Extended (wait),False,64.60237891755467,,2026-12-01,False,True,momentum leader; strong trend structure; volume accumulation; new 55-day high,270.0400085449219,229.98943233066552,14.831349039745653,330.1158728663064,390.19173718769093,1.3597,367.17339961853025,1348.4443100990522,199.9924822373807,1.0,4.045332930297157,15,Too far above the 21-EMA. Set an alert for a pullback toward it.,Stop 230; to breakeven at +1.0R; trail 2.5×ATR from +1.0R; scale 1/2 at T1 (+1.5R); time-stop 15 bars if < +0.5R,,270.0400085449219,11.443021775501817,4.237528297070188,68.74572609292407,95.51452047200755,25.260903150936112,2.144801532376257,0.9872228597057188,0.32749980815871904,0.35439864545915967,1.7063540975002685,0.6274902123821064,0.7622174910189922,2567842016.8593597,0.0,1.0,1.0,1.0,1.0321310431819746,1.0,0.6734480526310557,2.0414658158274017,1.8629592905681598,-0.7428333576172629,-0.7207973151159518,1.3517658389224378,-0.4722874969921502,-1.05028032215309,5.303605703469336,0.5555555555555556,Technology,"CrowdStrike Holdings, Inc.",0.0277,2026-10-02,False,max 6 positions in RISK_ON
XLE,Pullback in uptrend,True,64.54779811664912,,,False,True,favourable entry timing,62.68973734110934,60.27663090461443,3.8492846498377307,66.30939699585171,69.92905665059408,21.7175,1361.4643707055423,4999.977901416104,192.4633818544888,1.0,14.999933704248315,15,"Limit near the 21-EMA, or at market on the first up-close / reclaim day.",Stop 60.28; to breakeven at +1.0R; trail 2.5×ATR from +1.0R; scale 1/2 at T1 (+1.5R); time-stop 15 bars if < +0.5R,size capped at 25% of capital; 55-day high sits before T1 (resistance),62.81999969482422,1.2065532182474572,1.9206514232868837,51.64936413588792,87.59674416253682,18.71615225247667,0.10796237724522822,0.9550159741988189,-0.029287222624625575,0.18941096231654475,0.07424704500107349,0.49004905776315777,1.0792720242658578,2191601269.854107,0.0,0.0,0.0,1.0,0.46719705451828114,0.8672566371681416,0.37451290125797626,0.45426693379486227,0.613312437330473,0.7685265209675815,0.2236593777836768,-0.08068768400470781,,-0.36696032482446317,2.483427529155013,,ETF,State Street Energy Select Sect,,2026-10-02,False,max 6 positions in RISK_ON
AMGN,Pullback in uptrend,True,63.63397794954956,,2026-11-03,False,True,strong trend structure; favourable entry timing,403.0400085449219,379.31700375255673,5.886017340564103,438.6245157334696,474.2090229220173,2.2956,925.2186436157226,3397.8654686787413,199.99895069547043,1.0,10.193596406036226,15,"Limit near the 21-EMA, or at market on the first up-close / reclaim day.",Stop 379.3; to breakeven at +1.0R; trail 2.5×ATR from +1.0R; scale 1/2 at T1 (+1.5R); time-stop 15 bars if < +0.5R,,403.0400085449219,10.331960575710548,2.563507432676866,47.83912144628755,9.60189754925986,27.051545038007077,-0.39826353551999205,0.9015949928315811,-0.0898744199306718,0.10630771768293523,0.1739285718412662,0.5247050667431035,1.0995274981066512,1322948525.081787,0.0,0.0,0.0,1.0,0.5299782221866586,0.8761061946902655,0.349695433520672,0.878243721379101,0.4342253220936778,0.7073519256839264,-0.05297541062953431,0.3897225516045168,-0.22210421167503538,-0.5207672306115135,1.2157243057189566,0.7857142857142857,Healthcare,Amgen Inc.,0.025999999,2026-10-02,False,max 6 positions in RISK_ON
EEM,Pullback in uptrend,True,63.11937884343654,,,False,True,favourable entry timing,67.26769762235409,65.2011022720765,3.072195754163635,70.36759064777048,73.46748367318688,20.2395,1361.4645660276356,4999.978618736492,153.60913083391208,1.0,14.999935856209477,15,"Limit near the 21-EMA, or at market on the first up-close / reclaim day.",Stop 65.2; to breakeven at +1.0R; trail 2.5×ATR from +1.0R; scale 1/2 at T1 (+1.5R); time-stop 15 bars if < +0.5R,size capped at 25% of capital; 55-day high sits before T1 (resistance),67.66999816894531,1.0332976751387992,1.5269657205532385,52.87016512899395,80.79146159411957,9.424409881293418,0.3893365448027172,0.9455078728167028,0.007743806868954595,0.0014799241464071855,0.20200975469609062,0.27211048207671107,0.9652369526430757,1325869766.1748505,0.0,0.0,0.0,1.0,0.33583849651198827,0.7610619469026548,0.33583849651198827,0.224719513780538,0.23280176081142834,0.7366825404123012,0.055454599036125846,0.49478613285168144,,,,,ETF,iShares MSCI Emerging Index Fun,,2026-10-02,False,max 6 positions in RISK_ON
MRVL,No clean setup,False,63.05005370366739,,2026-12-01,False,True,momentum leader; strong trend structure; volume accumulation; new 55-day high,272.2900085449219,241.73862577983797,11.220162990315377,318.11708269254774,363.9441568401736,1.7825,485.3569402313232,1782.4733629995344,199.99641658750363,1.0,5.347420088998604,0,No actionable pattern today.,Stop 241.7; to breakeven at +1.0R; trail 2.5×ATR from +1.0R; scale 1/2 at T1 (+1.5R); time-stop 15 bars if < +0.5R,Ex-dividend 2026-10-09,272.2900085449219,13.005518853304373,4.776348174802289,64.99195427302867,92.2225952312931,22.49993980641883,1.7678009670419732,0.825625004996225,0.31872343170823436,0.0926191501047322,1.5440529967380296,1.466562336832736,0.7465962062122121,4334792136.428375,0.0,1.0,1.0,1.0,0.8095495639399387,0.9469026548672567,0.62322723045093,1.0213772603690876,1.4672627254743205,-0.32547213924407536,-0.3517094388888862,1.6054028248505323,-0.30547326602624586,0.061349059016035955,2.953888245999678,0.8461538461538461,Technology,"Marvell Technology, Inc.",0.0418,2026-10-02,False,max 6 positions in RISK_ON
META,Momentum continuation,True,63.02474523623778,,2026-10-28,False,True,strong trend structure; volume accumulation,728.0800170898438,673.2434722744662,7.531664587439275,810.3348343129101,892.5896515359765,0.4965,361.49172848510744,1327.578372861557,99.98875017931643,0.5,3.9827351185846713,15,Half-size starter at market; add on a 2–3 day tight consolidation.,Stop 673.2; to breakeven at +1.0R; trail 2.5×ATR from +1.0R; scale 1/2 at T1 (+1.5R); time-stop 15 bars if < +0.5R,55-day high sits before T1 (resistance),728.0800170898438,25.426013245885265,3.492200396807174,61.5378069227295,48.65340923975958,39.6860772277724,1.3223445543553334,0.9336513685870802,0.2290708842756044,0.21383774642211906,0.2695921368463412,-0.17139455110645996,0.9785252567674365,16626034997.92389,0.0,0.0,0.0,1.0,0.3810083072187797,0.7787610619469026,0.3332990825405728,0.9648827306552245,0.4166361331758177,-0.12120555245219498,-0.5571025795461119,0.8156215717246481,-0.04837471488508285,,,,Communication Services,"Meta Platforms, Inc.",0.014099999,2026-10-02,False,max 6 positions in RISK_ON
LLY,Mean-reversion bounce,True,62.04106172071989,,,False,True,favourable entry timing; volatility compression,1142.8499755859375,1079.0249340653643,5.584726156891259,1238.5875378667974,1334.3251001476572,0.8532,975.0795991699218,3580.979827951538,199.98791712460917,1.0,10.742939483854617,7,Buy at market; exit on a close above the 8-EMA or after 5–7 days.,Stop 1079; to breakeven at +1.0R; trail 2.5×ATR from +1.0R; scale 1/2 at T1 (+1.5R); time-stop 15 bars if < +0.5R,,1142.8499755859375,31.91252076028666,2.792363078445634,43.04863914752572,3.640632677162216,17.531826003292114,-0.6075074915577472,0.8841139937346716,-0.01485240769726548,-0.046308047663068286,0.2253979223582252,0.4143059369931701,0.8885077349356526,2597997029.538574,0.0,0.0,0.0,0.0,0.31965792623471595,0.7256637168141593,0.30705715484912005,0.03976729229953573,0.10433998665388337,0.6403725533952466,0.7736733990105062,0.4826466295405716,0.20625098376435255,,,,Healthcare,Eli Lilly and Company,0.0084,2026-10-02,False,max 6 positions in RISK_ON
PFE,Pullback in uptrend,True,61.85946774684052,,,False,True,favourable entry timing; volume accumulation,27.799999237060547,26.77094673642673,3.701627801708619,29.343577988011273,30.887156738962,48.9737,1361.4688226360322,4999.994251130828,185.08117728369137,1.0,14.999982753392487,15,"Limit near the 21-EMA, or at market on the first up-close / reclaim day.",Stop 26.77; to breakeven at +1.0R; trail 2.5×ATR from +1.0R; scale 1/2 at T1 (+1.5R); time-stop 15 bars if < +0.5R,size capped at 25% of capital; 55-day high sits before T1 (resistance),27.799999237060547,0.5145262503169077,1.8508139008543063,47.885719512189276,3.028834035327634,29.469936197210824,-0.48740042808134676,0.9517288636903234,-0.04204001383386402,0.19250975369192114,0.01529822074200915,0.1413170316169563,0.8734387527538037,906464677.5559807,0.0,0.0,0.0,1.0,0.4095708610805155,0.8053097345132744,0.30224225483741746,-0.012774268808671578,0.40650084747086407,0.8241866688446067,0.14337300384681126,0.9062103004705854,0.00011404073720877594,-0.254258381007158,2.444657445070889,0.8,Healthcare,"Pfizer, Inc.",0.0272,2026-10-02,False,max 6 positions in RISK_ON
XBI,Squeeze (pre-breakout),True,61.29697379897571,,,False,True,volatility compression; Bollinger/Keltner squeeze on,166.36668214628193,152.1330420117655,8.555583336091997,187.7171423480566,209.06760254983124,3.826,636.5189258916747,2337.6157553371754,199.9966640254884,1.0,7.012847266011528,15,Buy-stop just above the 20-day high (+0.1 ATR). Let price trigger it; don't anticipate.,Stop 152.1; to breakeven at +1.0R; trail 2.5×ATR from +1.0R; scale 1/2 at T1 (+1.5R); time-stop 15 bars if < +0.5R,55-day high sits before T1 (resistance),154.42999267578125,4.066754324147555,2.6333966956053163,43.54840709599653,17.592550431193132,11.488095795968363,-0.735629621246009,0.9089999012925467,-0.06615470015375968,-0.03967418058375283,0.1986784686201437,0.6380309811087483,1.0099499229064812,1377620081.261673,1.0,0.0,0.0,1.0,0.2873829257950635,0.6814159292035398,0.2873829257950635,0.17577352404269161,0.2586655741626051,0.46765131726109155,0.7879459036183231,-0.18857045664134808,,,,,ETF,State Street SPDR S&P Biotech E,,2026-10-02,False,max 6 positions in RISK_ON
COP,Pullback in uptrend,True,60.72203695444916,,,False,True,favourable entry timing,126.75,120.42919813652324,4.9868259277923155,136.23120279521515,145.71240559043028,8.6158,1092.05265,4010.563357125,199.99981334364742,1.0,12.031690071375001,15,"Limit near the 21-EMA, or at market on the first up-close / reclaim day.",Stop 120.4; to breakeven at +1.0R; trail 2.5×ATR from +1.0R; scale 1/2 at T1 (+1.5R); time-stop 15 bars if < +0.5R,,126.75,3.160400931738381,2.4934129638961586,44.89787089114058,61.641120964703774,20.001535954756783,-0.7537004570455224,0.895000736973032,-0.07616616020905875,0.23185366683757858,-0.015142150546991862,0.4825627126748546,0.9287470982087592,902110895.7458496,0.0,0.0,0.0,1.0,0.28494826205832824,0.672566371681416,0.2722769089726334,0.20360041222305816,0.5057330522665907,0.6358989075252123,0.3525587108991429,-0.6983544308329287,0.17090608428707443,,,,Energy,ConocoPhillips,0.0134000005,2026-10-02,False,max 6 positions in RISK_ON
NOW,Squeeze (pre-breakout),True,59.83110673728508,,,False,True,strong trend structure; favourable entry timing; Bollinger/Keltner squeeze on,148.17394920319012,127.03598343919187,14.265642427476829,179.8808978491875,211.58784649518486,2.5763,381.74054533217867,1401.9421527324262,199.99605454887896,1.0,4.205826458197279,15,Buy-stop just above the 20-day high (+0.1 ATR). Let price trigger it; don't anticipate.,Stop 127; to breakeven at +1.0R; trail 2.5×ATR from +1.0R; scale 1/2 at T1 (+1.5R); time-stop 15 bars if < +0.5R,55-day high sits before T1 (resistance),134.3800048828125,6.039418789713787,4.494283799870766,50.348044298580824,42.558365459132624,19.030025656235196,-0.10947466224722457,0.696392123496191,-0.01711524515065821,0.2450662883614234,0.31745102826286775,-0.25079180380423705,0.580298435291449,1612095306.066742,1.0,0.0,0.0,1.0,0.30943778267065164,0.7168141592920354,0.24902050538165924,0.9735296194520446,-0.024156808255810402,0.8889621020574054,-0.05072951898995544,-0.6938785909955033,-0.23431771293028014,,,,Technology,"ServiceNow, Inc.",0.0279,2026-10-02,False,max 6 positions in RISK_ON
ETN,Pullback in uptrend,True,59.3283806548017,,,False,True,volume accumulation,429.1235896321402,401.17800675445096,6.512245784867049,471.04196394867404,512.9603382652078,1.9487,836.2331391161516,3071.0662034040665,199.9953793816578,1.0,9.213198610212201,15,"Limit near the 21-EMA, or at market on the first up-close / reclaim day.",Stop 401.2; to breakeven at +1.0R; trail 2.5×ATR from +1.0R; scale 1/2 at T1 (+1.5R); time-stop 15 bars if < +0.5R,,436.1099853515625,13.9727914388446,3.203960447633566,56.30673818779489,60.98815910822413,11.305079954467534,0.6928270883476962,0.9123639860911349,0.11579884493096282,0.05747901129653776,0.2140435504171072,0.05715739176400403,0.9271879668505075,891145561.4924622,0.0,0.0,0.0,1.0,0.3258936210372592,0.7345132743362832,0.2359732813770018,0.5324135304451068,0.16849800345912758,0.4327846308552597,-0.13697568150851128,0.6088756339856628,-0.4833894359050577,,,,Industrials,"Eaton Corporation, PLC",0.02,2026-10-02,False,max 6 positions in RISK_ON
GILD,Pullback in uptrend,True,59.097717609327134,,,False,True,volatility compression,144.74000549316406,137.85782397841402,4.754857851014164,155.06327776528911,165.3865500374142,7.913,1145.3276634674073,4206.215844084053,199.99958429303229,1.0,12.618647532252162,15,"Limit near the 21-EMA, or at market on the first up-close / reclaim day.",Stop 137.9; to breakeven at +1.0R; trail 2.5×ATR from +1.0R; scale 1/2 at T1 (+1.5R); time-stop 15 bars if < +0.5R,55-day high sits before T1 (resistance),144.74000549316406,3.441090757375024,2.3774289255070835,44.47660643182527,2.971389717737779,28.576166032219593,-0.9495823788005651,0.9367657548976168,-0.027102356766363522,0.12302457761442898,0.04868524101114091,0.37155884738395706,0.8288388702556909,880393569.9530792,0.0,0.0,0.0,1.0,0.28763375133998254,0.6902654867256637,0.23000402429381384,0.15323044621430926,0.3836449266551063,0.4439579054203285,0.5152674502625048,-0.14570750673952196,-0.23103379207553568,,,,Healthcare,"Gilead Sciences, Inc.",0.0148,2026-10-02,False,max 6 positions in RISK_ON
BRK-B,Pullback in uptrend,True,57.37635655067049,,,False,True,favourable entry timing; volume accumulation,502.6499938964844,491.1416277427239,2.2895387035716306,519.912543127125,537.1750923577657,2.7085,1361.4275084686278,4999.842524851036,114.47332972409748,1.0,14.99952757455311,15,"Limit near the 21-EMA, or at market on the first up-close / reclaim day.",Stop 491.1; to breakeven at +1.0R; trail 2.5×ATR from +1.0R; scale 1/2 at T1 (+1.5R); time-stop 15 bars if < +0.5R,size capped at 25% of capital,502.6499938964844,5.754183076880216,1.1447693517858137,46.50038243192086,71.35544578857062,10.307707042326987,-0.4106438402700977,0.934745421625428,-0.005126269471838807,-0.007757891705065689,0.05300091645433502,0.014130826685765374,1.0318402857438471,2368481074.551239,0.0,0.0,0.0,1.0,0.18576450114018694,0.6371681415929203,0.18576450114018694,-0.03774430354352941,-0.024385134283027854,0.6679934493115115,-0.26508230135116306,0.8856595793000196,,,,,,,,2026-10-02,False,max 6 positions in RISK_ON
VRTX,Pullback in uptrend,True,56.50189011979023,,,False,True,volatility compression,504.7300109863281,480.7316595022128,4.75469081721899,540.7275382125011,576.7250654386742,2.2692,1145.3333409301758,4206.236694566071,199.99354986702855,1.0,12.618710083698213,15,"Limit near the 21-EMA, or at market on the first up-close / reclaim day.",Stop 480.7; to breakeven at +1.0R; trail 2.5×ATR from +1.0R; scale 1/2 at T1 (+1.5R); time-stop 15 bars if < +0.5R,,504.7300109863281,11.999175742057686,2.377345408609498,39.03390027350097,2.9553126489803105,16.39118270169661,-1.2676355847285907,0.9009014029207106,-0.09343509477085199,-0.04694200156440109,0.15048670150474597,0.37737812466190457,0.8419582385340443,522942407.9766846,0.0,0.0,0.0,1.0,0.1634728780746883,0.6194690265486725,0.1634728780746883,0.17352107392268712,0.07272579225217893,0.18392662444356286,0.7128471330670618,-0.2098106736107215,,,,,,,,2026-10-02,False,max 6 positions in RISK_ON
KO,Pullback in uptrend,True,56.34218870758772,,,False,True,no dominant factor,85.6500015258789,83.2189965213973,2.8383011805867673,89.2965090326013,92.94301653932372,15.8957,1361.4667292549134,4999.98656318867,141.91467765216373,1.0,14.99995968956601,15,"Limit near the 21-EMA, or at market on the first up-close / reclaim day.",Stop 83.22; to breakeven at +1.0R; trail 2.5×ATR from +1.0R; scale 1/2 at T1 (+1.5R); time-stop 15 bars if < +0.5R,size capped at 25% of capital,85.6500015258789,1.2155025022408048,1.4191505902933863,38.37412700878035,2.167452484851921,15.389451773230622,-1.3895214573631987,0.9315719514398593,-0.023559760873702373,0.03858590151586139,0.13030978131348436,0.3484340148382785,1.051451075196829,1385694870.9542084,0.0,0.0,0.0,1.0,0.15941336922282057,0.6106194690265486,0.15941336922282057,0.1205032675628458,0.2621707760142317,0.18363737363439728,0.2337493689640802,-0.13033195079438245,,,,,,,,2026-10-02,False,max 6 positions in RISK_ON
QQQ,Momentum continuation,True,55.999239983286266,,,False,True,volume accumulation; new 55-day high,749.5800170898438,725.4378537427061,3.220758664414072,785.7932621105501,822.0065071312566,1.1278,845.3763432739257,3104.644620673492,99.99311061960691,0.5,9.313933862020479,15,Half-size starter at market; add on a 2–3 day tight consolidation.,Stop 725.4; to breakeven at +1.0R; trail 2.5×ATR from +1.0R; scale 1/2 at T1 (+1.5R); time-stop 15 bars if < +0.5R,,749.5800170898438,9.48857526355034,1.2658522168705373,65.59189801650453,94.5277181045528,14.088433748205917,1.9722057209483606,0.9934265100830479,0.05797912352865575,0.038102234624215914,0.28412209550049283,0.17999281519373045,0.951581919550708,24662063354.744568,0.0,1.0,1.0,1.0,0.1507070075248802,0.584070796460177,0.1507070075248802,0.5469214221854016,0.4042164904783137,-0.7061715093704688,-0.8895053750908217,1.0500346287789788,,,,,,,,2026-10-02,False,max 6 positions in RISK_ON
SMH,Extended (wait),False,54.962621241685895,,,False,True,volume accumulation; new 55-day high,630.5999755859375,577.034456784017,8.494373751307037,710.9482537888182,791.2965319916989,1.0166,641.067935180664,2354.3219919509884,199.98490930553376,1.0,7.062965975852966,15,Too far above the 21-EMA. Set an alert for a pullback toward it.,Stop 577; to breakeven at +1.0R; trail 2.5×ATR from +1.0R; scale 1/2 at T1 (+1.5R); time-stop 15 bars if < +0.5R,,630.5999755859375,15.304433943405861,2.42696392894487,68.60750947533504,97.55892744128518,17.970256833476554,2.6044989117926445,0.9386302480462219,0.1455457018599713,0.04352141043229518,0.6073612454457384,0.654807936122922,0.6803655444719534,3769767338.3502197,0.0,1.0,1.0,1.0,0.43461686327908994,0.8230088495575221,0.3858728690762478,0.6823285674352441,0.7341261680806013,-0.8971459267333761,0.24914916260183412,1.3735320786589578,,-0.004079084546489485,2.953571008859406,0.8333333333333334,ETF,VanEck Semiconductor ETF,,2026-10-02,False,max 6 positions in RISK_ON
DHR,Pullback in uptrend,True,54.87153413649993,Earnings in 16d — binary gap risk,2026-10-21,False,True,strong trend structure; favourable entry timing; volume accumulation,214.05999755859375,202.14871100289724,5.564461689034673,231.9269273921385,249.79385722568327,4.572,978.6823088378907,3594.2107792071533,199.99848183213666,1.0,10.782632337621463,15,"Limit near the 21-EMA, or at market on the first up-close / reclaim day.",Stop 202.1; to breakeven at +1.0R; trail 2.5×ATR from +1.0R; scale 1/2 at T1 (+1.5R); time-stop 15 bars if < +0.5R,55-day high sits before T1 (resistance),214.05999755859375,5.95564327784825,2.7822308445173354,50.37645996369019,29.67511229995641,26.969441013190487,-0.18837739788432054,0.88691221585067,0.021577553576866748,0.10752692586316548,0.12434194955806177,-0.0084287333374925,1.1156173333132888,941810227.6176453,0.0,0.0,0.0,1.0,0.4562993230592544,0.8495575221238938,0.38337320080470744,0.8216407248551117,0.1174220860844815,0.7378078944899435,-0.2540193637000158,0.860865441517708,-0.2820149877666468,0.4653524113396858,0.5390681236345258,1.0,Healthcare,Danaher Corporation,0.013300001,2026-10-02,False,max 6 positions in RISK_ON
XLV,Pullback in uptrend,True,54.51843603307888,,,False,True,no dominant factor,166.17999267578125,161.419333009771,2.864761027699847,173.3209821747966,180.46197167381197,8.1927,1361.4628259948731,4999.972228466171,143.2372557969144,1.0,14.999916685398516,15,"Limit near the 21-EMA, or at market on the first up-close / reclaim day.",Stop 161.4; to breakeven at +1.0R; trail 2.5×ATR from +1.0R; scale 1/2 at T1 (+1.5R); time-stop 15 bars if < +0.5R,size capped at 25% of capital,166.17999267578125,2.3803298330051224,1.4323805138499244,42.55154819926999,4.511980426074956,15.042962019156667,-0.9936446583857133,0.9445978323243092,-0.035466970052353886,0.029982568142372212,0.14128254507458315,0.22094971903934235,1.044227047698679,1362824265.5350494,0.0,0.0,0.0,1.0,0.11326991499817475,0.5663716814159292,0.11326991499817475,0.1515449617359396,0.21893656034564038,0.46259589569028675,-0.15245186369208705,-0.4857139841939253,,,,,,,,2026-10-02,False,max 6 positions in RISK_ON
CSCO,No clean setup,False,54.44757888180861,,2026-11-12,False,True,volatility compression; Bollinger/Keltner squeeze on,112.19999694824219,103.4462968481003,7.80187195921223,125.33054709845501,138.46109724866784,6.2212,698.0186210144043,2563.4733856753996,199.99891125887737,1.0,7.6904201570262,0,No actionable pattern today.,Stop 103.4; to breakeven at +1.0R; trail 2.5×ATR from +1.0R; scale 1/2 at T1 (+1.5R); time-stop 15 bars if < +0.5R,55-day high sits before T1 (resistance),112.19999694824219,2.6404685801470666,2.3533588698448127,58.158031834829316,99.3686901289306,26.74089915372662,1.3114985947129418,0.8671958951285795,0.029005713511640607,-0.01180064849272544,0.43073058984465096,0.6251129850768162,0.808511573559099,1988587216.3223648,1.0,1.0,0.0,0.0,0.3887950614014204,0.7876106194690266,0.3717774402012002,0.3569782117253468,0.36244960729964126,0.20782816991387643,0.7995969479113941,0.3789408467293575,-0.14685214347077785,0.7542660542714156,2.372474875824193,1.0,Technology,"Cisco Systems, Inc.",0.0146,2026-10-02,False,max 6 positions in RISK_ON
SPY,Pullback in uptrend,True,54.300726208054776,,,False,True,no dominant factor,766.2683788908101,752.7818358603005,1.7600286534114489,786.4981934365746,806.7280079823391,1.7767,1361.4290287753024,4999.848108177298,87.9987593309707,1.0,14.999544324531897,15,"Limit near the 21-EMA, or at market on the first up-close / reclaim day.",Stop 752.8; to breakeven at +1.0R; trail 2.5×ATR from +1.0R; scale 1/2 at T1 (+1.5R); time-stop 15 bars if < +0.5R,size capped at 25% of capital; costs > 15% of risk budget; 55-day high sits before T1 (resistance),769.6400146484375,6.74327151525483,0.8761591636234087,55.3913024511664,86.84498242687026,9.564163408509764,0.6982813317081235,0.9899677453473794,0.008352759719697067,0.02698216277875387,0.17948068466436262,0.15416136478562836,1.0702246464092486,35162410153.09601,0.0,0.0,0.0,1.0,0.10778449615059245,0.5575221238938053,0.10778449615059245,0.4937305939977202,0.29878708126146813,0.29999199812612676,-0.9325275253482883,-0.3896133937852729,,,,,,,,2026-10-02,False,max 6 positions in RISK_ON
V,Pullback in uptrend,True,53.80141476860935,,,False,True,no dominant factor,360.6600036621094,349.19236041081973,3.1796271099784343,377.8614685390438,395.0629334159783,3.7749,1361.4554478240968,4999.945132133996,158.97961090537956,1.0,14.999835396401988,15,"Limit near the 21-EMA, or at market on the first up-close / reclaim day.",Stop 349.2; to breakeven at +1.0R; trail 2.5×ATR from +1.0R; scale 1/2 at T1 (+1.5R); time-stop 15 bars if < +0.5R,size capped at 25% of capital,360.6600036621094,5.733821625644825,1.5898135549892178,41.305922544222405,38.31879161150111,16.760541193402346,-1.0457971890532824,0.9353943429495982,-0.04688158171384105,0.011420613743094554,0.20372045867262156,0.09658828105336204,0.8669289997057181,2252514686.101532,0.0,0.0,0.0,1.0,0.0952191179466543,0.5486725663716814,0.0952191179466543,0.1407244060647301,0.1460616738300619,0.34322974668009704,0.29705904531907135,-0.6967537184705975,,,,,,,,2026-10-02,False,max 6 positions in RISK_ON
MA,Pullback in uptrend,True,52.95609062356113,,,False,True,no dominant factor,552.260009765625,533.6947862185469,3.3616816750785565,580.1078450862422,607.9556804068592,2.4652,1361.4313760742186,4999.856728632568,168.07926742662323,1.0,14.999570185897705,15,"Limit near the 21-EMA, or at market on the first up-close / reclaim day.",Stop 533.7; to breakeven at +1.0R; trail 2.5×ATR from +1.0R; scale 1/2 at T1 (+1.5R); time-stop 15 bars if < +0.5R,size capped at 25% of capital,552.260009765625,9.282611773539017,1.6808408375392758,38.87549632916644,36.06561241115129,20.03874378895212,-1.318133199422866,0.9185503512899582,-0.06100588973572885,0.037677358595078925,0.123006722604595,0.03143250738833481,1.1392835959816636,1552468750.2749634,0.0,0.0,0.0,1.0,0.07398855233981348,0.5309734513274337,0.07398855233981348,0.15345898307983147,0.07602020980733404,0.10187392677548246,0.31933691760229627,-0.3772078797250103,,,,,,,,2026-10-02,False,max 6 positions in RISK_ON
ADI,Extended (wait),False,52.823704249363026,,,False,True,volume accumulation; new 55-day high,417.1499938964844,377.6541138019014,9.468028448391598,476.3938140383588,535.6376341802332,1.3788,575.1664115844727,2112.298646543976,199.9930367697743,1.0,6.336895939631928,15,Too far above the 21-EMA. Set an alert for a pullback toward it.,Stop 377.7; to breakeven at +1.0R; trail 2.5×ATR from +1.0R; scale 1/2 at T1 (+1.5R); time-stop 15 bars if < +0.5R,,417.1499938964844,11.284537169880853,2.705150985254744,72.28148129685475,97.41981475309538,25.3185880886189,2.799286823337075,0.9383529136918162,0.1727249836027318,0.07610254060624388,0.31798404284450354,0.5051775119274926,0.7661905046388182,1223242746.0656738,0.0,1.0,1.0,1.0,0.3709970214232406,0.7699115044247787,0.32791319455376805,0.6599934165028228,0.5372139557556607,-1.01537250957949,-0.12657200921334785,1.9545852225737104,-0.01675742040201229,,,,Technology,"Analog Devices, Inc.",0.0199,2026-10-02,False,max 6 positions in RISK_ON
ASML,Extended (wait),False,52.36777547979756,,,False,True,volume accumulation,1867.31005859375,1688.7849295621559,9.560550922434347,2135.0977521411414,2402.8854456885324,0.305,569.5295678710937,2091.5973380065916,199.96822859240146,1.0,6.274792014019775,15,Too far above the 21-EMA. Set an alert for a pullback toward it.,Stop 1689; to breakeven at +1.0R; trail 2.5×ATR from +1.0R; scale 1/2 at T1 (+1.5R); time-stop 15 bars if < +0.5R,55-day high sits before T1 (resistance),1867.31005859375,51.007179723312625,2.731585977838386,64.78162086847911,90.0655104425905,16.906938366603782,2.3386476882281886,0.9348812227342811,0.10997444236805509,0.02446760447698315,0.4225373868152198,0.6878613169845444,1.0070634994923784,2339889962.235718,0.0,1.0,0.0,1.0,0.43200957707413906,0.8141592920353983,0.31574250308103996,0.6505766054790284,0.5918220090170485,-0.6097837641205193,0.3053189957973332,1.2847250334758795,-0.1858963367311929,-0.11275524905152068,1.8490459451748738,0.8461538461538461,Technology,ASML Holding N.V. - New York Re,0.0038,2026-10-02,False,max 6 positions in RISK_ON
QCOM,Pullback in uptrend,True,52.32755221287818,,,False,True,no dominant factor,183.664397600073,166.9827671271382,9.082669635984017,208.68684330947517,233.70928901887734,3.2645,599.5724259654382,2201.929734358072,199.9940033882441,1.0,6.605789203074217,15,"Limit near the 21-EMA, or at market on the first up-close / reclaim day.",Stop 167; to breakeven at +1.0R; trail 2.5×ATR from +1.0R; scale 1/2 at T1 (+1.5R); time-stop 15 bars if < +0.5R,55-day high sits before T1 (resistance),184.8699951171875,8.340815236467389,4.511719292890238,52.56667843872213,56.30178648466518,17.156841432391445,0.1445419282090611,0.7177695542417492,0.09364639003824271,-0.003238091586844183,0.4713144957140134,0.036460016898530956,0.8771372262704059,2784792700.4730225,0.0,0.0,0.0,1.0,0.058230891764615614,0.5132743362831859,0.058230891764615614,0.4772012126845441,-0.188620223835663,0.4547614460630248,-0.5360938437236632,-0.16305305703387976,,,,,,,,2026-10-02,False,max 6 positions in RISK_ON
XLK,Extended (wait),False,51.71409712997227,,,False,True,volume accumulation; new 55-day high,199.80999755859375,190.16797977743778,4.825593263084083,214.2730242303277,228.73605090206166,5.648,1128.5268662109374,4144.514916159667,199.99743258171586,1.0,12.433544748479003,15,Too far above the 21-EMA. Set an alert for a pullback toward it.,Stop 190.2; to breakeven at +1.0R; trail 2.5×ATR from +1.0R; scale 1/2 at T1 (+1.5R); time-stop 15 bars if < +0.5R,,199.80999755859375,3.208085773061341,1.6055681959160115,68.95756553355425,96.33093900935735,16.790604009980218,2.3964161914773623,0.9921545169281335,0.08955970373723265,0.08973778465318416,0.47276778037196343,0.295247333878373,1.1388901587315328,1406248558.990326,0.0,1.0,1.0,1.0,0.2983941414166865,0.7079646017699115,0.2983941414166865,0.6557401859194861,0.6685094752278179,-0.9317416177932771,-0.3171187407728783,1.119130238887769,,,,,ETF,State Street Technology Select ,,2026-10-02,False,max 6 positions in RISK_ON
TXN,Extended (wait),False,50.03481052755108,,,False,True,volume accumulation,293.79998779296875,265.29649370903365,9.70166619068091,336.5552289188714,379.31047004477404,1.9106,561.3342566772461,2061.500057647186,199.9998541136246,1.0,6.18450017294156,15,Too far above the 21-EMA. Set an alert for a pullback toward it.,Stop 265.3; to breakeven at +1.0R; trail 2.5×ATR from +1.0R; scale 1/2 at T1 (+1.5R); time-stop 15 bars if < +0.5R,55-day high sits before T1 (resistance),293.79998779296875,8.143855452552877,2.77190462590883,70.4435122938954,96.95690249100771,18.22606750774639,2.4987156234949994,0.8840650906712451,0.15306116277121395,-0.027004087553115785,0.5230908598455652,0.4490746867453266,0.725819670031911,1577921585.0704956,0.0,1.0,0.0,1.0,0.32856256825243985,0.7522123893805309,0.25432234838641576,0.5129675137229855,0.343155619214547,-0.980467249470384,0.3169218423666866,1.8984555023760696,-0.3395994105417772,,,,Technology,Texas Instruments Incorporated,0.0241,2026-10-02,False,max 6 positions in RISK_ON
SHOP,No clean setup,False,49.920676391059644,,,False,True,strong trend structure,151.38999938964844,128.85083265517795,14.88814771473712,185.19874949135416,219.0074995930599,2.4161,365.77337752532964,1343.302728961773,199.99289454392357,1.0,4.0299081868853195,0,No actionable pattern today.,Stop 128.9; to breakeven at +1.0R; trail 2.5×ATR from +1.0R; scale 1/2 at T1 (+1.5R); time-stop 15 bars if < +0.5R,55-day high sits before T1 (resistance),151.38999938964844,6.43976192413442,4.253756489924889,61.1387544182458,96.24553478757522,14.89680286705922,1.3834655247950638,0.8309457015257281,0.06710371889839872,0.26011320258665305,0.2802536946270482,-0.05148099104080506,0.6903588188936394,1448549444.651451,0.0,0.0,0.0,1.0,0.3266823663310447,0.7433628318584071,0.2513506542317465,1.1738068784672167,0.35260500328852545,-0.369742858827492,-0.5055981729795893,0.44454512671343743,-0.351303042562639,,,,Technology,Shopify Inc.,0.0136,2026-10-02,False,max 6 positions in RISK_ON
AMZN,No clean setup,False,49.813069525886085,,,False,True,favourable entry timing; volatility compression; Bollinger/Keltner squeeze on,251.52000427246094,240.2510534343316,4.480339792743549,268.423430529655,285.32685678684896,4.8326,1215.4955726470948,4463.907490546456,199.99822361021285,1.0,13.391722471639369,0,No actionable pattern today.,Stop 240.3; to breakeven at +1.0R; trail 2.5×ATR from +1.0R; scale 1/2 at T1 (+1.5R); time-stop 15 bars if < +0.5R,,251.52000427246094,5.634475419064669,2.2401698963717736,48.56366800923155,84.3953373186355,8.87956659807369,-0.06911765768427698,0.8757659943661493,-0.013569658455776734,0.03014416980652168,0.1990275022627772,0.15569047765271793,0.8799054710387317,8852990822.20787,1.0,0.0,0.0,0.0,0.27190926121168135,0.6637168141592921,0.24855147552596515,-0.08705644757441226,0.08238317519869566,0.620969878216619,1.0076967218811814,0.20427750763942631,0.06168919004023519,,,,Consumer Cyclical,"Amazon.com, Inc.",0.0083,2026-10-02,False,max 6 positions in RISK_ON
LRCX,Extended (wait),False,49.78537794586936,,,False,True,volume accumulation; new 55-day high,347.489990234375,299.1357373489443,13.915293747833347,420.02136956252104,492.5527488906671,1.1262,391.34322700195315,1437.2080011646729,199.99171512942837,1.0,4.311624003494019,15,Too far above the 21-EMA. Set an alert for a pullback toward it.,Stop 299.1; to breakeven at +1.0R; trail 2.5×ATR from +1.0R; scale 1/2 at T1 (+1.5R); time-stop 15 bars if < +0.5R,,347.489990234375,13.815500824408769,3.9757982136666703,67.76360859341085,99.51766044958943,15.71287783889504,2.5362222099710476,0.7932933399793229,0.20650365705678242,-0.006684360425068925,0.5935917931062231,1.0263630371256252,0.8691443404926733,2891489039.9531555,0.0,1.0,1.0,1.0,0.2920039707832629,0.6991150442477876,0.24783153307639377,0.610156369136176,0.515887170754291,-0.7055143489005502,-0.22160389312412318,1.1058765175829721,-0.10554796857855936,,,,Technology,Lam Research Corporation,0.0233,2026-10-02,False,max 6 positions in RISK_ON
GOOGL,No clean setup,False,49.56332833632243,,,False,True,favourable entry timing; volatility compression; Bollinger/Keltner squeeze on,343.5,325.49428344074056,5.2418388818804775,370.50857483888916,397.5171496777783,3.0245,1038.9157500000001,3815.4180918750003,199.99806904620596,1.0,11.446254275625003,0,No actionable pattern today.,Stop 325.5; to breakeven at +1.0R; trail 2.5×ATR from +1.0R; scale 1/2 at T1 (+1.5R); time-stop 15 bars if < +0.5R,,343.5,9.002858279629717,2.620919440940238,50.01208299972561,64.92194644025534,13.486928155266499,0.034341944367974775,0.8416976941386004,0.019579965020636525,-0.062050938602537076,0.16281602977917697,0.379255321076148,1.0136609066644362,9386006231.347504,1.0,0.0,0.0,0.0,0.24124948789625297,0.6548672566371682,0.24206437539839779,0.14921228097910388,-0.06751305755164264,0.6099243998383496,0.5426757931838521,0.34279159214954597,0.24858347541555598,,,,Communication Services,Alphabet Inc.,0.0149,2026-10-02,False,max 6 positions in RISK_ON
ARM,No clean setup,False,47.665654237126276,,,False,True,volume accumulation,307.489990234375,269.44317439736864,12.373351018030316,364.5602139898846,421.6304377453941,1.4313,440.11042302246096,1616.305528549988,199.9911565713202,1.0,4.848916585649964,0,No actionable pattern today.,Stop 269.4; to breakeven at +1.0R; trail 2.5×ATR from +1.0R; scale 1/2 at T1 (+1.5R); time-stop 15 bars if < +0.5R,55-day high sits before T1 (resistance),307.489990234375,19.023407918503185,6.18667550901516,58.51642888465341,85.32732657621423,19.617187946841657,1.172311898193107,0.6792356570420236,0.3092480176925547,-0.045773338030676736,1.0621687946866545,0.5617767853736424,1.0879770250374945,1720790021.6545105,0.0,0.0,0.0,1.0,0.1931643974568651,0.6460176991150443,0.1931643974568651,0.6795562568920078,0.28201746983925224,0.018364542084036567,-1.469077977715265,0.9226901558619843,,,,,,,,2026-10-02,False,max 6 positions in RISK_ON
AMAT,No clean setup,False,47.29136265216106,,,False,True,volume accumulation,540.0399780273438,471.6980990525203,12.654966623853001,642.5527964895789,745.065614951814,0.7968,430.3038544921875,1580.2909056225585,199.9852866663191,1.0,4.740872716867676,0,No actionable pattern today.,Stop 471.7; to breakeven at +1.0R; trail 2.5×ATR from +1.0R; scale 1/2 at T1 (+1.5R); time-stop 15 bars if < +0.5R,55-day high sits before T1 (resistance),540.0399780273438,19.52625113566383,3.6157047496722847,69.19770320062023,99.30635746485618,18.802576762021612,2.8531022624064577,0.7308900659264209,0.23167447099371863,-0.08801185994862659,0.5533318323201495,1.0248237725098925,0.9010719277487867,2960446695.2609253,0.0,1.0,0.0,0.0,0.18359293357249276,0.6283185840707964,0.18359293357249276,0.4016598788164896,0.2158173500840419,-0.9687170724282049,-0.18658658074232862,1.7655425251214938,,,,,,,,2026-10-02,False,max 6 positions in RISK_ON
CAT,No clean setup,False,46.31053162622054,,,False,True,volatility compression; volume accumulation; Bollinger/Keltner squeeze on,845.4199829101562,788.3736957593519,6.747686156463458,930.9894136363628,1016.5588443625693,0.9546,807.0379156860351,2963.8467453569638,199.99107653524464,1.0,8.891540236070892,0,No actionable pattern today.,Stop 788.4; to breakeven at +1.0R; trail 2.5×ATR from +1.0R; scale 1/2 at T1 (+1.5R); time-stop 15 bars if < +0.5R,,845.4199829101562,23.305265790717506,2.756649506969861,58.83339153670163,87.04551921251598,10.950773007381416,1.2227788668429804,0.7890264410410146,0.06707218615675736,-0.12674413355807534,0.1831807521813018,0.6626009265094717,0.8310961943296563,1887538344.5739746,1.0,1.0,0.0,0.0,0.15860906596200092,0.6017699115044248,0.15860906596200092,0.04710359057593281,-0.1419859997846694,-0.05258431340683683,0.8575298277150427,0.7509769884010273,,,,,,,,2026-10-02,False,max 6 positions in RISK_ON
ABNB,No clean setup,False,46.11073947915064,,,False,True,favourable entry timing,162.42999267578125,147.6719442837465,9.08579022194046,184.56706526383334,206.70413785188546,3.6901,599.3829159729004,2201.2337589104764,199.99948162914052,1.0,6.60370127673143,0,No actionable pattern today.,Stop 147.7; to breakeven at +1.0R; trail 2.5×ATR from +1.0R; scale 1/2 at T1 (+1.5R); time-stop 15 bars if < +0.5R,,162.42999267578125,5.312222865013953,3.270469189527963,46.116844601176055,91.63033134491229,22.48864907323494,-0.3439422742030198,0.8396354164366118,-0.11366366067569478,0.10010158747218756,0.2999599571264042,0.4982013976786357,0.8330255083434981,814592069.2205048,0.0,0.0,0.0,0.0,0.15353598355040518,0.5929203539823009,0.15353598355040518,0.07452755886822945,0.3621794896746041,0.5521075706605624,-0.38700560733194833,-0.2673717221786229,,,,,,,,2026-10-02,False,max 6 positions in RISK_ON
HON,No clean setup,False,45.98401519390633,,,False,True,favourable entry timing; volatility compression; volume accumulation,213.99000549316406,203.20595905765583,5.039509397018417,230.1660751464264,246.34214479968875,5.0499,1080.6281287399293,3968.60680279739,199.99831275768665,1.0,11.905820408392172,0,No actionable pattern today.,Stop 203.2; to breakeven at +1.0R; trail 2.5×ATR from +1.0R; scale 1/2 at T1 (+1.5R); time-stop 15 bars if < +0.5R,,213.99000549316406,4.336136913907958,2.0263268389170057,52.6516632811644,88.18724297852638,21.304919708215575,0.5435231227813452,0.8291417213430577,0.038433531748676364,-0.07158016450927651,-0.10317533909625154,0.011312013888930439,0.6832695903197857,617356343.4181213,0.0,0.0,0.0,0.0,0.1503208425193522,0.5752212389380531,0.1503208425193522,-0.12028926247498413,-0.455743627970513,0.6257383587496315,0.7392755305631501,0.9046212663434708,,,,,,,,2026-10-02,False,max 6 positions in RISK_ON
TSM,Extended (wait),False,44.97720533938573,Earnings in 10d — binary gap risk,2026-10-15,False,True,volume accumulation; quality/growth fundamentals; new 55-day high,472.7799987792969,435.5691352199058,7.870650969894746,528.5962941183835,584.4125894574702,1.4635,691.913528213501,2541.052432364082,199.99736791339768,1.0,7.623157297092247,15,Too far above the 21-EMA. Set an alert for a pullback toward it.,Stop 435.6; to breakeven at +1.0R; trail 2.5×ATR from +1.0R; scale 1/2 at T1 (+1.5R); time-stop 15 bars if < +0.5R,,472.7799987792969,10.631675302683178,2.248757419969929,71.67941161944358,98.45853479466443,17.48333351949236,2.7800302829758285,0.9896624571212077,0.1409105718407302,0.049266944835656634,0.40148200858834393,0.4517075744935981,0.8415077102139209,4465359388.865967,0.0,1.0,1.0,1.0,0.39402140391452684,0.7964601769911505,0.38627337236586984,0.6700076268950627,0.6216340648123648,-0.9992108713969401,0.2245142025048133,1.5323729200857734,0.6529646400534357,0.05759785228904809,5.419368869715329,0.7692307692307693,Technology,Taiwan Semiconductor Manufactur,0.0057,2026-10-02,False,max 6 positions in RISK_ON
COST,No clean setup,False,43.71302034416229,,,False,True,favourable entry timing; volume accumulation,920.6500244140625,879.1869393076304,4.503675012969325,982.8446520737107,1045.0392797333589,1.3134,1209.1817420654295,4440.71994773529,199.9955946820987,1.0,13.32215984320587,0,No actionable pattern today.,Stop 879.2; to breakeven at +1.0R; trail 2.5×ATR from +1.0R; scale 1/2 at T1 (+1.5R); time-stop 15 bars if < +0.5R,,920.6500244140625,15.652145113228425,1.700118904921559,51.37889864844428,71.12854201994527,13.01575811263358,0.3289011878827872,0.8409609983807743,-0.008433090879067184,-0.02960927760624521,-0.09015944118979036,0.01804916922959965,1.0832258120550573,2181253811.8554688,0.0,0.0,0.0,0.0,0.09299670751740606,0.5398230088495575,0.09299670751740606,-0.4713314782665493,-0.34487502546814086,0.7924949344470286,0.20246740739555955,1.157614371276597,,,,,,,,2026-10-02,False,max 6 positions in RISK_ON
PG,No clean setup,False,42.678740887084345,,,False,True,favourable entry timing; volume accumulation; Bollinger/Keltner squeeze on,144.91000366210938,140.17814135234806,3.2653800222065583,152.00779712675134,159.1055905913933,9.3952,1361.4584664062502,4999.956217876954,163.26757145762863,1.0,14.999868653630863,0,No actionable pattern today.,Stop 140.2; to breakeven at +1.0R; trail 2.5×ATR from +1.0R; scale 1/2 at T1 (+1.5R); time-stop 15 bars if < +0.5R,size capped at 25% of capital,144.91000366210938,2.365931154880657,1.63269001110328,46.62977921868995,42.84770047711611,7.778986191400645,-0.4948971152703132,0.8794683974395232,-0.018490895006942676,-0.02222384667457733,0.02774653825708584,-0.007823397571930957,0.8915018642501307,1165504161.969223,1.0,0.0,0.0,0.0,0.06703270512780429,0.5221238938053098,0.06703270512780429,-0.3349193415604445,-0.19058375574528869,0.6800314387466583,0.11862975434694706,0.5438828010396104,,,,,,,,2026-10-02,False,max 6 positions in RISK_ON
REGN,No clean setup,False,42.223044233149835,,,False,True,distribution in volume,735.2000122070312,691.9006700304676,5.889464289667423,800.1490254718767,865.0980387367222,1.2577,924.6610553527833,3395.817725783096,199.99547230219187,1.0,10.18745317734929,0,No actionable pattern today.,Stop 691.9; to breakeven at +1.0R; trail 2.5×ATR from +1.0R; scale 1/2 at T1 (+1.5R); time-stop 15 bars if < +0.5R,,735.2000122070312,21.649671088281842,2.9447321448337145,34.91457256446536,14.092604740273885,20.967053453789,-1.9211808865993802,0.8555402858369165,-0.13711960033410553,0.13272876706660752,-0.03241072092709796,0.42747450193373315,1.1805848150332856,588939642.9296875,0.0,0.0,0.0,1.0,0.05561276972205241,0.504424778761062,0.05561276972205241,0.5940948822541311,0.20968408385938525,-0.028833135937771873,-0.3887852445853657,-0.8354628678882824,,,,,,,,2026-10-02,False,max 6 positions in RISK_ON
BLK,No clean setup,False,41.9434764985174,,,False,True,volatility compression,1059.6300048828125,1013.4354416547426,4.359499354982751,1128.9218497249174,1198.2136945670222,1.1789,1249.1978127563477,4587.678967347687,199.99983499020178,1.0,13.763036902043064,0,No actionable pattern today.,Stop 1013; to breakeven at +1.0R; trail 2.5×ATR from +1.0R; scale 1/2 at T1 (+1.5R); time-stop 15 bars if < +0.5R,,1059.6300048828125,23.09728161403496,2.179749677491376,43.15825927637013,29.963154240796356,21.48784372587028,-0.7816900354017493,0.8871541967034082,-0.037948574154969106,0.05326074737137976,0.1081253694075055,-0.014113323763904062,0.8662688420544307,563565126.3641357,0.0,0.0,0.0,0.0,0.04861140369094711,0.49557522123893805,0.04861140369094711,-0.4057119331321008,0.007882121407155607,0.36574759796843337,0.7421744417588759,-0.11018604643763648,,,,,,,,2026-10-02,False,max 6 positions in RISK_ON
KLAC,No clean setup,False,39.633388794649434,,,False,True,volume accumulation,206.88999938964844,180.15814855431563,12.920803767313613,246.98777564264765,287.08555189564686,2.0372,421.4763067565918,1547.8717365635832,199.9974696510901,1.0,4.643615209690751,0,No actionable pattern today.,Stop 180.2; to breakeven at +1.0R; trail 2.5×ATR from +1.0R; scale 1/2 at T1 (+1.5R); time-stop 15 bars if < +0.5R,55-day high sits before T1 (resistance),206.88999938964844,7.637671667237942,3.69165821923246,67.24079015515582,96.12221116741985,15.3474767837759,2.428801297368912,0.673858379321925,0.20103335647928544,-0.11223764223029198,0.36723837520317626,0.5341825637175899,0.7738747937609899,1754304059.1024017,0.0,1.0,0.0,0.0,-0.009165444385496775,0.48672566371681414,-0.009165444385496775,0.1897171751929531,-0.2991853482780044,-0.7326718101819586,0.06986268000423629,1.324350500493832,,,,,,,,2026-10-02,False,max 6 positions in RISK_ON
UNP,No clean setup,False,38.959812018777974,,,False,True,favourable entry timing,278.2799987792969,267.00248485488373,4.052577969628823,295.1962696659166,312.1125405525363,4.8289,1343.7862861053466,4935.055135721885,199.99695721930092,1.0,14.805165407165656,0,No actionable pattern today.,Stop 267; to breakeven at +1.0R; trail 2.5×ATR from +1.0R; scale 1/2 at T1 (+1.5R); time-stop 15 bars if < +0.5R,,278.2799987792969,5.030099642965174,1.8075677968341997,44.63830699325345,91.5451075959742,32.267958381172335,-0.30898633070215703,0.8847476318937642,-0.039519593320871294,-0.01068184419562046,0.1483955899250966,0.2602723560127205,0.9995401316431236,692653040.7421875,0.0,0.0,0.0,0.0,-0.026008452085293263,0.4778761061946903,-0.026008452085293263,-0.5436741025421742,0.046451503310603916,0.5866380599280175,0.18462111077927643,-0.3014263705458102,,,,,,,,2026-10-02,False,max 6 positions in RISK_ON
JNJ,No clean setup,False,38.124844267606846,,,False,True,distribution in volume,256.0299987792969,245.7507224426207,4.014871845364148,271.4489132843111,286.86782778932536,5.2979,1356.421330532837,4981.457336381844,199.99912808722146,1.0,14.944372009145534,0,No actionable pattern today.,Stop 245.8; to breakeven at +1.0R; trail 2.5×ATR from +1.0R; scale 1/2 at T1 (+1.5R); time-stop 15 bars if < +0.5R,,256.0299987792969,5.139638168338083,2.007435922682075,32.63948033387864,1.2502487404955218,15.838768830006178,-2.043333402903932,0.9109118444073692,-0.06969221057118469,-0.007855823425204744,0.06473187373771094,0.5125615447512422,1.1420554289630602,1758857192.7301025,0.0,0.0,0.0,1.0,-0.04690089000728317,0.4690265486725664,-0.04690089000728317,0.18081943859780927,0.17451057638431175,-0.4318665145955718,0.3798901329155066,-0.9052127992368121,,,,,,,,2026-10-02,False,max 6 positions in RISK_ON
LIN,No clean setup,False,38.11803804945863,,,False,True,no dominant factor,479.4800109863281,453.20287123783424,5.480341024944864,518.8957206090689,558.3114302318097,2.0724,993.6743747680664,3649.269141335724,199.99239386327483,1.0,10.947807424007173,0,No actionable pattern today.,Stop 453.2; to breakeven at +1.0R; trail 2.5×ATR from +1.0R; scale 1/2 at T1 (+1.5R); time-stop 15 bars if < +0.5R,,479.4800109863281,8.268471103350535,1.7244662788635627,56.4321328500034,80.3623243988134,20.69730316094195,0.9344323424844653,0.8775246395481853,-0.0131110942772934,-0.11000704444594489,-0.03983238440631576,0.054906534392644035,1.0563515970323794,992450460.5506897,0.0,0.0,0.0,0.0,-0.04707128599108676,0.46017699115044247,-0.04707128599108676,-0.10189056238858964,-0.3639013795518672,0.2794872144837996,-0.0683806179903637,0.38611408199281755,,,,,,,,2026-10-02,False,max 6 positions in RISK_ON
AVGO,No clean setup,False,38.022775836951126,,,False,True,favourable entry timing; volatility compression,355.1400146484375,333.4093755345609,6.1188934554131595,387.73597331925237,420.33193199006723,2.506,889.9808767089843,3268.4547697137446,199.99326499715357,1.0,9.805364309141234,0,No actionable pattern today.,Stop 333.4; to breakeven at +1.0R; trail 2.5×ATR from +1.0R; scale 1/2 at T1 (+1.5R); time-stop 15 bars if < +0.5R,,355.1400146484375,10.865319556938275,3.0594467277065758,47.84851511291123,70.67483904226717,21.049382102163328,-0.08496619403357004,0.7198985815161214,-0.031187460179937343,-0.04844417497261788,0.1328877479865278,0.10770574453077164,0.9545711858993415,8862937644.396515,0.0,0.0,0.0,0.0,-0.049456394247008775,0.45132743362831856,-0.049456394247008775,-0.609942864422693,-0.4439505122940888,0.5922046439118975,0.8004826078706911,0.24532128186600022,,,,,,,,2026-10-02,False,max 6 positions in RISK_ON
MDT,No clean setup,False,37.86420428365377,,,False,True,no dominant factor,86.37999725341797,82.2702971217721,4.757698845010381,92.54454745088677,98.70909764835557,13.2512,1144.6386196044923,4203.6853304974975,199.99868841695027,1.0,12.611055991492494,0,No actionable pattern today.,Stop 82.27; to breakeven at +1.0R; trail 2.5×ATR from +1.0R; scale 1/2 at T1 (+1.5R); time-stop 15 bars if < +0.5R,,86.37999725341797,2.054850065822936,2.378849422505194,38.07322409980123,20.855907895352146,22.907634770014187,-1.3081500817007838,0.8393026951778887,-0.055235043055985256,0.0485003212085926,0.014362158142138481,-0.0036852382377200454,2.630935499806311,1236600181.5866852,0.0,0.0,0.0,0.0,-0.05342740416104395,0.4424778761061947,-0.05342740416104395,0.1300503016752685,-0.15319716206737863,0.20065120793138777,0.17826393002794258,-0.783767673395466,,,,,,,,2026-10-02,False,max 6 positions in RISK_ON
JPM,No clean setup,False,36.967859750605555,,,False,True,no dominant factor,332.3800048828125,319.4589647772451,3.887430024595784,351.7615650411636,371.14312519951466,4.0961,1361.4617380004881,4999.968232806793,194.3702663023825,1.0,14.99990469842038,0,No actionable pattern today.,Stop 319.5; to breakeven at +1.0R; trail 2.5×ATR from +1.0R; scale 1/2 at T1 (+1.5R); time-stop 15 bars if < +0.5R,size capped at 25% of capital,332.3800048828125,6.460520052783682,1.9437150122978888,34.50131263494323,34.75244072851784,24.018192394440405,-1.6730660381872329,0.9069031511127217,-0.06692492351972146,-0.015811904295241597,0.13912438862455745,0.16840381472889754,1.1995862632013188,2898683632.4742126,0.0,0.0,0.0,0.0,-0.07589663553696162,0.4336283185840708,-0.07589663553696162,-0.35344728702256656,0.03267236006916857,-0.07866839504593957,-0.3026817089652742,0.4387248911107022,,,,,,,,2026-10-02,False,max 6 positions in RISK_ON
TSLA,No clean setup,False,36.37167461047299,,,False,True,no dominant factor,370.5899963378906,342.76922217445025,7.507157354046436,412.3211575830512,454.05231882821175,1.9574,725.3928588317871,2664.005274059738,199.99106784376056,1.0,7.992015822179216,0,No actionable pattern today.,Stop 342.8; to breakeven at +1.0R; trail 2.5×ATR from +1.0R; scale 1/2 at T1 (+1.5R); time-stop 15 bars if < +0.5R,55-day high sits before T1 (resistance),370.5899963378906,12.443130833448995,3.3576542692490263,54.99157195561247,89.1978103953212,17.76011467038292,0.6380797085962812,0.7429184417809718,0.03803811153973191,-0.11715938243069457,0.02773232785589963,-0.22297911373088464,1.048892690422202,13895773544.57077,0.0,0.0,0.0,0.0,-0.09086785962973737,0.4247787610619469,-0.09086785962973737,0.11967034686356795,-0.7454657856269589,0.4827037794871897,0.4412022268832391,-0.2678770028116611,,,,,,,,2026-10-02,False,max 6 positions in RISK_ON
UNH,No clean setup,False,36.28166430080294,,,False,True,volatility compression,371.8999938964844,354.60972347723236,4.649172009415152,397.8353995253624,423.7708051542404,3.1496,1171.336220776367,4301.732270801208,199.9949326540686,1.0,12.905196812403625,0,No actionable pattern today.,Stop 354.6; to breakeven at +1.0R; trail 2.5×ATR from +1.0R; scale 1/2 at T1 (+1.5R); time-stop 15 bars if < +0.5R,,371.8999938964844,8.645135209625991,2.324586004707572,41.30442728185042,67.61835498554427,33.364691277432556,-0.7322195151853669,0.8106017826585825,-0.06372914936732821,-0.10478713788044591,0.3573077135553244,0.17080365114025042,0.877844047993742,1928570434.9398804,0.0,0.0,0.0,0.0,-0.09313032932051542,0.415929203539823,-0.09313032932051542,-0.620054401790272,-0.18610629498987385,0.26865850184962115,0.6681355124300854,-0.11079135871341157,,,,,,,,2026-10-02,False,max 6 positions in RISK_ON
ISRG,No clean setup,False,35.86041591926604,,,False,True,weak momentum; favourable entry timing; volume accumulation,391.95001220703125,369.43138974249587,5.74527918438764,425.7279459038343,459.5058796006374,2.4183,947.8527145202636,3480.9890940756677,199.99254183273328,1.0,10.442967282227006,0,No actionable pattern today.,Stop 369.4; to breakeven at +1.0R; trail 2.5×ATR from +1.0R; scale 1/2 at T1 (+1.5R); time-stop 15 bars if < +0.5R,55-day high sits before T1 (resistance),391.95001220703125,11.259311232267702,2.8726395921938233,51.21150787542293,5.681004260988573,14.89541101038383,-0.04490459129701735,0.6490528069116845,0.05396904125174262,-0.09444811042085466,-0.1329882410758345,-0.15103644044268738,0.7369749169639754,931017213.4895325,0.0,0.0,0.0,0.0,-0.10372703446935383,0.40707964601769914,-0.10372703446935383,-0.5331188508618033,-0.9646165179703261,0.7716252814953322,-0.193793242819207,1.6843180414708003,,,,,,,,2026-10-02,False,max 6 positions in RISK_ON
ACN,No clean setup,False,35.50710384605209,,,False,True,no dominant factor,198.89999389648438,169.61915729151485,14.721386376818321,242.82124880393866,286.74250371139294,1.8598,369.9142086486816,1358.509931262283,199.9914959485697,1.0,4.07552979378685,0,No actionable pattern today.,Stop 169.6; to breakeven at +1.0R; trail 2.5×ATR from +1.0R; scale 1/2 at T1 (+1.5R); time-stop 15 bars if < +0.5R,55-day high sits before T1 (resistance),198.89999389648438,9.963373275346871,5.009237597328542,59.076188692528746,54.51218045248944,18.428654687298987,1.3082972786883742,0.697374091707052,0.05978261753284353,0.4697109063016749,0.008288081292318061,-0.21403543838795103,1.9519093462661856,1306194330.9287262,0.0,0.0,0.0,1.0,-0.11262619069971427,0.39823008849557523,-0.11262619069971427,0.47836619082037773,0.13703904878972967,0.05533459368738007,-1.7169125679940613,-0.5664288517498023,,,,,,,,2026-10-02,False,max 6 positions in RISK_ON
PGR,No clean setup,False,34.88985067581075,,,False,True,favourable entry timing,210.30999755859375,199.73717584488202,5.027255877726914,226.16923012916135,242.02846269972895,5.1508,1083.2647354248047,3978.289740847595,199.99880482976752,1.0,11.934869222542787,0,No actionable pattern today.,Stop 199.7; to breakeven at +1.0R; trail 2.5×ATR from +1.0R; scale 1/2 at T1 (+1.5R); time-stop 15 bars if < +0.5R,55-day high sits before T1 (resistance),210.30999755859375,4.503582403061968,2.1414019567981977,46.999160497115874,60.744821707693674,14.705270397355712,-0.2954871374630833,0.8789852516936562,-0.049546039161427635,-0.09176199034213328,0.07813030201530746,-0.04340173732284891,1.1592293090598704,605939943.9174652,0.0,0.0,0.0,0.0,-0.12820135694745147,0.3893805309734513,-0.12820135694745147,-0.39620144206081737,-0.3014065258661144,0.7734834788946989,-0.050317174756186266,-0.589599700378553,,,,,,,,2026-10-02,False,max 6 positions in RISK_ON
XLI,No clean setup,False,34.59743736909521,,,False,True,no dominant factor,169.9499969482422,165.20725036092713,2.790671769626124,177.06411682921475,184.17823671018735,8.011,1361.469425552368,4999.996465341072,139.53348984057732,1.0,14.999989396023217,0,No actionable pattern today.,Stop 165.2; to breakeven at +1.0R; trail 2.5×ATR from +1.0R; scale 1/2 at T1 (+1.5R); time-stop 15 bars if < +0.5R,size capped at 25% of capital,169.9499969482422,2.3713732936575216,1.3953358848130588,44.55566047659987,77.16153638988072,29.354498689194777,-0.35187045476409,0.9055037811968669,-0.013735638285767293,-0.08166222305187287,0.04308494144528585,0.1332032982928435,1.0776903446567545,1260940067.3651886,0.0,0.0,0.0,0.0,-0.13559340642234768,0.3805309734513274,-0.13559340642234768,-0.605089959018963,-0.1655257551637095,0.4965045027430486,-0.20749626472954166,0.0019865651833871115,,,,,,,,2026-10-02,False,max 6 positions in RISK_ON
SNPS,Extended (wait),False,33.129444041119235,,,False,True,volume accumulation,489.8999938964844,423.22287385285756,13.610353311765026,589.9156739619245,689.9313540273648,0.8167,400.1013250152588,1469.3721161185379,199.98673646829124,1.0,4.408116348355614,15,Too far above the 21-EMA. Set an alert for a pullback toward it.,Stop 423.2; to breakeven at +1.0R; trail 2.5×ATR from +1.0R; scale 1/2 at T1 (+1.5R); time-stop 15 bars if < +0.5R,55-day high sits before T1 (resistance),489.8999938964844,19.05060572675051,3.888672374790006,74.10209040874113,95.75256107563854,20.414939751575837,3.5076281989432765,0.9080967072602287,0.17772914503167714,0.10769440854224488,0.23727738045965574,-0.14896271889282087,1.761258796558858,995838482.8056335,0.0,0.0,0.0,1.0,-0.1728573856003025,0.37168141592920356,-0.1728573856003025,0.27442588434118315,0.1646228159157702,-1.3176491118367437,-1.5531187599141076,1.1863245343950115,,,,,,,,2026-10-02,False,max 6 positions in RISK_ON
GE,No clean setup,False,31.045009309561394,,,False,True,volatility compression,309.55999755859375,292.54979703490454,5.494960801732628,335.07529834412753,360.59059912966137,3.2015,991.0563321838379,3639.6543799451442,199.99758149653042,1.0,10.918963139835434,0,No actionable pattern today.,Stop 292.5; to breakeven at +1.0R; trail 2.5×ATR from +1.0R; scale 1/2 at T1 (+1.5R); time-stop 15 bars if < +0.5R,,309.55999755859375,8.505100261844609,2.747480400866316,34.781857478614384,5.767332652419682,24.483865908774664,-1.4404639037797489,0.7961115123805195,-0.060515940641597155,-0.1825287748338127,0.10238251448310898,0.09933913739030853,1.0183610823244202,1407372771.5011597,0.0,0.0,0.0,0.0,-0.22631564406579585,0.36283185840707965,-0.22631564406579585,-0.573719036895234,-0.5501649452932997,-0.06939340010001785,0.7015892116450659,0.11482617300231075,,,,,,,,2026-10-02,False,max 6 positions in RISK_ON
SBUX,No clean setup,False,30.389567391102155,,,False,True,volatility compression,94.70999908447266,90.6486600888327,4.28818396674,100.80200757793259,106.89401607139253,13.409,1269.966377723694,4663.951522190266,199.99882139108917,1.0,13.9918545665708,0,No actionable pattern today.,Stop 90.65; to breakeven at +1.0R; trail 2.5×ATR from +1.0R; scale 1/2 at T1 (+1.5R); time-stop 15 bars if < +0.5R,,94.70999908447266,2.0306694978199777,2.144091983369999,35.12666801268716,49.47330304006288,36.76922474370828,-1.2645569440948206,0.8619496681963182,-0.11253749998927653,-0.06714268044094229,0.06022310769902206,0.29672265216602134,0.8985538398462145,680130958.6953735,0.0,0.0,0.0,0.0,-0.2432869273754035,0.35398230088495575,-0.2432869273754035,-0.7060589239628835,-0.13943992729859694,-0.046941336610981224,0.5253783758263164,-0.6405441237408126,,,,,,,,2026-10-02,False,max 6 positions in RISK_ON
TJX,No clean setup,False,30.270454014685818,,,False,True,favourable entry timing,132.67999267578125,126.33506474745369,4.78212863926826,142.19738456827258,151.71477646076394,8.583,1138.7923771362305,4182.215005032806,199.9989015114483,1.0,12.54664501509842,0,No actionable pattern today.,Stop 126.3; to breakeven at +1.0R; trail 2.5×ATR from +1.0R; scale 1/2 at T1 (+1.5R); time-stop 15 bars if < +0.5R,,132.67999267578125,2.859753217216494,2.1553763755509308,48.4256378576914,45.48851973193759,29.994858856486136,0.19648874680671619,0.7829331055320966,0.010433288726368062,-0.12035805942764355,-0.17208401113813598,-0.07904652694652436,1.0029874315380272,1189386738.6281204,0.0,0.0,0.0,0.0,-0.24638047283325737,0.34513274336283184,-0.24638047283325737,-0.931315689345812,-0.725199652823338,0.9765722908311834,0.039989956191442085,0.19973833564569285,,,,,,,,2026-10-02,False,max 6 positions in RISK_ON
CDNS,No clean setup,False,30.17564647736711,,,False,True,volume accumulation,351.3500061035156,308.04069112098574,12.326544536837147,416.3139785773104,481.2779510511053,1.2574,441.7874976745606,1622.4645852098238,199.99381969029898,1.0,4.867393755629472,0,No actionable pattern today.,Stop 308; to breakeven at +1.0R; trail 2.5×ATR from +1.0R; scale 1/2 at T1 (+1.5R); time-stop 15 bars if < +0.5R,55-day high sits before T1 (resistance),351.3500061035156,12.374089995008543,3.521869867667757,70.80559570534197,97.5916054093531,25.82573915061635,2.7607050446416213,0.8431927909115637,0.14569403828036775,-0.06498651734869587,0.2605841151145116,-0.12870411579355978,1.0344321947316495,849097182.3059082,0.0,0.0,0.0,0.0,-0.248844890354705,0.336283185840708,-0.248844890354705,-0.12553952052590153,-0.25342697021211863,-0.8687910352171475,-1.2917256187405064,1.4887995153106874,,,,,,,,2026-10-02,False,max 6 positions in RISK_ON
LMT,No clean setup,False,27.88445763357256,,,False,True,volatility compression,505.4100036621094,482.1780898664663,4.596647004869087,540.257874355574,575.1057450490387,2.3441,1184.7315895843506,4350.926762748527,199.99674472392772,1.0,13.052780288245582,0,No actionable pattern today.,Stop 482.2; to breakeven at +1.0R; trail 2.5×ATR from +1.0R; scale 1/2 at T1 (+1.5R); time-stop 15 bars if < +0.5R,,505.4100036621094,11.61595689782154,2.2983235024345423,31.098369529332714,0.652169480879266,36.38758464309714,-1.7684666863432703,0.7396895806361256,-0.04917690665255081,-0.05476566328482224,-0.17810938819619715,0.09275537148022428,0.9923396189991488,642134144.7271729,0.0,0.0,0.0,0.0,-0.30903456132643836,0.3274336283185841,-0.30903456132643836,-0.7430505922559998,-0.617709110221016,0.022898063677332194,1.0445348600734117,-0.5207844861363767,,,,,,,,2026-10-02,False,max 6 positions in RISK_ON
EFA,No clean setup,False,27.876497527808333,,,False,True,distribution in volume,103.95999908447266,101.57364990897072,2.2954494002668344,107.53952284772555,111.11904661097846,13.096,1361.460148010254,4999.962393567657,114.77160677671603,1.0,14.999887180702974,0,No actionable pattern today.,Stop 101.6; to breakeven at +1.0R; trail 2.5×ATR from +1.0R; scale 1/2 at T1 (+1.5R); time-stop 15 bars if < +0.5R,size capped at 25% of capital,103.95999908447266,1.193174587750965,1.1477247001334152,42.22994426016908,59.19076349192279,22.0381730866938,-1.1306285315481641,0.9547249487298238,-0.02895571216900572,-0.014223402361292603,0.07760319608862232,0.17617208028692333,1.8577647971652715,1498433614.7190857,0.0,0.0,0.0,0.0,-0.30924598582185403,0.3185840707964602,-0.30924598582185403,-0.4523736667490917,0.09895308937382286,0.20588445624752597,-1.1195806842785232,-1.0058492766039713,,,,,,,,2026-10-02,False,max 6 positions in RISK_ON
WMT,No clean setup,False,27.422452678739972,,,False,True,volatility compression,104.26000213623047,99.91763252122311,4.1649429561045235,110.7735565587415,117.28711098125254,12.5412,1307.5455387908935,4801.960991209557,199.99893605826938,1.0,14.405882973628673,0,No actionable pattern today.,Stop 99.92; to breakeven at +1.0R; trail 2.5×ATR from +1.0R; scale 1/2 at T1 (+1.5R); time-stop 15 bars if < +0.5R,,104.26000213623047,2.1711848075036797,2.082471478052263,40.16709152530465,19.50932567340061,10.960911812798507,-1.2459060645864353,0.7732287687013829,-0.017249451077665512,-0.05549387741448153,-0.1675884640405827,0.049266705502047925,0.9601102166722895,2389803156.0884476,0.0,0.0,0.0,0.0,-0.3213348009291446,0.30973451327433627,-0.3213348009291446,-0.8335941140873768,-0.5643376601269176,0.19041474084578566,0.5633208584014677,-0.341588998611255,,,,,,,,2026-10-02,False,max 6 positions in RISK_ON
GLD,No clean setup,False,27.265692227420296,,,False,True,no dominant factor,380.1400146484375,366.1749692403668,3.673658354800112,401.08758276054357,422.0351508726496,3.5814,1361.433448461914,4999.8643394763785,183.67793403584542,1.0,14.999593018429138,0,No actionable pattern today.,Stop 366.2; to breakeven at +1.0R; trail 2.5×ATR from +1.0R; scale 1/2 at T1 (+1.5R); time-stop 15 bars if < +0.5R,size capped at 25% of capital,380.1400146484375,6.982522704035335,1.836829177400053,38.80547140457162,28.278495463487218,17.852423874755733,-1.684984014840481,0.7458112724039553,-0.05620930582321426,-0.005207626223921569,-0.1147388011305881,0.13130915979071855,0.9139844478049356,3447219397.062378,0.0,0.0,0.0,0.0,-0.32552209214567335,0.3008849557522124,-0.32552209214567335,-0.7720847117727815,-0.45789967371049667,0.04923538128386809,0.3767085970880384,-0.3658197983574227,,,,,,,,2026-10-02,False,max 6 positions in RISK_ON
SCHW,No clean setup,False,26.866910680126523,,,False,True,no dominant factor,96.69999694824219,92.27958075564642,4.571268182109411,103.33062123713583,109.96124552602949,12.3198,1191.3246224029542,4375.139675774849,199.9993679215405,1.0,13.125419027324549,0,No actionable pattern today.,Stop 92.28; to breakeven at +1.0R; trail 2.5×ATR from +1.0R; scale 1/2 at T1 (+1.5R); time-stop 15 bars if < +0.5R,,96.69999694824219,2.2102080962978805,2.285634091054703,29.90846215826349,16.607912940117984,27.341106050889437,-2.5133761570230937,0.8443202477857902,-0.10661494034812846,-0.036156098663441716,0.037964895787183206,0.18832989915234366,0.991149728991067,879261311.6099548,0.0,0.0,0.0,0.0,-0.33620662988669636,0.2920353982300885,-0.33620662988669636,-0.3173437566196226,-0.18668565544049906,-0.5393928085415512,-0.1241579316185383,-0.6550042428222129,,,,,,,,2026-10-02,False,max 6 positions in RISK_ON
WFC,No clean setup,False,26.84012721664792,,,False,True,no dominant factor,80.44999694824219,76.73419506808905,4.618771934253412,86.02369976847189,91.5974025887016,14.656,1179.0751552734375,4330.153507741699,199.9999149256633,1.0,12.9904605232251,0,No actionable pattern today.,Stop 76.73; to breakeven at +1.0R; trail 2.5×ATR from +1.0R; scale 1/2 at T1 (+1.5R); time-stop 15 bars if < +0.5R,,80.44999694824219,1.857900940076568,2.3093859671267056,33.70420871589454,51.69928488265501,24.60257283068001,-1.8359056796297963,0.8364812153414038,-0.09880138934125593,-0.07476413366365953,0.009608703624004677,0.12794214995615305,1.0834082584095213,1168283708.3458328,0.0,0.0,0.0,0.0,-0.3369259441169932,0.2831858407079646,-0.3369259441169932,-0.5442471983576574,-0.31892461908904934,-0.13785990011638116,-0.041698235117389855,-0.5611135232060457,,,,,,,,2026-10-02,False,max 6 positions in RISK_ON
ADBE,No clean setup,False,26.624950630415746,,,False,True,no dominant factor,237.69000244140625,219.36153978977373,7.711078490207316,265.182696418855,292.6753903963038,2.9712,706.2245352539063,2593.6096057199707,199.99527242662344,1.0,7.780828817159914,0,No actionable pattern today.,Stop 219.4; to breakeven at +1.0R; trail 2.5×ATR from +1.0R; scale 1/2 at T1 (+1.5R); time-stop 15 bars if < +0.5R,,237.69000244140625,9.164231325816266,3.85553924510366,41.01981546747945,39.5654422431211,22.735256933589636,-1.0447888260882217,0.6535331164798105,-0.1504700125728622,0.08997108478112348,-0.021529704293434593,-0.18599439208872726,0.8504955971927577,1399978278.7765503,0.0,0.0,0.0,0.0,-0.34271282597310254,0.2743362831858407,-0.34271282597310254,-0.7408842953097067,-0.5721454118104439,0.34934712476033025,-0.05735010150783011,-0.2962410732719621,,,,,,,,2026-10-02,False,max 6 positions in RISK_ON
RTX,No clean setup,False,26.221922160607356,,,False,True,volatility compression,184.67999267578125,177.45925363541065,3.9098653491107287,195.51110123633714,206.34220979689306,7.372,1361.4609060058594,4999.965177306519,195.49190593511037,1.0,14.999895531919558,0,No actionable pattern today.,Stop 177.5; to breakeven at +1.0R; trail 2.5×ATR from +1.0R; scale 1/2 at T1 (+1.5R); time-stop 15 bars if < +0.5R,size capped at 25% of capital,184.67999267578125,3.6103695201853028,1.954932674555365,24.057914793752616,2.780997844864615,45.084723158656374,-2.3548280094653578,0.8156883074450839,-0.0801873005349164,-0.07983562134155187,-0.05170311959990215,0.21866123694182504,0.8453135263228565,758648876.9794464,0.0,0.0,0.0,0.0,-0.3535906273028471,0.26548672566371684,-0.3535906273028471,-0.7765075916912828,-0.36562214085959344,-0.6612327738457204,0.5739410576131164,0.056253620264236415,,,,,,,,2026-10-02,False,max 6 positions in RISK_ON
XLP,No clean setup,False,26.069670436162333,,,False,True,no dominant factor,80.52999877929688,78.62675070005906,2.363402592931754,83.3848708981536,86.23974301701031,16.9063,1361.4643183624269,4999.977709186012,118.16960282491195,1.0,14.999933127558041,0,No actionable pattern today.,Stop 78.63; to breakeven at +1.0R; trail 2.5×ATR from +1.0R; scale 1/2 at T1 (+1.5R); time-stop 15 bars if < +0.5R,size capped at 25% of capital,80.52999877929688,0.9516240396189085,1.18170129646588,34.77041239404849,30.6526910777781,16.759860857707693,-1.8954276875813727,0.9106000991746596,-0.0522666992297981,-0.03615187909341244,-0.003271898247732219,0.1156940513093403,1.1932359381939022,909453754.7236252,0.0,0.0,0.0,0.0,-0.35771345734377585,0.25663716814159293,-0.35771345734377585,-0.4576372290706575,-0.11129163864290242,-0.25575506455439173,-0.5709597807932625,-0.7136117263767853,,,,,,,,2026-10-02,False,max 6 positions in RISK_ON
IWM,No clean setup,False,24.88945389409477,,,False,True,no dominant factor,281.5199890136719,274.3068250336646,2.5622208942530764,292.3397349836828,303.1594809536937,4.8361,1361.4588188690186,4999.957512296471,128.10995608383652,1.0,14.999872536889413,0,No actionable pattern today.,Stop 274.3; to breakeven at +1.0R; trail 2.5×ATR from +1.0R; scale 1/2 at T1 (+1.5R); time-stop 15 bars if < +0.5R,size capped at 25% of capital,281.5199890136719,3.606581990003645,1.2811104471265424,40.03287899605597,84.2769230621439,37.09857614612736,-0.8966561940745331,0.924881222808249,-0.039980755587742944,-0.0556866469625209,0.12589633819484525,0.22159035326048082,1.2551592230372026,6913608979.190216,0.0,0.0,0.0,0.0,-0.3899387073694695,0.24778761061946902,-0.3899387073694695,-0.6671554748291314,0.015709616425488265,-0.09297454083205155,-0.9101395178081475,-0.7748714213049887,,,,,,,,2026-10-02,False,max 6 positions in RISK_ON
SLV,No clean setup,False,24.77230643320236,,,False,True,weak momentum; volatility compression,54.7400016784668,51.333624558506614,6.2228297689295795,59.84956735840707,64.95913303834735,15.9873,875.1448288341522,3213.969383893424,199.99984358520257,1.0,9.641908151680274,0,No actionable pattern today.,Stop 51.33; to breakeven at +1.0R; trail 2.5×ATR from +1.0R; scale 1/2 at T1 (+1.5R); time-stop 15 bars if < +0.5R,,54.7400016784668,1.7031885599800904,3.1114148844647875,40.22260288837025,31.39584158034225,13.276377509527979,-1.5128333064903867,0.4984066353988618,-0.0733028278098471,-0.02441630577405518,-0.1679586423968661,0.3766021884147528,1.0227036908536937,897374624.2759705,0.0,0.0,0.0,0.0,-0.3931642805558357,0.23893805309734514,-0.3931642805558357,-0.7857380486020401,-0.9166701417196603,0.21948682628627672,0.7368706792462896,-0.3482637116191589,,,,,,,,2026-10-02,False,max 6 positions in RISK_ON
ABT,No clean setup,False,24.66480302723601,,,False,True,no dominant factor,97.5,92.90469831058091,4.713129937865731,104.39295253412863,111.28590506825726,11.8509,1155.46275,4243.436949374999,199.9986972554494,1.0,12.730310848125,0,No actionable pattern today.,Stop 92.9; to breakeven at +1.0R; trail 2.5×ATR from +1.0R; scale 1/2 at T1 (+1.5R); time-stop 15 bars if < +0.5R,,97.5,2.2976508447095436,2.356564968932865,29.73415876735413,33.05151614857094,31.723632203238374,-2.1380003408764203,0.7368958078963842,-0.11740745068691483,0.026826322998503294,-0.03945327054018055,-0.15319260974850046,0.9412857868764606,903205992.0591736,0.0,0.0,0.0,0.0,-0.3961287781565164,0.23008849557522124,-0.3961287781565164,-0.603147335253161,-0.5089269147296576,-0.5547173823795631,0.36939832413236445,-0.2277405184846849,,,,,,,,2026-10-02,False,max 6 positions in RISK_ON
XLB,No clean setup,False,23.814424631448148,,,False,True,distribution in volume,48.86000061035156,47.353406191412546,3.083492427586722,51.11989223876009,53.37978386716861,27.8647,1361.4692590072632,4999.995853704174,154.17449352861826,1.0,14.999987561112523,0,No actionable pattern today.,Stop 47.35; to breakeven at +1.0R; trail 2.5×ATR from +1.0R; scale 1/2 at T1 (+1.5R); time-stop 15 bars if < +0.5R,size capped at 25% of capital,48.86000061035156,0.7532972094695065,1.5417462137933575,35.19581914891718,55.80097921720487,20.30384700841696,-1.610759561463565,0.905791755505945,-0.07299612453959592,-0.05569727239162059,-0.022646605229717842,0.21019202171891305,1.2786938757406394,582577866.6271019,0.0,0.0,0.0,0.0,-0.41973441798159244,0.22123893805309736,-0.41973441798159244,-0.501867194986625,-0.12272011015790604,-0.3242978181087768,-0.5058114072942435,-1.0550825440273155,,,,,,,,2026-10-02,False,max 6 positions in RISK_ON
XLY,No clean setup,False,23.236459572973196,,,False,True,distribution in volume,110.04000091552734,106.98252747999369,2.7785109142999134,114.62621106882781,119.2124212221283,12.3725,1361.469911327362,4999.998249349737,138.92549707298704,1.0,14.999994748049215,0,No actionable pattern today.,Stop 107; to breakeven at +1.0R; trail 2.5×ATR from +1.0R; scale 1/2 at T1 (+1.5R); time-stop 15 bars if < +0.5R,size capped at 25% of capital,110.04000091552734,1.5287367177668254,1.389255457149956,41.57656358113247,85.76902626547579,24.092583618220413,-0.8341367209652276,0.8857219607500707,-0.039854092489970405,-0.06548296710826196,0.021748626184068698,-0.04164705963413018,1.1433141133721527,746984647.0818329,0.0,0.0,0.0,0.0,-0.43594354767189625,0.21238938053097345,-0.43594354767189625,-0.844776860790625,-0.27520946986577,0.08016626006339843,-0.321749069787964,-0.908471305436628,,,,,,,,2026-10-02,False,max 6 positions in RISK_ON
MELI,No clean setup,False,23.21115232264699,,,False,True,no dominant factor,1696.56005859375,1586.011321750251,6.5160520715742285,1862.3831638589986,2028.206269124247,0.4926,835.7254848632812,3069.2018431604,199.99079028204767,1.0,9.207605529481203,0,No actionable pattern today.,Stop 1586; to breakeven at +1.0R; trail 2.5×ATR from +1.0R; scale 1/2 at T1 (+1.5R); time-stop 15 bars if < +0.5R,,1696.56005859375,55.27436842174951,3.2580260357871147,33.48743264295763,35.681501861241486,24.826148625713365,-1.776404235592397,0.698747964824444,-0.15450164172400827,-0.06043152267918661,-0.011052019633487342,-0.0782439158860927,1.063925321098148,1171575678.1396484,0.0,0.0,0.0,0.0,-0.43665648926123773,0.20353982300884957,-0.43665648926123773,-0.7503677366453646,-0.6894573898623497,-0.10324795020351432,0.10392324322741878,-0.21792428406544573,,,,,,,,2026-10-02,False,max 6 positions in RISK_ON
UBER,No clean setup,False,21.43694261783046,,,False,True,weak momentum; volatility compression; distribution in volume,68.11000061035156,64.42733339962592,5.4069405046605405,73.63400142644002,79.15800224252848,14.7878,1007.1970670257568,3698.9312286520917,199.99901084152776,1.0,11.096793685956277,0,No actionable pattern today.,Stop 64.43; to breakeven at +1.0R; trail 2.5×ATR from +1.0R; scale 1/2 at T1 (+1.5R); time-stop 15 bars if < +0.5R,,68.11000061035156,1.841333605362823,2.7034702523302747,36.83137405884916,38.432046153680616,24.882317449580565,-1.3810193120401597,0.6723925350860266,-0.10909086554361713,-0.05951391421661123,-0.0519208785868458,-0.20867408689312517,0.8570474402868532,1355510551.322937,0.0,0.0,0.0,0.0,-0.4873563435615329,0.19469026548672566,-0.4873563435615329,-0.8614771575618023,-0.8308284285896179,-0.031068665872007517,0.969312304182862,-1.0215346672694643,,,,,,,,2026-10-02,False,max 6 positions in RISK_ON
MS,No clean setup,False,20.83211935628334,,,False,True,distribution in volume,190.30999755859375,180.82420846295338,4.9843882178180525,204.5386812020543,218.76736484551486,5.741,1092.5696959838867,4012.462208500824,199.99669356491708,1.0,12.037386625502474,0,No actionable pattern today.,Stop 180.8; to breakeven at +1.0R; trail 2.5×ATR from +1.0R; scale 1/2 at T1 (+1.5R); time-stop 15 bars if < +0.5R,,190.30999755859375,4.74289454782018,2.4921941089090236,30.018028255270508,59.75441169454376,36.50618605671067,-2.0887433721871753,0.8239294063202846,-0.10154852715447726,-0.13841692307054643,0.16027967302328605,0.3807242373079438,1.3008142716338191,1119782445.4270172,0.0,0.0,0.0,0.0,-0.5049872621734529,0.18584070796460178,-0.5049872621734529,-0.7072143709892211,-0.24158944414598266,-0.5367979688489862,0.05297074957555506,-1.2692695413462995,,,,,,,,2026-10-02,False,max 6 positions in RISK_ON
GS,No clean setup,False,20.55786431580644,,,False,True,distribution in volume,902.5599975585938,854.7978465332375,5.2918533011159266,974.2032240966282,1045.8464506346627,1.1402,1029.0989092163086,3779.365744096893,199.99849089023598,1.0,11.338097232290682,0,No actionable pattern today.,Stop 854.8; to breakeven at +1.0R; trail 2.5×ATR from +1.0R; scale 1/2 at T1 (+1.5R); time-stop 15 bars if < +0.5R,,902.5599975585938,23.88107551267814,2.6459266505579637,32.13762195981785,46.0739044274458,32.96003809662028,-2.016045570686027,0.7859516763810489,-0.10141174716221646,-0.14053925214839857,0.055545102249277,0.30383466312225305,0.9694375024376194,2041621826.5100098,0.0,0.0,0.0,0.0,-0.5130448429985182,0.17699115044247787,-0.5130448429985182,-0.7392998201060219,-0.4267105161663253,-0.49278680847465395,0.15839239348905318,-0.9781949941373589,,,,,,,,2026-10-02,False,max 6 positions in RISK_ON
AXP,No clean setup,False,19.82592131341836,,,False,True,no dominant factor,302.7799987792969,291.1712188254932,3.8340643373426926,320.1931687100024,337.60633864070786,4.4965,1361.4502645111083,4999.926096417045,191.70038335621655,1.0,14.999778289251138,0,No actionable pattern today.,Stop 291.2; to breakeven at +1.0R; trail 2.5×ATR from +1.0R; scale 1/2 at T1 (+1.5R); time-stop 15 bars if < +0.5R,size capped at 25% of capital,302.7799987792969,5.804389976901828,1.9170321686713456,32.807173717610056,33.848679193702424,30.515637767686435,-1.747784535595958,0.7877500109001863,-0.08242927238449671,-0.1495660483177702,0.011422561477987703,0.01506452166773542,1.2109126476729046,1041598690.332489,0.0,0.0,0.0,0.0,-0.5347507095087051,0.168141592920354,-0.5347507095087051,-0.9324999476060241,-0.606438122121125,-0.15939149183667597,-0.04170184279296601,-0.6161213950067992,,,,,,,,2026-10-02,False,max 6 positions in RISK_ON
ORCL,No clean setup,False,19.694763117831435,,,False,True,weak momentum; favourable entry timing,142.3000030517578,128.5592462009943,9.656188725284627,162.91113832790307,183.52227360404837,3.9633,563.9776020950317,2071.207743694004,199.9997286238025,1.0,6.213623231082013,0,No actionable pattern today.,Stop 128.6; to breakeven at +1.0R; trail 2.5×ATR from +1.0R; scale 1/2 at T1 (+1.5R); time-stop 15 bars if < +0.5R,,142.3000030517578,6.870378425381765,4.828094362642318,48.31491621728166,89.80275945172583,11.472340219167974,-0.13135430013594065,0.44544109280549854,-0.023670648015383766,-0.006712152106469027,-0.021083638294301155,-0.4899442594304707,1.0732409865411365,5304588783.418121,0.0,0.0,0.0,0.0,-0.538672240703054,0.1592920353982301,-0.538672240703054,-0.5586222517231868,-1.2653718407058934,0.7115812295079251,-0.36168847445678437,-0.7343871902184279,,,,,,,,2026-10-02,False,max 6 positions in RISK_ON
BAC,No clean setup,False,19.12217874213783,,,False,True,no dominant factor,53.75,51.45761217565224,4.264907580181885,57.18858173652164,60.62716347304329,23.7563,1276.9011249999999,4689.419381562499,199.99940267077753,1.0,14.0682581446875,0,No actionable pattern today.,Stop 51.46; to breakeven at +1.0R; trail 2.5×ATR from +1.0R; scale 1/2 at T1 (+1.5R); time-stop 15 bars if < +0.5R,,53.75,1.146193912173882,2.1324537900909433,22.30981826194828,6.226727091521923,42.30580506866543,-3.16756227524642,0.828211477012814,-0.13699301270240127,-0.09809291827452815,0.09973540457827124,0.25512700627666773,1.1529439995455664,2252380355.845108,0.0,0.0,0.0,0.0,-0.555910954619925,0.1504424778761062,-0.555910954619925,-0.7250741451387779,-0.2594569291204957,-0.9687480945282765,-0.30010251036172875,-0.5952723717264604,,,,,,,,2026-10-02,False,max 6 positions in RISK_ON
SPGI,No clean setup,False,18.716389341808075,,,False,True,distribution in volume,386.2699890136719,367.08582409042515,4.966517065494236,415.04623639854196,443.82248378341205,2.8387,1096.5046178131104,4026.913208918648,199.99733173358618,1.0,12.080739626755944,0,No actionable pattern today.,Stop 367.1; to breakeven at +1.0R; trail 2.5×ATR from +1.0R; scale 1/2 at T1 (+1.5R); time-stop 15 bars if < +0.5R,,386.2699890136719,9.592082461623363,2.483258532747118,31.946587067188958,8.251238090397308,20.170039454558804,-1.9751411997507897,0.7444273771302337,-0.10525585078133304,-0.13434712507287982,-0.048713640092798105,-0.04420968524052704,1.3883232570929571,786127033.5939026,0.0,0.0,0.0,0.0,-0.568249012172216,0.1415929203539823,-0.568249012172216,-0.7982929451314311,-0.7349304123644372,-0.2595917907089654,0.35328092451727205,-1.0759734146575963,,,,,,,,2026-10-02,False,max 6 positions in RISK_ON
XLF,No clean setup,False,17.080399924379567,,,False,True,distribution in volume,53.4900016784668,52.08186132515401,2.6325300226708657,55.60221220843598,57.71442273840516,25.4528,1361.4703147216796,4999.999730815368,131.62649404717703,1.0,14.999999192446104,0,No actionable pattern today.,Stop 52.08; to breakeven at +1.0R; trail 2.5×ATR from +1.0R; scale 1/2 at T1 (+1.5R); time-stop 15 bars if < +0.5R,size capped at 25% of capital,53.4900016784668,0.7040701766563936,1.3162650113354317,27.510594261128418,23.98088986687189,34.180228279313816,-2.397907453778521,0.91602925288324,-0.06903723271328832,-0.043831299344562535,0.08757012893314986,0.09313890032168026,1.340591072427754,2101913031.945343,0.0,0.0,0.0,0.0,-0.6190920307360297,0.13274336283185842,-0.6190920307360297,-0.5842765813352987,-0.06750179218881497,-0.5783004150925731,-1.2143802236171826,-1.53359775648956,,,,,,,,2026-10-02,False,max 6 positions in RISK_ON
IBM,No clean setup,False,16.554093495467093,,,False,True,weak momentum,222.63999938964844,208.94975299926557,6.149050677287861,243.17536897522274,263.71073856079704,3.9779,885.6396535720825,3252.5116277434727,199.99858827462646,1.0,9.757534883230418,0,No actionable pattern today.,Stop 208.9; to breakeven at +1.0R; trail 2.5×ATR from +1.0R; scale 1/2 at T1 (+1.5R); time-stop 15 bars if < +0.5R,,222.63999938964844,6.845123195191432,3.0745253386439297,41.56147086007203,44.747302929692985,13.655420669041348,-0.987908664519722,0.6744784719234238,-0.039102277418750275,-0.2513451065582174,-0.08975063760160729,-0.1702206826198106,1.0011826634056535,1377706366.6525269,0.0,0.0,0.0,0.0,-0.6358532830716433,0.12389380530973451,-0.6358532830716433,-0.8773248946629574,-1.1749545163863235,0.13676767226737602,0.18591306425455437,-0.7858547569370407,,,,,,,,2026-10-02,False,max 6 positions in RISK_ON
BA,No clean setup,False,16.39697951707545,,,False,True,no dominant factor,193.55999755859375,180.63133571347674,6.679407939754334,212.95299032626926,232.34598309394477,4.2122,815.3134217163087,2994.2385412531435,199.99740685964682,1.0,8.982715623759432,0,No actionable pattern today.,Stop 180.6; to breakeven at +1.0R; trail 2.5×ATR from +1.0R; scale 1/2 at T1 (+1.5R); time-stop 15 bars if < +0.5R,,193.55999755859375,6.464330922558503,3.339703969877167,41.20412676005549,78.558872026301,31.2455684139875,-0.8558241667698184,0.7609985960834555,-0.07329917133384334,-0.17472498038978157,-0.07040631820269028,-0.02941450706701043,1.939243084068421,1662729134.9617004,0.0,0.0,0.0,0.0,-0.640897795430135,0.11504424778761062,-0.640897795430135,-1.0300691767012056,-0.7795669103004297,0.14996320936180466,-0.7339700413373332,-0.6091015069929683,,,,,,,,2026-10-02,False,max 6 positions in RISK_ON
KWEB,No clean setup,False,15.511493097831849,,,False,True,weak momentum,23.860000610351562,23.007853670395104,3.571445591609743,25.138221020286252,26.41644143022094,57.0607,1361.4683368270873,4999.992466997478,178.5720105434007,1.0,14.999977400992437,0,No actionable pattern today.,Stop 23.01; to breakeven at +1.0R; trail 2.5×ATR from +1.0R; scale 1/2 at T1 (+1.5R); time-stop 15 bars if < +0.5R,size capped at 25% of capital,23.860000610351562,0.42607346997823003,1.7857227958048743,33.164905612214355,6.468954208645371,21.668100185435918,-2.3752424948952773,0.5837340506140433,-0.07159533455116673,-0.06760451472921836,-0.15058738053608112,-0.3575464842051018,1.0497496000659587,368479190.63676834,0.0,0.0,0.0,0.0,-0.6696973646068712,0.10619469026548672,-0.6696973646068712,-0.9032583462778477,-1.1619108792623427,-0.42907555234919,0.4103242533374374,-0.4129959509570699,,,,,,,,2026-10-02,False,max 6 positions in RISK_ON
XLU,No clean setup,False,15.304773858066813,,,False,True,no dominant factor,39.83000183105469,38.654601609175586,2.9510423495955367,41.59310216387334,43.35620249669199,34.182,1361.4691225891115,4999.995352708512,147.55198033623688,1.0,14.999986058125536,0,No actionable pattern today.,Stop 38.65; to breakeven at +1.0R; trail 2.5×ATR from +1.0R; scale 1/2 at T1 (+1.5R); time-stop 15 bars if < +0.5R,size capped at 25% of capital,39.83000183105469,0.5877001109395513,1.4755211747977697,35.381046434889996,77.33675026235363,34.35982113781199,-1.4425406150844788,0.8463440014209626,-0.05969369518491341,-0.11428548161233154,-0.12863460247965186,-0.010410881308877018,2.158142570060202,1197847882.8165245,0.0,0.0,0.0,0.0,-0.6765144469072164,0.09734513274336283,-0.6765144469072164,-1.0611490761741078,-0.5232564529933118,-0.3258297553148041,-0.9319227182800283,-0.5610089391740011,,,,,,,,2026-10-02,False,max 6 positions in RISK_ON
BKNG,No clean setup,False,13.719818807205563,,,False,True,distribution in volume,159.02000427246094,147.01512570341828,7.549288294869995,177.02732212602493,195.03463997958892,4.5363,721.3624453811645,2649.2035806623267,199.99601582221783,1.0,7.947610741986981,0,No actionable pattern today.,Stop 147; to breakeven at +1.0R; trail 2.5×ATR from +1.0R; scale 1/2 at T1 (+1.5R); time-stop 15 bars if < +0.5R,,159.02000427246094,6.0024392845213255,3.7746441474349948,30.46221278806121,11.516533824241591,32.87513017189713,-1.9067141681984507,0.7132396000243254,-0.20138256945434796,-0.11946061134060626,-0.04749067670023688,-0.061117065604964105,1.056327265293137,1523793865.8691406,0.0,0.0,0.0,0.0,-0.7300638880079684,0.08849557522123894,-0.7300638880079684,-0.9837767572666805,-0.7799053334032755,-0.43371912081584585,-0.2956054372448595,-0.9770101375535685,,,,,,,,2026-10-02,False,max 6 positions in RISK_ON
NEE,No clean setup,False,10.247652333825908,,,False,True,distribution in volume,76.83000183105469,74.07611392730226,3.584391303033012,80.96083368668333,85.09166554231197,17.7205,1361.4660474472046,4999.984059249859,179.21899377278893,1.0,14.999952177749579,0,No actionable pattern today.,Stop 74.08; to breakeven at +1.0R; trail 2.5×ATR from +1.0R; scale 1/2 at T1 (+1.5R); time-stop 15 bars if < +0.5R,size capped at 25% of capital,76.83000183105469,1.3355589392284655,1.7383299588685321,33.190297939917855,87.81446229135595,47.295819932271016,-1.5550907802189489,0.7896174742656916,-0.07545122452702568,-0.1147329050756396,-0.16291224148730088,0.08666853829230314,1.3378166683502,1004939149.1556549,0.0,0.0,0.0,0.0,-0.8568045789702632,0.07964601769911504,-0.8568045789702632,-1.2205963035099647,-0.615553986710747,-0.5014623859955804,-0.7737993120492873,-1.34836616692265,,,,,,,,2026-10-02,False,max 6 positions in RISK_ON
HD,No clean setup,False,10.236723950011172,,,False,True,weak momentum; distribution in volume,282.8500061035156,269.47758652327286,4.727742369342149,302.90863547387977,322.9672648442439,4.0724,1151.878364855957,4230.273294933502,199.99642290353734,1.0,12.690819884800508,0,No actionable pattern today.,Stop 269.5; to breakeven at +1.0R; trail 2.5×ATR from +1.0R; scale 1/2 at T1 (+1.5R); time-stop 15 bars if < +0.5R,,282.8500061035156,6.686209790121375,2.3638711846710727,26.515071591046492,15.428845841135285,32.59178770846993,-2.5129555726458217,0.7267833289516177,-0.10541459720521595,-0.18741079839681507,-0.10744770943047433,-0.18106433798566812,1.3724650106557985,1527906785.209961,0.0,0.0,0.0,0.0,-0.8572276421970602,0.07079646017699115,-0.8572276421970602,-1.0299748873959655,-0.9692914098839471,-0.670377844262327,0.02839134343074473,-1.3974674151119364,,,,,,,,2026-10-02,False,max 6 positions in RISK_ON
PEP,No clean setup,False,9.919065569852158,,,False,True,distribution in volume,125.88999938964844,121.46193368843565,3.517408628708671,132.5320979414676,139.1741964932868,10.8147,1361.462576399231,4999.971311826176,175.86942235513203,1.0,14.99991393547853,0,No actionable pattern today.,Stop 121.5; to breakeven at +1.0R; trail 2.5×ATR from +1.0R; scale 1/2 at T1 (+1.5R); time-stop 15 bars if < +0.5R,size capped at 25% of capital,125.88999938964844,2.2140328506063955,1.7587043143543368,26.050812532769257,23.262424128762376,28.02878250148331,-2.410714464108155,0.7564858683187374,-0.09454267931651983,-0.11204637323527555,-0.18111255891289413,0.01067736880757919,1.0180863028420972,1214527028.0843735,0.0,0.0,0.0,0.0,-0.8696002885842564,0.061946902654867256,-0.8696002885842564,-0.9808960230092906,-0.7271322426515879,-0.8704455322854125,-0.4778175868648906,-1.39369377073349,,,,,,,,2026-10-02,False,max 6 positions in RISK_ON
TLT,No clean setup,False,9.838751818937713,,,False,True,distribution in volume,77.4800033569336,75.85591763879654,2.096135322368588,79.91613193413917,82.35226051134475,17.5718,1361.4631229873658,4999.9733191711,104.80620685215054,1.0,14.999919957513303,0,No actionable pattern today.,Stop 75.86; to breakeven at +1.0R; trail 2.5×ATR from +1.0R; scale 1/2 at T1 (+1.5R); time-stop 15 bars if < +0.5R,size capped at 25% of capital,77.4800033569336,0.8120428590685238,1.0480676611842905,27.022280561647023,20.884985012591528,25.690510811573503,-2.7125545542010134,0.879122930429989,-0.050737582353322264,-0.08244917083988113,-0.08635149092060657,-0.04348384696010488,1.8541310235847182,3802131605.1558304,0.0,0.0,0.0,0.0,-0.872751888006644,0.05309734513274336,-0.872751888006644,-0.9455138687895422,-0.38815164800680363,-0.7120629888353958,-2.1824056067557214,-0.870108156448242,,,,,,,,2026-10-02,False,max 6 positions in RISK_ON
INTU,No clean setup,False,9.073223289578227,,,False,True,weak momentum; distribution in volume,281.0799865722656,255.91580318083857,8.952677029162071,318.8262616594062,356.5725367465468,2.1641,608.28519894104,2233.927393110969,199.99630457120486,1.0,6.701782179332908,0,No actionable pattern today.,Stop 255.9; to breakeven at +1.0R; trail 2.5×ATR from +1.0R; scale 1/2 at T1 (+1.5R); time-stop 15 bars if < +0.5R,,281.0799865722656,12.582091695713524,4.476338514581034,37.11816743325728,67.9948786096636,22.021587388948003,-1.3987573193145328,0.4116823717179135,-0.1803814528161084,0.03742578555436671,-0.32967822414487014,-0.4896355782306313,0.9506289319445006,1107955559.3736267,0.0,0.0,0.0,0.0,-0.9032870782298051,0.04424778761061947,-0.9032870782298051,-0.9489124722827224,-1.3807276108637532,0.002657414305652481,-0.4496236214982771,-1.4310151540738147,,,,,,,,2026-10-02,False,max 6 positions in RISK_ON
LOW,No clean setup,False,8.026530088255566,,,False,True,weak momentum; distribution in volume,180.8000030517578,171.8299507321292,4.961312039945461,194.25508153120074,207.71016001064368,6.0711,1097.654898527527,4031.1376148423424,199.9973158319434,1.0,12.093412844527029,0,No actionable pattern today.,Stop 171.8; to breakeven at +1.0R; trail 2.5×ATR from +1.0R; scale 1/2 at T1 (+1.5R); time-stop 15 bars if < +0.5R,,180.8000030517578,4.485026159814313,2.480656019972732,25.497365917917037,1.2568495197983651,27.56259497174647,-2.6068460719133584,0.6237309882438163,-0.09527618912652436,-0.18707045839108694,-0.2088014354798624,-0.1776062639174828,1.140828952247709,635000821.9524384,0.0,0.0,0.0,0.0,-0.9465944316751339,0.035398230088495575,-0.9465944316751339,-1.0755807814407825,-1.2430423255221101,-0.7529250719777569,0.27614779261818057,-1.460748261365776,,,,,,,,2026-10-02,False,max 6 positions in RISK_ON
NVO,No clean setup,False,7.334187819494673,,,False,True,weak momentum; distribution in volume,37.31999969482422,35.18829383174464,5.711966453673954,40.51755848944359,43.71511728406296,25.547,953.4140322036743,3501.413033267994,199.99953786483545,1.0,10.504239099803984,0,No actionable pattern today.,Stop 35.19; to breakeven at +1.0R; trail 2.5×ATR from +1.0R; scale 1/2 at T1 (+1.5R); time-stop 15 bars if < +0.5R,,37.31999969482422,1.0658529315397922,2.855983226836981,27.07603797603872,2.5754676590330803,33.15380203473146,-3.1977540045680493,0.6107088459146764,-0.20205261215409676,-0.23270630948984206,0.02208994905228634,-0.17010569844542311,0.9722386254289801,567133419.0462303,0.0,0.0,0.0,0.0,-0.9763283718378245,0.02654867256637168,-0.9763283718378245,-1.0371347038398722,-1.2023684733545654,-1.0532981643253811,0.42361602542902754,-1.5741051625773939,,,,,,,,2026-10-02,False,max 6 positions in RISK_ON
NFLX,No clean setup,False,6.951243119900276,,,False,True,weak momentum; distribution in volume,67.05999755859375,63.10416820323914,5.898940500106936,72.99374159162566,78.92748562465758,13.7667,923.1948683898926,3390.4331541618803,199.9996344599082,1.0,10.171299462485642,0,No actionable pattern today.,Stop 63.1; to breakeven at +1.0R; trail 2.5×ATR from +1.0R; scale 1/2 at T1 (+1.5R); time-stop 15 bars if < +0.5R,,67.05999755859375,1.9779146776773044,2.9494702500534675,31.05639503967032,6.694433850346357,25.83663917274907,-2.901226038739281,0.5370815091365146,-0.18941140048952432,-0.11786371323511335,-0.3202919615910341,-0.29344943253566447,1.1760206296413005,2612330058.6914825,0.0,0.0,0.0,0.0,-0.9931791850449181,0.017699115044247787,-0.9931791850449181,-0.9772927520920615,-1.4238436229216056,-0.8060932682190991,0.27938583000577394,-1.5014848465483321,,,,,,,,2026-10-02,False,max 6 positions in RISK_ON
MCD,No clean setup,False,4.09135006946828,,,False,True,weak momentum; distribution in volume,231.88999938964844,222.91571364461873,3.870061567402943,245.351428007193,258.81285662473755,5.8711,1361.449375416565,4999.922831217335,193.5000918907472,1.0,14.99976849365201,0,No actionable pattern today.,Stop 222.9; to breakeven at +1.0R; trail 2.5×ATR from +1.0R; scale 1/2 at T1 (+1.5R); time-stop 15 bars if < +0.5R,size capped at 25% of capital,231.88999938964844,4.487142872514845,1.9350307837014686,24.01601456289238,34.36109302872542,46.71111988622195,-2.6899043451153943,0.6918378497943029,-0.11136237385697967,-0.16444278694442727,-0.23447891257838493,-0.1093376631046673,1.10992251299454,1489251773.4804535,0.0,0.0,0.0,0.0,-1.129827114196664,0.008849557522123894,-1.129827114196664,-1.3470469415383473,-1.0455542715276605,-0.9567517973082892,-0.37122913900043736,-1.924280516714595,,,,,,,,2026-10-02,False,max 6 positions in RISK_ON
